BEGIN;
INSERT INTO "Exam" ("id", "type", "name", "description", "questionCount", "passingScore", "durationMinutes", "isActive", "createdAt", "updatedAt") VALUES ('003f2098-cb83-416f-a53e-ff07cacd3c9c', 'PD1', 'Platform Developer 1', 'Salesforce Platform Developer I exam prep', 60, 68, 105, true, now(), now());
INSERT INTO "Topic" ("id", "examId", "name", "slug", "description", "weight", "sortOrder", "isActive", "createdAt", "updatedAt") VALUES ('7e65de9e-a352-43b3-aa3c-a0534b7f2528', '003f2098-cb83-416f-a53e-ff07cacd3c9c', 'Salesforce Fundamentals', 'salesforce-fundamentals', NULL, 23, 1, true, now(), now());
INSERT INTO "Topic" ("id", "examId", "name", "slug", "description", "weight", "sortOrder", "isActive", "createdAt", "updatedAt") VALUES ('2dc2fbc8-8e5c-4755-9b57-300ef6b6a259', '003f2098-cb83-416f-a53e-ff07cacd3c9c', 'Data Modeling and Management', 'data-modeling-management', NULL, 22, 2, true, now(), now());
INSERT INTO "Topic" ("id", "examId", "name", "slug", "description", "weight", "sortOrder", "isActive", "createdAt", "updatedAt") VALUES ('eb9377c0-a248-43dd-9969-4f026170266c', '003f2098-cb83-416f-a53e-ff07cacd3c9c', 'Process Automation and Logic', 'process-automation-logic', NULL, 30, 3, true, now(), now());
INSERT INTO "Topic" ("id", "examId", "name", "slug", "description", "weight", "sortOrder", "isActive", "createdAt", "updatedAt") VALUES ('d3e530b9-c6c8-4aa8-aba2-614d52131a85', '003f2098-cb83-416f-a53e-ff07cacd3c9c', 'User Interface', 'user-interface', NULL, 25, 4, true, now(), now());
INSERT INTO "Question" ("id", "examId", "topicId", "content", "codeSnippet", "type", "difficulty", "explanation", "referenceUrl", "isPremium", "isActive", "createdAt", "updatedAt") VALUES ('3dca6c07-30dc-4303-a4cd-985102fd260c', '003f2098-cb83-416f-a53e-ff07cacd3c9c', '7e65de9e-a352-43b3-aa3c-a0534b7f2528', 'Which tool should a developer use to deploy metadata between Salesforce orgs?', NULL, 'SINGLE_CHOICE', 2, 'Change Sets are the built-in deployment mechanism for metadata between related orgs. Salesforce CLI is also valid for source-driven workflows, but Change Sets are the default in-platform tool.', 'https://developer.salesforce.com/docs/atlas.en-us.dev_lifecycle.meta/dev_lifecycle/deploying_change_sets.htm', false, true, now(), now());
INSERT INTO "Answer" ("id", "questionId", "content", "isCorrect", "sortOrder", "createdAt", "updatedAt") VALUES ('0e827544-cd10-468d-96dc-c707a5f3823d', '3dca6c07-30dc-4303-a4cd-985102fd260c', 'Change Sets', true, 0, now(), now());
INSERT INTO "Answer" ("id", "questionId", "content", "isCorrect", "sortOrder", "createdAt", "updatedAt") VALUES ('4b904047-0788-4b5e-8e1d-f10bb8929f1b', '3dca6c07-30dc-4303-a4cd-985102fd260c', 'Data Loader', false, 1, now(), now());
INSERT INTO "Answer" ("id", "questionId", "content", "isCorrect", "sortOrder", "createdAt", "updatedAt") VALUES ('6f6459ec-6139-4d8b-9874-cc6570e502a4', '3dca6c07-30dc-4303-a4cd-985102fd260c', 'Report Builder', false, 2, now(), now());
INSERT INTO "Answer" ("id", "questionId", "content", "isCorrect", "sortOrder", "createdAt", "updatedAt") VALUES ('2b410a5d-02d8-488f-a208-ce7b1bca69a7', '3dca6c07-30dc-4303-a4cd-985102fd260c', 'Schema Builder', false, 3, now(), now());
INSERT INTO "Question" ("id", "examId", "topicId", "content", "codeSnippet", "type", "difficulty", "explanation", "referenceUrl", "isPremium", "isActive", "createdAt", "updatedAt") VALUES ('74d72fe5-13a6-49e4-95e2-103a296cfe15', '003f2098-cb83-416f-a53e-ff07cacd3c9c', 'eb9377c0-a248-43dd-9969-4f026170266c', 'A developer needs to call Apex from a Lightning Web Component. Which annotation is required?', NULL, 'SINGLE_CHOICE', 3, 'Use @AuraEnabled on Apex methods to make them available to Lightning Web Components.', 'https://developer.salesforce.com/docs/component-library/documentation/en/lwc/lwc.apex', false, true, now(), now());
INSERT INTO "Answer" ("id", "questionId", "content", "isCorrect", "sortOrder", "createdAt", "updatedAt") VALUES ('d67fb47a-50a1-473a-9783-0fd9e7ee1bff', '74d72fe5-13a6-49e4-95e2-103a296cfe15', '@AuraEnabled', true, 0, now(), now());
INSERT INTO "Answer" ("id", "questionId", "content", "isCorrect", "sortOrder", "createdAt", "updatedAt") VALUES ('9db88de8-4890-4b72-9f88-6c5c3e218c72', '74d72fe5-13a6-49e4-95e2-103a296cfe15', '@InvocableMethod', false, 1, now(), now());
INSERT INTO "Answer" ("id", "questionId", "content", "isCorrect", "sortOrder", "createdAt", "updatedAt") VALUES ('a7c94e4c-4c95-426d-94c3-65e0f40a6ec4', '74d72fe5-13a6-49e4-95e2-103a296cfe15', '@RemoteAction', false, 2, now(), now());
INSERT INTO "Answer" ("id", "questionId", "content", "isCorrect", "sortOrder", "createdAt", "updatedAt") VALUES ('80bf65d6-12fc-41ab-994f-f96cada181f0', '74d72fe5-13a6-49e4-95e2-103a296cfe15', '@TestVisible', false, 3, now(), now());
INSERT INTO "Question" ("id", "examId", "topicId", "content", "codeSnippet", "type", "difficulty", "explanation", "referenceUrl", "isPremium", "isActive", "createdAt", "updatedAt") VALUES ('894cb7a6-87da-40fa-af32-9203cd2f6019', '003f2098-cb83-416f-a53e-ff07cacd3c9c', '2dc2fbc8-8e5c-4755-9b57-300ef6b6a259', 'A developer needs to display the total Billable_Hours__c from related Project__c records on each Account record. Which relationship type is required to create a roll-up summary field for this requirement? Choose 1 answer.', NULL, 'SINGLE_CHOICE', 2, 'Roll-up summary fields are available only on the master side of a master-detail relationship.', 'https://trailhead.salesforce.com/content/learn/modules/point_click_business_logic/roll_up_summary_fields', false, true, now(), now());
INSERT INTO "Answer" ("id", "questionId", "content", "isCorrect", "sortOrder", "createdAt", "updatedAt") VALUES ('4463562a-b3d0-4cb5-beaa-ddc604bd6a0c', '894cb7a6-87da-40fa-af32-9203cd2f6019', 'Lookup relationship', false, 0, now(), now());
INSERT INTO "Answer" ("id", "questionId", "content", "isCorrect", "sortOrder", "createdAt", "updatedAt") VALUES ('c77341f4-b91f-4faf-886e-809af4d6a0f5', '894cb7a6-87da-40fa-af32-9203cd2f6019', 'Master-Detail relationship', true, 1, now(), now());
INSERT INTO "Answer" ("id", "questionId", "content", "isCorrect", "sortOrder", "createdAt", "updatedAt") VALUES ('242f221e-c057-4f2e-8732-a78cffdce831', '894cb7a6-87da-40fa-af32-9203cd2f6019', 'External Lookup relationship', false, 2, now(), now());
INSERT INTO "Answer" ("id", "questionId", "content", "isCorrect", "sortOrder", "createdAt", "updatedAt") VALUES ('918c153b-6df6-4f4a-99bf-886cde0bd7ec', '894cb7a6-87da-40fa-af32-9203cd2f6019', 'Indirect Lookup relationship', false, 3, now(), now());
INSERT INTO "Question" ("id", "examId", "topicId", "content", "codeSnippet", "type", "difficulty", "explanation", "referenceUrl", "isPremium", "isActive", "createdAt", "updatedAt") VALUES ('a77b5aaf-34d6-406a-b710-281422b9d899', '003f2098-cb83-416f-a53e-ff07cacd3c9c', '2dc2fbc8-8e5c-4755-9b57-300ef6b6a259', 'A developer needs to display the total Inspection_Cost__c from related Inspection__c records on each Property__c record. Which relationship type is required to create a roll-up summary field for this requirement? Choose 1 answer.', NULL, 'SINGLE_CHOICE', 2, 'Roll-up summary fields are available only on the master side of a master-detail relationship.', 'https://trailhead.salesforce.com/content/learn/modules/point_click_business_logic/roll_up_summary_fields', false, true, now(), now());
INSERT INTO "Answer" ("id", "questionId", "content", "isCorrect", "sortOrder", "createdAt", "updatedAt") VALUES ('1b84b6ca-6200-44bb-960f-c41fe16fd4b7', 'a77b5aaf-34d6-406a-b710-281422b9d899', 'Lookup relationship', false, 0, now(), now());
INSERT INTO "Answer" ("id", "questionId", "content", "isCorrect", "sortOrder", "createdAt", "updatedAt") VALUES ('15e636ff-cd35-4b08-908e-6109709c5c5f', 'a77b5aaf-34d6-406a-b710-281422b9d899', 'Master-Detail relationship', true, 1, now(), now());
INSERT INTO "Answer" ("id", "questionId", "content", "isCorrect", "sortOrder", "createdAt", "updatedAt") VALUES ('2a0c12cb-b6ce-4b8a-bcd8-db56e85fc7db', 'a77b5aaf-34d6-406a-b710-281422b9d899', 'External Lookup relationship', false, 2, now(), now());
INSERT INTO "Answer" ("id", "questionId", "content", "isCorrect", "sortOrder", "createdAt", "updatedAt") VALUES ('ccaf9f9f-25e4-46d8-9488-2cb9506cfd76', 'a77b5aaf-34d6-406a-b710-281422b9d899', 'Indirect Lookup relationship', false, 3, now(), now());
INSERT INTO "Question" ("id", "examId", "topicId", "content", "codeSnippet", "type", "difficulty", "explanation", "referenceUrl", "isPremium", "isActive", "createdAt", "updatedAt") VALUES ('dc08ac88-55ae-4897-be54-541397cd103f', '003f2098-cb83-416f-a53e-ff07cacd3c9c', '2dc2fbc8-8e5c-4755-9b57-300ef6b6a259', 'A developer needs to display the total Credits__c from related Enrollment__c records on each Course__c record. Which relationship type is required to create a roll-up summary field for this requirement? Choose 1 answer.', NULL, 'SINGLE_CHOICE', 2, 'Roll-up summary fields are available only on the master side of a master-detail relationship.', 'https://trailhead.salesforce.com/content/learn/modules/point_click_business_logic/roll_up_summary_fields', false, true, now(), now());
INSERT INTO "Answer" ("id", "questionId", "content", "isCorrect", "sortOrder", "createdAt", "updatedAt") VALUES ('14111459-1953-46ff-a0e0-e8bba73b8643', 'dc08ac88-55ae-4897-be54-541397cd103f', 'Lookup relationship', false, 0, now(), now());
INSERT INTO "Answer" ("id", "questionId", "content", "isCorrect", "sortOrder", "createdAt", "updatedAt") VALUES ('542c6b8a-c6f8-47b8-a372-621c33380f85', 'dc08ac88-55ae-4897-be54-541397cd103f', 'Master-Detail relationship', true, 1, now(), now());
INSERT INTO "Answer" ("id", "questionId", "content", "isCorrect", "sortOrder", "createdAt", "updatedAt") VALUES ('e0c88805-d707-47e9-854a-af824be1c15d', 'dc08ac88-55ae-4897-be54-541397cd103f', 'External Lookup relationship', false, 2, now(), now());
INSERT INTO "Answer" ("id", "questionId", "content", "isCorrect", "sortOrder", "createdAt", "updatedAt") VALUES ('0b781ddb-aa95-4b31-a4d4-dac800936702', 'dc08ac88-55ae-4897-be54-541397cd103f', 'Indirect Lookup relationship', false, 3, now(), now());
INSERT INTO "Question" ("id", "examId", "topicId", "content", "codeSnippet", "type", "difficulty", "explanation", "referenceUrl", "isPremium", "isActive", "createdAt", "updatedAt") VALUES ('e6acae4b-592f-4871-84ad-33604da5dcc5', '003f2098-cb83-416f-a53e-ff07cacd3c9c', '2dc2fbc8-8e5c-4755-9b57-300ef6b6a259', 'A developer needs to display the total Amount__c from related Disbursement__c records on each Grant__c record. Which relationship type is required to create a roll-up summary field for this requirement? Choose 1 answer.', NULL, 'SINGLE_CHOICE', 2, 'Roll-up summary fields are available only on the master side of a master-detail relationship.', 'https://trailhead.salesforce.com/content/learn/modules/point_click_business_logic/roll_up_summary_fields', false, true, now(), now());
INSERT INTO "Answer" ("id", "questionId", "content", "isCorrect", "sortOrder", "createdAt", "updatedAt") VALUES ('8603b54b-5844-4c01-a284-5d92f2e7b459', 'e6acae4b-592f-4871-84ad-33604da5dcc5', 'Lookup relationship', false, 0, now(), now());
INSERT INTO "Answer" ("id", "questionId", "content", "isCorrect", "sortOrder", "createdAt", "updatedAt") VALUES ('ee20ed08-b53c-4e83-a41e-68d5ac22fc41', 'e6acae4b-592f-4871-84ad-33604da5dcc5', 'Master-Detail relationship', true, 1, now(), now());
INSERT INTO "Answer" ("id", "questionId", "content", "isCorrect", "sortOrder", "createdAt", "updatedAt") VALUES ('b47c0065-38dc-483a-9910-5b60933a9948', 'e6acae4b-592f-4871-84ad-33604da5dcc5', 'External Lookup relationship', false, 2, now(), now());
INSERT INTO "Answer" ("id", "questionId", "content", "isCorrect", "sortOrder", "createdAt", "updatedAt") VALUES ('c4af3587-b85d-44f4-9416-f9f763cfa237', 'e6acae4b-592f-4871-84ad-33604da5dcc5', 'Indirect Lookup relationship', false, 3, now(), now());
INSERT INTO "Question" ("id", "examId", "topicId", "content", "codeSnippet", "type", "difficulty", "explanation", "referenceUrl", "isPremium", "isActive", "createdAt", "updatedAt") VALUES ('30c6f9d5-a693-49d8-8ab4-34227c537b32', '003f2098-cb83-416f-a53e-ff07cacd3c9c', '2dc2fbc8-8e5c-4755-9b57-300ef6b6a259', 'A developer needs to display the total Donation_Amount__c from related Donation__c records on each Campaign__c record. Which relationship type is required to create a roll-up summary field for this requirement? Choose 1 answer.', NULL, 'SINGLE_CHOICE', 2, 'Roll-up summary fields are available only on the master side of a master-detail relationship.', 'https://trailhead.salesforce.com/content/learn/modules/point_click_business_logic/roll_up_summary_fields', false, true, now(), now());
INSERT INTO "Answer" ("id", "questionId", "content", "isCorrect", "sortOrder", "createdAt", "updatedAt") VALUES ('3bc9babc-cdcc-49d8-ba88-641cca269622', '30c6f9d5-a693-49d8-8ab4-34227c537b32', 'Lookup relationship', false, 0, now(), now());
INSERT INTO "Answer" ("id", "questionId", "content", "isCorrect", "sortOrder", "createdAt", "updatedAt") VALUES ('28212209-5987-4582-be62-3e9a06ec94df', '30c6f9d5-a693-49d8-8ab4-34227c537b32', 'Master-Detail relationship', true, 1, now(), now());
INSERT INTO "Answer" ("id", "questionId", "content", "isCorrect", "sortOrder", "createdAt", "updatedAt") VALUES ('058d0e47-c4ed-43d7-9589-89f2fe53dc63', '30c6f9d5-a693-49d8-8ab4-34227c537b32', 'External Lookup relationship', false, 2, now(), now());
INSERT INTO "Answer" ("id", "questionId", "content", "isCorrect", "sortOrder", "createdAt", "updatedAt") VALUES ('13ec9766-b110-453d-aa8d-0f352127d877', '30c6f9d5-a693-49d8-8ab4-34227c537b32', 'Indirect Lookup relationship', false, 3, now(), now());
INSERT INTO "Question" ("id", "examId", "topicId", "content", "codeSnippet", "type", "difficulty", "explanation", "referenceUrl", "isPremium", "isActive", "createdAt", "updatedAt") VALUES ('ebcc85cc-6bbc-48ac-a504-eb0bd80ff1dc', '003f2098-cb83-416f-a53e-ff07cacd3c9c', '2dc2fbc8-8e5c-4755-9b57-300ef6b6a259', 'The business wants to show the average Amount from related Opportunity records on the Account. Which configuration meets this requirement without code? Choose 1 answer.', NULL, 'SINGLE_CHOICE', 3, 'Roll-up summary fields support SUM/COUNT/MIN/MAX. To calculate an average, use SUM and COUNT roll-ups and divide them in a formula field on the parent.', 'https://trailhead.salesforce.com/content/learn/modules/point_click_business_logic/roll_up_summary_fields', false, true, now(), now());
INSERT INTO "Answer" ("id", "questionId", "content", "isCorrect", "sortOrder", "createdAt", "updatedAt") VALUES ('a22e5157-25e2-40b5-b96b-d3e01285577b', 'ebcc85cc-6bbc-48ac-a504-eb0bd80ff1dc', 'Create a roll-up summary field using the AVG roll-up type', false, 0, now(), now());
INSERT INTO "Answer" ("id", "questionId", "content", "isCorrect", "sortOrder", "createdAt", "updatedAt") VALUES ('220a984d-ac15-49ab-8e7e-6beac752192e', 'ebcc85cc-6bbc-48ac-a504-eb0bd80ff1dc', 'Create SUM and COUNT roll-up summary fields and divide them in a formula field', true, 1, now(), now());
INSERT INTO "Answer" ("id", "questionId", "content", "isCorrect", "sortOrder", "createdAt", "updatedAt") VALUES ('0e102edb-8bca-4bf6-b378-f9e8f71b394e', 'ebcc85cc-6bbc-48ac-a504-eb0bd80ff1dc', 'Create a formula field on the child to push the value to the parent', false, 2, now(), now());
INSERT INTO "Answer" ("id", "questionId", "content", "isCorrect", "sortOrder", "createdAt", "updatedAt") VALUES ('3a2c489a-d118-4ff8-a8c1-f98c61a09cb4', 'ebcc85cc-6bbc-48ac-a504-eb0bd80ff1dc', 'Use a workflow rule to update the parent', false, 3, now(), now());
INSERT INTO "Question" ("id", "examId", "topicId", "content", "codeSnippet", "type", "difficulty", "explanation", "referenceUrl", "isPremium", "isActive", "createdAt", "updatedAt") VALUES ('ac0933b1-c975-48db-8e76-5b94b81692ec', '003f2098-cb83-416f-a53e-ff07cacd3c9c', '2dc2fbc8-8e5c-4755-9b57-300ef6b6a259', 'The business wants to show the average Hours__c from related Task__c records on the Project__c. Which configuration meets this requirement without code? Choose 1 answer.', NULL, 'SINGLE_CHOICE', 3, 'Roll-up summary fields support SUM/COUNT/MIN/MAX. To calculate an average, use SUM and COUNT roll-ups and divide them in a formula field on the parent.', 'https://trailhead.salesforce.com/content/learn/modules/point_click_business_logic/roll_up_summary_fields', false, true, now(), now());
INSERT INTO "Answer" ("id", "questionId", "content", "isCorrect", "sortOrder", "createdAt", "updatedAt") VALUES ('856aa628-cb6b-4d6d-9e02-8bbbca9987ec', 'ac0933b1-c975-48db-8e76-5b94b81692ec', 'Create a roll-up summary field using the AVG roll-up type', false, 0, now(), now());
INSERT INTO "Answer" ("id", "questionId", "content", "isCorrect", "sortOrder", "createdAt", "updatedAt") VALUES ('16430bfa-4fcb-485e-beb2-87c5adb0de14', 'ac0933b1-c975-48db-8e76-5b94b81692ec', 'Create SUM and COUNT roll-up summary fields and divide them in a formula field', true, 1, now(), now());
INSERT INTO "Answer" ("id", "questionId", "content", "isCorrect", "sortOrder", "createdAt", "updatedAt") VALUES ('c1f4284a-eb69-4514-baba-ab949ae98bd6', 'ac0933b1-c975-48db-8e76-5b94b81692ec', 'Create a formula field on the child to push the value to the parent', false, 2, now(), now());
INSERT INTO "Answer" ("id", "questionId", "content", "isCorrect", "sortOrder", "createdAt", "updatedAt") VALUES ('d9a5f239-28e1-40ee-8811-3b003ff97d28', 'ac0933b1-c975-48db-8e76-5b94b81692ec', 'Use a workflow rule to update the parent', false, 3, now(), now());
INSERT INTO "Question" ("id", "examId", "topicId", "content", "codeSnippet", "type", "difficulty", "explanation", "referenceUrl", "isPremium", "isActive", "createdAt", "updatedAt") VALUES ('729b83df-a7a5-4905-8504-c527e8c5c7e3', '003f2098-cb83-416f-a53e-ff07cacd3c9c', '2dc2fbc8-8e5c-4755-9b57-300ef6b6a259', 'The business wants to show the average Score__c from related Enrollment__c records on the Course__c. Which configuration meets this requirement without code? Choose 1 answer.', NULL, 'SINGLE_CHOICE', 3, 'Roll-up summary fields support SUM/COUNT/MIN/MAX. To calculate an average, use SUM and COUNT roll-ups and divide them in a formula field on the parent.', 'https://trailhead.salesforce.com/content/learn/modules/point_click_business_logic/roll_up_summary_fields', false, true, now(), now());
INSERT INTO "Answer" ("id", "questionId", "content", "isCorrect", "sortOrder", "createdAt", "updatedAt") VALUES ('085fde9f-1458-442c-b242-a6b660e8194d', '729b83df-a7a5-4905-8504-c527e8c5c7e3', 'Create a roll-up summary field using the AVG roll-up type', false, 0, now(), now());
INSERT INTO "Answer" ("id", "questionId", "content", "isCorrect", "sortOrder", "createdAt", "updatedAt") VALUES ('e70a0f74-3ef3-4d68-bcfd-f3b241f9daaa', '729b83df-a7a5-4905-8504-c527e8c5c7e3', 'Create SUM and COUNT roll-up summary fields and divide them in a formula field', true, 1, now(), now());
INSERT INTO "Answer" ("id", "questionId", "content", "isCorrect", "sortOrder", "createdAt", "updatedAt") VALUES ('686ef217-571d-44e8-b057-ed4b606d3321', '729b83df-a7a5-4905-8504-c527e8c5c7e3', 'Create a formula field on the child to push the value to the parent', false, 2, now(), now());
INSERT INTO "Answer" ("id", "questionId", "content", "isCorrect", "sortOrder", "createdAt", "updatedAt") VALUES ('afad395a-cacb-42e8-8c1e-73c198a37f4a', '729b83df-a7a5-4905-8504-c527e8c5c7e3', 'Use a workflow rule to update the parent', false, 3, now(), now());
INSERT INTO "Question" ("id", "examId", "topicId", "content", "codeSnippet", "type", "difficulty", "explanation", "referenceUrl", "isPremium", "isActive", "createdAt", "updatedAt") VALUES ('c5954c90-6431-4237-8f3e-a0340e00ccf4', '003f2098-cb83-416f-a53e-ff07cacd3c9c', '2dc2fbc8-8e5c-4755-9b57-300ef6b6a259', 'The business wants to show the average Line_Total__c from related Invoice_Line__c records on the Invoice__c. Which configuration meets this requirement without code? Choose 1 answer.', NULL, 'SINGLE_CHOICE', 3, 'Roll-up summary fields support SUM/COUNT/MIN/MAX. To calculate an average, use SUM and COUNT roll-ups and divide them in a formula field on the parent.', 'https://trailhead.salesforce.com/content/learn/modules/point_click_business_logic/roll_up_summary_fields', false, true, now(), now());
INSERT INTO "Answer" ("id", "questionId", "content", "isCorrect", "sortOrder", "createdAt", "updatedAt") VALUES ('54b85665-e40e-4a35-84c3-a2a9f1ead034', 'c5954c90-6431-4237-8f3e-a0340e00ccf4', 'Create a roll-up summary field using the AVG roll-up type', false, 0, now(), now());
INSERT INTO "Answer" ("id", "questionId", "content", "isCorrect", "sortOrder", "createdAt", "updatedAt") VALUES ('6e122b22-35e7-45f4-a34a-e1b138399288', 'c5954c90-6431-4237-8f3e-a0340e00ccf4', 'Create SUM and COUNT roll-up summary fields and divide them in a formula field', true, 1, now(), now());
INSERT INTO "Answer" ("id", "questionId", "content", "isCorrect", "sortOrder", "createdAt", "updatedAt") VALUES ('87a37875-75ea-4f7d-a160-7b0993cf08a3', 'c5954c90-6431-4237-8f3e-a0340e00ccf4', 'Create a formula field on the child to push the value to the parent', false, 2, now(), now());
INSERT INTO "Answer" ("id", "questionId", "content", "isCorrect", "sortOrder", "createdAt", "updatedAt") VALUES ('3e6fc302-ae35-4466-9052-02e72eebc9ba', 'c5954c90-6431-4237-8f3e-a0340e00ccf4', 'Use a workflow rule to update the parent', false, 3, now(), now());
INSERT INTO "Question" ("id", "examId", "topicId", "content", "codeSnippet", "type", "difficulty", "explanation", "referenceUrl", "isPremium", "isActive", "createdAt", "updatedAt") VALUES ('f69659a9-3a1b-4842-a2d2-dda8bd29d1e1', '003f2098-cb83-416f-a53e-ff07cacd3c9c', '2dc2fbc8-8e5c-4755-9b57-300ef6b6a259', 'The business wants to show the average Offer_Amount__c from related Offer__c records on the Property__c. Which configuration meets this requirement without code? Choose 1 answer.', NULL, 'SINGLE_CHOICE', 3, 'Roll-up summary fields support SUM/COUNT/MIN/MAX. To calculate an average, use SUM and COUNT roll-ups and divide them in a formula field on the parent.', 'https://trailhead.salesforce.com/content/learn/modules/point_click_business_logic/roll_up_summary_fields', false, true, now(), now());
INSERT INTO "Answer" ("id", "questionId", "content", "isCorrect", "sortOrder", "createdAt", "updatedAt") VALUES ('7cb5c431-5fe7-48be-88a7-7becee8ef32b', 'f69659a9-3a1b-4842-a2d2-dda8bd29d1e1', 'Create a roll-up summary field using the AVG roll-up type', false, 0, now(), now());
INSERT INTO "Answer" ("id", "questionId", "content", "isCorrect", "sortOrder", "createdAt", "updatedAt") VALUES ('389bd0aa-c018-430f-8fed-22ac867d161b', 'f69659a9-3a1b-4842-a2d2-dda8bd29d1e1', 'Create SUM and COUNT roll-up summary fields and divide them in a formula field', true, 1, now(), now());
INSERT INTO "Answer" ("id", "questionId", "content", "isCorrect", "sortOrder", "createdAt", "updatedAt") VALUES ('2352cc43-9c24-4365-99c0-1c69852101f5', 'f69659a9-3a1b-4842-a2d2-dda8bd29d1e1', 'Create a formula field on the child to push the value to the parent', false, 2, now(), now());
INSERT INTO "Answer" ("id", "questionId", "content", "isCorrect", "sortOrder", "createdAt", "updatedAt") VALUES ('21046e23-11f9-4358-a8e3-f4368731e390', 'f69659a9-3a1b-4842-a2d2-dda8bd29d1e1', 'Use a workflow rule to update the parent', false, 3, now(), now());
INSERT INTO "Question" ("id", "examId", "topicId", "content", "codeSnippet", "type", "difficulty", "explanation", "referenceUrl", "isPremium", "isActive", "createdAt", "updatedAt") VALUES ('76dc37b5-3ac1-4ea3-9748-0f0d6feb6f67', '003f2098-cb83-416f-a53e-ff07cacd3c9c', '2dc2fbc8-8e5c-4755-9b57-300ef6b6a259', 'A company needs to relate Student__c and Course__c so each can be related to many of the other, and they must store Grade__c on the association. What should the developer build? Choose 1 answer.', NULL, 'SINGLE_CHOICE', 3, 'Many-to-many relationships are implemented with a junction object that has two master-detail relationships, allowing you to store additional fields on the relationship.', 'https://trailhead.salesforce.com/content/learn/modules/data_modeling', false, true, now(), now());
INSERT INTO "Answer" ("id", "questionId", "content", "isCorrect", "sortOrder", "createdAt", "updatedAt") VALUES ('8d074e75-7567-4a40-af66-d6a70b475f40', '76dc37b5-3ac1-4ea3-9748-0f0d6feb6f67', 'Two lookup fields on Student__c', false, 0, now(), now());
INSERT INTO "Answer" ("id", "questionId", "content", "isCorrect", "sortOrder", "createdAt", "updatedAt") VALUES ('d64d1733-44ca-49c8-bc0a-baf232253c96', '76dc37b5-3ac1-4ea3-9748-0f0d6feb6f67', 'A junction object with two master-detail relationships', true, 1, now(), now());
INSERT INTO "Answer" ("id", "questionId", "content", "isCorrect", "sortOrder", "createdAt", "updatedAt") VALUES ('d9ed5834-2bca-4767-bbe3-030a1755e1bb', '76dc37b5-3ac1-4ea3-9748-0f0d6feb6f67', 'A single master-detail relationship from Course__c to Student__c', false, 2, now(), now());
INSERT INTO "Answer" ("id", "questionId", "content", "isCorrect", "sortOrder", "createdAt", "updatedAt") VALUES ('3851753a-e54b-4cc2-87fc-ae4e58cc5b48', '76dc37b5-3ac1-4ea3-9748-0f0d6feb6f67', 'An external object with an indirect lookup', false, 3, now(), now());
INSERT INTO "Question" ("id", "examId", "topicId", "content", "codeSnippet", "type", "difficulty", "explanation", "referenceUrl", "isPremium", "isActive", "createdAt", "updatedAt") VALUES ('4aa6afe7-9e34-4e6a-aaba-019823218589', '003f2098-cb83-416f-a53e-ff07cacd3c9c', '2dc2fbc8-8e5c-4755-9b57-300ef6b6a259', 'A company needs to relate Project__c and Consultant__c so each can be related to many of the other, and they must store Hours__c on the association. What should the developer build? Choose 1 answer.', NULL, 'SINGLE_CHOICE', 3, 'Many-to-many relationships are implemented with a junction object that has two master-detail relationships, allowing you to store additional fields on the relationship.', 'https://trailhead.salesforce.com/content/learn/modules/data_modeling', false, true, now(), now());
INSERT INTO "Answer" ("id", "questionId", "content", "isCorrect", "sortOrder", "createdAt", "updatedAt") VALUES ('d8263a63-4c97-4786-bd32-e50408fb72f3', '4aa6afe7-9e34-4e6a-aaba-019823218589', 'Two lookup fields on Project__c', false, 0, now(), now());
INSERT INTO "Answer" ("id", "questionId", "content", "isCorrect", "sortOrder", "createdAt", "updatedAt") VALUES ('945a0a1a-98fd-4ba7-81b5-9749f82f6fdd', '4aa6afe7-9e34-4e6a-aaba-019823218589', 'A junction object with two master-detail relationships', true, 1, now(), now());
INSERT INTO "Answer" ("id", "questionId", "content", "isCorrect", "sortOrder", "createdAt", "updatedAt") VALUES ('83863c63-b699-430c-b8f1-4cd4f0934abd', '4aa6afe7-9e34-4e6a-aaba-019823218589', 'A single master-detail relationship from Consultant__c to Project__c', false, 2, now(), now());
INSERT INTO "Answer" ("id", "questionId", "content", "isCorrect", "sortOrder", "createdAt", "updatedAt") VALUES ('5bf00258-ae1e-43a5-9cf0-b3b04a2de768', '4aa6afe7-9e34-4e6a-aaba-019823218589', 'An external object with an indirect lookup', false, 3, now(), now());
INSERT INTO "Question" ("id", "examId", "topicId", "content", "codeSnippet", "type", "difficulty", "explanation", "referenceUrl", "isPremium", "isActive", "createdAt", "updatedAt") VALUES ('d3fcc249-c7c4-404b-8091-8d242e6419eb', '003f2098-cb83-416f-a53e-ff07cacd3c9c', '2dc2fbc8-8e5c-4755-9b57-300ef6b6a259', 'A company needs to relate Event__c and Speaker__c so each can be related to many of the other, and they must store Topic__c on the association. What should the developer build? Choose 1 answer.', NULL, 'SINGLE_CHOICE', 3, 'Many-to-many relationships are implemented with a junction object that has two master-detail relationships, allowing you to store additional fields on the relationship.', 'https://trailhead.salesforce.com/content/learn/modules/data_modeling', false, true, now(), now());
INSERT INTO "Answer" ("id", "questionId", "content", "isCorrect", "sortOrder", "createdAt", "updatedAt") VALUES ('0ef43eb1-5802-4f6f-8adf-88e2fab4da63', 'd3fcc249-c7c4-404b-8091-8d242e6419eb', 'Two lookup fields on Event__c', false, 0, now(), now());
INSERT INTO "Answer" ("id", "questionId", "content", "isCorrect", "sortOrder", "createdAt", "updatedAt") VALUES ('2bc38202-e5ad-43b4-930f-bec7e6d5662e', 'd3fcc249-c7c4-404b-8091-8d242e6419eb', 'A junction object with two master-detail relationships', true, 1, now(), now());
INSERT INTO "Answer" ("id", "questionId", "content", "isCorrect", "sortOrder", "createdAt", "updatedAt") VALUES ('5b9125c1-d9b3-4b44-8ecd-df2ec2bccdbb', 'd3fcc249-c7c4-404b-8091-8d242e6419eb', 'A single master-detail relationship from Speaker__c to Event__c', false, 2, now(), now());
INSERT INTO "Answer" ("id", "questionId", "content", "isCorrect", "sortOrder", "createdAt", "updatedAt") VALUES ('0a9c76ec-36ef-4c7b-b18f-b7f558e71f18', 'd3fcc249-c7c4-404b-8091-8d242e6419eb', 'An external object with an indirect lookup', false, 3, now(), now());
INSERT INTO "Question" ("id", "examId", "topicId", "content", "codeSnippet", "type", "difficulty", "explanation", "referenceUrl", "isPremium", "isActive", "createdAt", "updatedAt") VALUES ('666c8214-119e-49d3-961d-ff3d1d3625f5', '003f2098-cb83-416f-a53e-ff07cacd3c9c', '2dc2fbc8-8e5c-4755-9b57-300ef6b6a259', 'A company needs to relate Product__c and Promotion__c so each can be related to many of the other, and they must store Discount__c on the association. What should the developer build? Choose 1 answer.', NULL, 'SINGLE_CHOICE', 3, 'Many-to-many relationships are implemented with a junction object that has two master-detail relationships, allowing you to store additional fields on the relationship.', 'https://trailhead.salesforce.com/content/learn/modules/data_modeling', false, true, now(), now());
INSERT INTO "Answer" ("id", "questionId", "content", "isCorrect", "sortOrder", "createdAt", "updatedAt") VALUES ('f2839ecd-1823-4648-b6e4-7bbef7a82979', '666c8214-119e-49d3-961d-ff3d1d3625f5', 'Two lookup fields on Product__c', false, 0, now(), now());
INSERT INTO "Answer" ("id", "questionId", "content", "isCorrect", "sortOrder", "createdAt", "updatedAt") VALUES ('aedb8329-b489-4714-be43-664cd9c16e22', '666c8214-119e-49d3-961d-ff3d1d3625f5', 'A junction object with two master-detail relationships', true, 1, now(), now());
INSERT INTO "Answer" ("id", "questionId", "content", "isCorrect", "sortOrder", "createdAt", "updatedAt") VALUES ('515127ca-18f7-4348-9348-62f0f1e529d7', '666c8214-119e-49d3-961d-ff3d1d3625f5', 'A single master-detail relationship from Promotion__c to Product__c', false, 2, now(), now());
INSERT INTO "Answer" ("id", "questionId", "content", "isCorrect", "sortOrder", "createdAt", "updatedAt") VALUES ('f480a01c-e47b-4cd4-8eb3-3fbc5a07d095', '666c8214-119e-49d3-961d-ff3d1d3625f5', 'An external object with an indirect lookup', false, 3, now(), now());
INSERT INTO "Question" ("id", "examId", "topicId", "content", "codeSnippet", "type", "difficulty", "explanation", "referenceUrl", "isPremium", "isActive", "createdAt", "updatedAt") VALUES ('d0fd47a3-03a9-43da-b5f3-a4ffb03ee929', '003f2098-cb83-416f-a53e-ff07cacd3c9c', '2dc2fbc8-8e5c-4755-9b57-300ef6b6a259', 'A company needs to relate Vehicle__c and Driver__c so each can be related to many of the other, and they must store Start_Date__c on the association. What should the developer build? Choose 1 answer.', NULL, 'SINGLE_CHOICE', 3, 'Many-to-many relationships are implemented with a junction object that has two master-detail relationships, allowing you to store additional fields on the relationship.', 'https://trailhead.salesforce.com/content/learn/modules/data_modeling', false, true, now(), now());
INSERT INTO "Answer" ("id", "questionId", "content", "isCorrect", "sortOrder", "createdAt", "updatedAt") VALUES ('045c4e82-e76a-4843-82ac-f8065f0b0f19', 'd0fd47a3-03a9-43da-b5f3-a4ffb03ee929', 'Two lookup fields on Vehicle__c', false, 0, now(), now());
INSERT INTO "Answer" ("id", "questionId", "content", "isCorrect", "sortOrder", "createdAt", "updatedAt") VALUES ('debe5130-de55-4456-abc2-e72f298e93d5', 'd0fd47a3-03a9-43da-b5f3-a4ffb03ee929', 'A junction object with two master-detail relationships', true, 1, now(), now());
INSERT INTO "Answer" ("id", "questionId", "content", "isCorrect", "sortOrder", "createdAt", "updatedAt") VALUES ('f65e976f-93a0-4dfb-ac8b-49e740b7062f', 'd0fd47a3-03a9-43da-b5f3-a4ffb03ee929', 'A single master-detail relationship from Driver__c to Vehicle__c', false, 2, now(), now());
INSERT INTO "Answer" ("id", "questionId", "content", "isCorrect", "sortOrder", "createdAt", "updatedAt") VALUES ('7434b3d9-9dfc-4d3c-ac31-d960af83cab7', 'd0fd47a3-03a9-43da-b5f3-a4ffb03ee929', 'An external object with an indirect lookup', false, 3, now(), now());
INSERT INTO "Question" ("id", "examId", "topicId", "content", "codeSnippet", "type", "difficulty", "explanation", "referenceUrl", "isPremium", "isActive", "createdAt", "updatedAt") VALUES ('9986ec8d-0d82-4343-a652-22cda416af41', '003f2098-cb83-416f-a53e-ff07cacd3c9c', '2dc2fbc8-8e5c-4755-9b57-300ef6b6a259', 'Records from an ERP system are synced nightly into Account. The integration must upsert without creating duplicates. Which field should be created to match records? Choose 1 answer.', NULL, 'SINGLE_CHOICE', 3, 'Upsert operations can match existing records using an External ID field.', 'https://resources.docs.salesforce.com/latest/latest/en-us/sfdc/pdf/salesforce_data_loader.pdf', false, true, now(), now());
INSERT INTO "Answer" ("id", "questionId", "content", "isCorrect", "sortOrder", "createdAt", "updatedAt") VALUES ('0942f0f6-be8b-48fb-aa7f-49afc84670e2', '9986ec8d-0d82-4343-a652-22cda416af41', 'Auto Number', false, 0, now(), now());
INSERT INTO "Answer" ("id", "questionId", "content", "isCorrect", "sortOrder", "createdAt", "updatedAt") VALUES ('5ead1ada-26e8-4857-807a-2bd0c4efb6c9', '9986ec8d-0d82-4343-a652-22cda416af41', 'External ID', true, 1, now(), now());
INSERT INTO "Answer" ("id", "questionId", "content", "isCorrect", "sortOrder", "createdAt", "updatedAt") VALUES ('b110a5dc-141e-4492-98db-01c73a059c1b', '9986ec8d-0d82-4343-a652-22cda416af41', 'Formula (Text)', false, 2, now(), now());
INSERT INTO "Answer" ("id", "questionId", "content", "isCorrect", "sortOrder", "createdAt", "updatedAt") VALUES ('387a3fa0-ad54-4730-9542-cb823df2d66e', '9986ec8d-0d82-4343-a652-22cda416af41', 'Roll-Up Summary', false, 3, now(), now());
INSERT INTO "Question" ("id", "examId", "topicId", "content", "codeSnippet", "type", "difficulty", "explanation", "referenceUrl", "isPremium", "isActive", "createdAt", "updatedAt") VALUES ('0e7626ed-14c5-41b6-b302-3aefbc784211', '003f2098-cb83-416f-a53e-ff07cacd3c9c', '2dc2fbc8-8e5c-4755-9b57-300ef6b6a259', 'Records from an HR system are synced nightly into Employee__c. The integration must upsert without creating duplicates. Which field should be created to match records? Choose 1 answer.', NULL, 'SINGLE_CHOICE', 3, 'Upsert operations can match existing records using an External ID field.', 'https://resources.docs.salesforce.com/latest/latest/en-us/sfdc/pdf/salesforce_data_loader.pdf', false, true, now(), now());
INSERT INTO "Answer" ("id", "questionId", "content", "isCorrect", "sortOrder", "createdAt", "updatedAt") VALUES ('cfd7ce86-8623-4d0e-b577-4cffe1f3e351', '0e7626ed-14c5-41b6-b302-3aefbc784211', 'Auto Number', false, 0, now(), now());
INSERT INTO "Answer" ("id", "questionId", "content", "isCorrect", "sortOrder", "createdAt", "updatedAt") VALUES ('288d96df-7193-4a41-a3f1-428db40853ee', '0e7626ed-14c5-41b6-b302-3aefbc784211', 'External ID', true, 1, now(), now());
INSERT INTO "Answer" ("id", "questionId", "content", "isCorrect", "sortOrder", "createdAt", "updatedAt") VALUES ('38489b5d-9ed2-4b05-8294-2abb7a85ce8c', '0e7626ed-14c5-41b6-b302-3aefbc784211', 'Formula (Text)', false, 2, now(), now());
INSERT INTO "Answer" ("id", "questionId", "content", "isCorrect", "sortOrder", "createdAt", "updatedAt") VALUES ('7a439d04-d2e7-48d4-8202-34d4430e7cbb', '0e7626ed-14c5-41b6-b302-3aefbc784211', 'Roll-Up Summary', false, 3, now(), now());
INSERT INTO "Question" ("id", "examId", "topicId", "content", "codeSnippet", "type", "difficulty", "explanation", "referenceUrl", "isPremium", "isActive", "createdAt", "updatedAt") VALUES ('9257ce55-c90d-4a3f-809f-e7461df22a58', '003f2098-cb83-416f-a53e-ff07cacd3c9c', '2dc2fbc8-8e5c-4755-9b57-300ef6b6a259', 'Records from a point-of-sale system are synced nightly into Order__c. The integration must upsert without creating duplicates. Which field should be created to match records? Choose 1 answer.', NULL, 'SINGLE_CHOICE', 3, 'Upsert operations can match existing records using an External ID field.', 'https://resources.docs.salesforce.com/latest/latest/en-us/sfdc/pdf/salesforce_data_loader.pdf', false, true, now(), now());
INSERT INTO "Answer" ("id", "questionId", "content", "isCorrect", "sortOrder", "createdAt", "updatedAt") VALUES ('60f7be2f-33de-41dc-818b-7ebe0cf050bb', '9257ce55-c90d-4a3f-809f-e7461df22a58', 'Auto Number', false, 0, now(), now());
INSERT INTO "Answer" ("id", "questionId", "content", "isCorrect", "sortOrder", "createdAt", "updatedAt") VALUES ('0ae59a9d-44b4-4d4b-b836-087f7ccb565b', '9257ce55-c90d-4a3f-809f-e7461df22a58', 'External ID', true, 1, now(), now());
INSERT INTO "Answer" ("id", "questionId", "content", "isCorrect", "sortOrder", "createdAt", "updatedAt") VALUES ('3f8b9f12-460b-447a-8890-fde75ea1a630', '9257ce55-c90d-4a3f-809f-e7461df22a58', 'Formula (Text)', false, 2, now(), now());
INSERT INTO "Answer" ("id", "questionId", "content", "isCorrect", "sortOrder", "createdAt", "updatedAt") VALUES ('51a8028e-5577-41e7-8157-a356fcbcf851', '9257ce55-c90d-4a3f-809f-e7461df22a58', 'Roll-Up Summary', false, 3, now(), now());
INSERT INTO "Question" ("id", "examId", "topicId", "content", "codeSnippet", "type", "difficulty", "explanation", "referenceUrl", "isPremium", "isActive", "createdAt", "updatedAt") VALUES ('85080b6c-3814-4c88-9249-6afefac34bab', '003f2098-cb83-416f-a53e-ff07cacd3c9c', '2dc2fbc8-8e5c-4755-9b57-300ef6b6a259', 'Records from a learning system are synced nightly into Course__c. The integration must upsert without creating duplicates. Which field should be created to match records? Choose 1 answer.', NULL, 'SINGLE_CHOICE', 3, 'Upsert operations can match existing records using an External ID field.', 'https://resources.docs.salesforce.com/latest/latest/en-us/sfdc/pdf/salesforce_data_loader.pdf', false, true, now(), now());
INSERT INTO "Answer" ("id", "questionId", "content", "isCorrect", "sortOrder", "createdAt", "updatedAt") VALUES ('cf140d4e-25b1-496b-9a48-2754af205b93', '85080b6c-3814-4c88-9249-6afefac34bab', 'Auto Number', false, 0, now(), now());
INSERT INTO "Answer" ("id", "questionId", "content", "isCorrect", "sortOrder", "createdAt", "updatedAt") VALUES ('6a88438c-431d-44d8-a2e5-56d62412240c', '85080b6c-3814-4c88-9249-6afefac34bab', 'External ID', true, 1, now(), now());
INSERT INTO "Answer" ("id", "questionId", "content", "isCorrect", "sortOrder", "createdAt", "updatedAt") VALUES ('4421dba0-40b1-4bfc-a874-ec8f19984537', '85080b6c-3814-4c88-9249-6afefac34bab', 'Formula (Text)', false, 2, now(), now());
INSERT INTO "Answer" ("id", "questionId", "content", "isCorrect", "sortOrder", "createdAt", "updatedAt") VALUES ('686bb79a-c260-4b10-9977-ee3b78d3a20c', '85080b6c-3814-4c88-9249-6afefac34bab', 'Roll-Up Summary', false, 3, now(), now());
INSERT INTO "Question" ("id", "examId", "topicId", "content", "codeSnippet", "type", "difficulty", "explanation", "referenceUrl", "isPremium", "isActive", "createdAt", "updatedAt") VALUES ('888015bc-15d7-4a1d-b25e-46a3039e97c3', '003f2098-cb83-416f-a53e-ff07cacd3c9c', '2dc2fbc8-8e5c-4755-9b57-300ef6b6a259', 'Records from a legacy ticketing system are synced nightly into Case. The integration must upsert without creating duplicates. Which field should be created to match records? Choose 1 answer.', NULL, 'SINGLE_CHOICE', 3, 'Upsert operations can match existing records using an External ID field.', 'https://resources.docs.salesforce.com/latest/latest/en-us/sfdc/pdf/salesforce_data_loader.pdf', false, true, now(), now());
INSERT INTO "Answer" ("id", "questionId", "content", "isCorrect", "sortOrder", "createdAt", "updatedAt") VALUES ('5b25d8d5-3118-49c6-aa50-4d08a045bb71', '888015bc-15d7-4a1d-b25e-46a3039e97c3', 'Auto Number', false, 0, now(), now());
INSERT INTO "Answer" ("id", "questionId", "content", "isCorrect", "sortOrder", "createdAt", "updatedAt") VALUES ('6ec0cfdc-5c09-4cd8-bca2-e30155650d97', '888015bc-15d7-4a1d-b25e-46a3039e97c3', 'External ID', true, 1, now(), now());
INSERT INTO "Answer" ("id", "questionId", "content", "isCorrect", "sortOrder", "createdAt", "updatedAt") VALUES ('b46d41a2-efdb-41cb-9430-0793a46c07e2', '888015bc-15d7-4a1d-b25e-46a3039e97c3', 'Formula (Text)', false, 2, now(), now());
INSERT INTO "Answer" ("id", "questionId", "content", "isCorrect", "sortOrder", "createdAt", "updatedAt") VALUES ('f7d5a17c-2707-4560-a3a6-0febfc88c197', '888015bc-15d7-4a1d-b25e-46a3039e97c3', 'Roll-Up Summary', false, 3, now(), now());
INSERT INTO "Question" ("id", "examId", "topicId", "content", "codeSnippet", "type", "difficulty", "explanation", "referenceUrl", "isPremium", "isActive", "createdAt", "updatedAt") VALUES ('ab56a177-af3e-4a66-b4fe-c40609d24bc0', '003f2098-cb83-416f-a53e-ff07cacd3c9c', '2dc2fbc8-8e5c-4755-9b57-300ef6b6a259', 'An admin must load 200,000 Lead records and repeat the load every night. Which tool should be used? Choose 1 answer.', NULL, 'SINGLE_CHOICE', 2, 'Data Loader supports large data volumes and automated/batch operations.', 'https://resources.docs.salesforce.com/latest/latest/en-us/sfdc/pdf/salesforce_data_loader.pdf', false, true, now(), now());
INSERT INTO "Answer" ("id", "questionId", "content", "isCorrect", "sortOrder", "createdAt", "updatedAt") VALUES ('90424494-0c86-4e4a-94c1-faea0affb117', 'ab56a177-af3e-4a66-b4fe-c40609d24bc0', 'Data Import Wizard', false, 0, now(), now());
INSERT INTO "Answer" ("id", "questionId", "content", "isCorrect", "sortOrder", "createdAt", "updatedAt") VALUES ('3a3295ad-9ed4-4d6b-ba3d-52f49ea308f7', 'ab56a177-af3e-4a66-b4fe-c40609d24bc0', 'Data Loader', true, 1, now(), now());
INSERT INTO "Answer" ("id", "questionId", "content", "isCorrect", "sortOrder", "createdAt", "updatedAt") VALUES ('fc543e8d-268d-4b8c-b6d9-47abad84674a', 'ab56a177-af3e-4a66-b4fe-c40609d24bc0', 'Report Export', false, 2, now(), now());
INSERT INTO "Answer" ("id", "questionId", "content", "isCorrect", "sortOrder", "createdAt", "updatedAt") VALUES ('e71b9952-a9dd-454b-888b-b9f9a81610e6', 'ab56a177-af3e-4a66-b4fe-c40609d24bc0', 'Schema Builder', false, 3, now(), now());
INSERT INTO "Question" ("id", "examId", "topicId", "content", "codeSnippet", "type", "difficulty", "explanation", "referenceUrl", "isPremium", "isActive", "createdAt", "updatedAt") VALUES ('90519625-e68a-41a4-b72c-291c2898ce73', '003f2098-cb83-416f-a53e-ff07cacd3c9c', '2dc2fbc8-8e5c-4755-9b57-300ef6b6a259', 'An admin must load 750,000 Asset__c records and repeat the load as a scheduled job. Which tool should be used? Choose 1 answer.', NULL, 'SINGLE_CHOICE', 2, 'Data Loader supports large data volumes and automated/batch operations.', 'https://resources.docs.salesforce.com/latest/latest/en-us/sfdc/pdf/salesforce_data_loader.pdf', false, true, now(), now());
INSERT INTO "Answer" ("id", "questionId", "content", "isCorrect", "sortOrder", "createdAt", "updatedAt") VALUES ('24219e8b-fcd7-4fb7-920c-49f8d44f7ca2', '90519625-e68a-41a4-b72c-291c2898ce73', 'Data Import Wizard', false, 0, now(), now());
INSERT INTO "Answer" ("id", "questionId", "content", "isCorrect", "sortOrder", "createdAt", "updatedAt") VALUES ('b41b533c-dc80-43df-895e-0f5bbee51d91', '90519625-e68a-41a4-b72c-291c2898ce73', 'Data Loader', true, 1, now(), now());
INSERT INTO "Answer" ("id", "questionId", "content", "isCorrect", "sortOrder", "createdAt", "updatedAt") VALUES ('c9a5d41b-15da-4644-b30b-8c6515ce7953', '90519625-e68a-41a4-b72c-291c2898ce73', 'Report Export', false, 2, now(), now());
INSERT INTO "Answer" ("id", "questionId", "content", "isCorrect", "sortOrder", "createdAt", "updatedAt") VALUES ('4901aa41-4085-45ff-9852-b013cb043bc9', '90519625-e68a-41a4-b72c-291c2898ce73', 'Schema Builder', false, 3, now(), now());
INSERT INTO "Question" ("id", "examId", "topicId", "content", "codeSnippet", "type", "difficulty", "explanation", "referenceUrl", "isPremium", "isActive", "createdAt", "updatedAt") VALUES ('69fb48de-2590-4b56-bc15-5c87e8af5c23', '003f2098-cb83-416f-a53e-ff07cacd3c9c', '2dc2fbc8-8e5c-4755-9b57-300ef6b6a259', 'An admin must load 1.5 million OpportunityLineItem records and repeat the load each month. Which tool should be used? Choose 1 answer.', NULL, 'SINGLE_CHOICE', 2, 'Data Loader supports large data volumes and automated/batch operations.', 'https://resources.docs.salesforce.com/latest/latest/en-us/sfdc/pdf/salesforce_data_loader.pdf', false, true, now(), now());
INSERT INTO "Answer" ("id", "questionId", "content", "isCorrect", "sortOrder", "createdAt", "updatedAt") VALUES ('3d34674d-e0fc-4d95-9de6-449f45b1d130', '69fb48de-2590-4b56-bc15-5c87e8af5c23', 'Data Import Wizard', false, 0, now(), now());
INSERT INTO "Answer" ("id", "questionId", "content", "isCorrect", "sortOrder", "createdAt", "updatedAt") VALUES ('cdc0e104-6fe6-4061-8ca5-b6bb0173d966', '69fb48de-2590-4b56-bc15-5c87e8af5c23', 'Data Loader', true, 1, now(), now());
INSERT INTO "Answer" ("id", "questionId", "content", "isCorrect", "sortOrder", "createdAt", "updatedAt") VALUES ('3793873e-2d65-4bd1-aa59-f02bd8160d29', '69fb48de-2590-4b56-bc15-5c87e8af5c23', 'Report Export', false, 2, now(), now());
INSERT INTO "Answer" ("id", "questionId", "content", "isCorrect", "sortOrder", "createdAt", "updatedAt") VALUES ('cf039658-c36b-453d-87a3-952f0b361b7c', '69fb48de-2590-4b56-bc15-5c87e8af5c23', 'Schema Builder', false, 3, now(), now());
INSERT INTO "Question" ("id", "examId", "topicId", "content", "codeSnippet", "type", "difficulty", "explanation", "referenceUrl", "isPremium", "isActive", "createdAt", "updatedAt") VALUES ('253f13be-d735-40c7-beaf-8d17a03a38ba', '003f2098-cb83-416f-a53e-ff07cacd3c9c', '2dc2fbc8-8e5c-4755-9b57-300ef6b6a259', 'An admin must load 500,000 Contact records and repeat the load each week. Which tool should be used? Choose 1 answer.', NULL, 'SINGLE_CHOICE', 2, 'Data Loader supports large data volumes and automated/batch operations.', 'https://resources.docs.salesforce.com/latest/latest/en-us/sfdc/pdf/salesforce_data_loader.pdf', false, true, now(), now());
INSERT INTO "Answer" ("id", "questionId", "content", "isCorrect", "sortOrder", "createdAt", "updatedAt") VALUES ('4a1e32f9-1dc5-467f-a219-f5d15e3cdfb3', '253f13be-d735-40c7-beaf-8d17a03a38ba', 'Data Import Wizard', false, 0, now(), now());
INSERT INTO "Answer" ("id", "questionId", "content", "isCorrect", "sortOrder", "createdAt", "updatedAt") VALUES ('0c3e39af-6c77-4761-91ea-d65803001a53', '253f13be-d735-40c7-beaf-8d17a03a38ba', 'Data Loader', true, 1, now(), now());
INSERT INTO "Answer" ("id", "questionId", "content", "isCorrect", "sortOrder", "createdAt", "updatedAt") VALUES ('1151a2e4-7664-473d-9119-8664a880ac10', '253f13be-d735-40c7-beaf-8d17a03a38ba', 'Report Export', false, 2, now(), now());
INSERT INTO "Answer" ("id", "questionId", "content", "isCorrect", "sortOrder", "createdAt", "updatedAt") VALUES ('876cbe80-cd32-4ce9-9aa1-bc0a3fd6cedd', '253f13be-d735-40c7-beaf-8d17a03a38ba', 'Schema Builder', false, 3, now(), now());
INSERT INTO "Question" ("id", "examId", "topicId", "content", "codeSnippet", "type", "difficulty", "explanation", "referenceUrl", "isPremium", "isActive", "createdAt", "updatedAt") VALUES ('e9afa3aa-942c-4487-887a-94bc67e394c6', '003f2098-cb83-416f-a53e-ff07cacd3c9c', '2dc2fbc8-8e5c-4755-9b57-300ef6b6a259', 'An admin must load 250,000 Invoice__c records and repeat the load on a recurring schedule. Which tool should be used? Choose 1 answer.', NULL, 'SINGLE_CHOICE', 2, 'Data Loader supports large data volumes and automated/batch operations.', 'https://resources.docs.salesforce.com/latest/latest/en-us/sfdc/pdf/salesforce_data_loader.pdf', false, true, now(), now());
INSERT INTO "Answer" ("id", "questionId", "content", "isCorrect", "sortOrder", "createdAt", "updatedAt") VALUES ('950cca78-6171-499e-bda3-235126fcdfa6', 'e9afa3aa-942c-4487-887a-94bc67e394c6', 'Data Import Wizard', false, 0, now(), now());
INSERT INTO "Answer" ("id", "questionId", "content", "isCorrect", "sortOrder", "createdAt", "updatedAt") VALUES ('f5bbba51-b3b9-4225-9856-30e0afc3b6e3', 'e9afa3aa-942c-4487-887a-94bc67e394c6', 'Data Loader', true, 1, now(), now());
INSERT INTO "Answer" ("id", "questionId", "content", "isCorrect", "sortOrder", "createdAt", "updatedAt") VALUES ('536e50ee-ba51-4975-ab6a-5696278c160e', 'e9afa3aa-942c-4487-887a-94bc67e394c6', 'Report Export', false, 2, now(), now());
INSERT INTO "Answer" ("id", "questionId", "content", "isCorrect", "sortOrder", "createdAt", "updatedAt") VALUES ('1c1f65fe-4351-4bad-b77e-e7317afcd3dc', 'e9afa3aa-942c-4487-887a-94bc67e394c6', 'Schema Builder', false, 3, now(), now());
INSERT INTO "Question" ("id", "examId", "topicId", "content", "codeSnippet", "type", "difficulty", "explanation", "referenceUrl", "isPremium", "isActive", "createdAt", "updatedAt") VALUES ('ea97565f-d9e8-4b6b-945b-16a490725ec0', '003f2098-cb83-416f-a53e-ff07cacd3c9c', '2dc2fbc8-8e5c-4755-9b57-300ef6b6a259', 'Users need different Case page layouts and picklist values for Product Support versus Billing. Which feature supports this? Choose 1 answer.', NULL, 'SINGLE_CHOICE', 2, 'Record Types control page layouts, business processes, and picklist values by record type.', 'https://trailhead.salesforce.com/content/learn/projects/customize-a-salesforce-object/create-record-types', false, true, now(), now());
INSERT INTO "Answer" ("id", "questionId", "content", "isCorrect", "sortOrder", "createdAt", "updatedAt") VALUES ('9deebab3-97b6-43b6-843a-35f0831e642b', 'ea97565f-d9e8-4b6b-945b-16a490725ec0', 'Field history tracking', false, 0, now(), now());
INSERT INTO "Answer" ("id", "questionId", "content", "isCorrect", "sortOrder", "createdAt", "updatedAt") VALUES ('3540b65b-09a1-42ad-b0bd-bd05ef15718c', 'ea97565f-d9e8-4b6b-945b-16a490725ec0', 'Record Types', true, 1, now(), now());
INSERT INTO "Answer" ("id", "questionId", "content", "isCorrect", "sortOrder", "createdAt", "updatedAt") VALUES ('d22293c6-d19e-40c3-a753-017306c790f0', 'ea97565f-d9e8-4b6b-945b-16a490725ec0', 'Validation rules', false, 2, now(), now());
INSERT INTO "Answer" ("id", "questionId", "content", "isCorrect", "sortOrder", "createdAt", "updatedAt") VALUES ('29d6387e-3602-433f-bf62-9ad321518ef7', 'ea97565f-d9e8-4b6b-945b-16a490725ec0', 'Assignment rules', false, 3, now(), now());
INSERT INTO "Question" ("id", "examId", "topicId", "content", "codeSnippet", "type", "difficulty", "explanation", "referenceUrl", "isPremium", "isActive", "createdAt", "updatedAt") VALUES ('a855a45f-4ec3-4ef9-af8f-f42c86e1227b', '003f2098-cb83-416f-a53e-ff07cacd3c9c', '2dc2fbc8-8e5c-4755-9b57-300ef6b6a259', 'Users need different Account page layouts and picklist values for Customer versus Partner. Which feature supports this? Choose 1 answer.', NULL, 'SINGLE_CHOICE', 2, 'Record Types control page layouts, business processes, and picklist values by record type.', 'https://trailhead.salesforce.com/content/learn/projects/customize-a-salesforce-object/create-record-types', false, true, now(), now());
INSERT INTO "Answer" ("id", "questionId", "content", "isCorrect", "sortOrder", "createdAt", "updatedAt") VALUES ('66beebe5-2c21-486e-97da-31c9b4cba676', 'a855a45f-4ec3-4ef9-af8f-f42c86e1227b', 'Field history tracking', false, 0, now(), now());
INSERT INTO "Answer" ("id", "questionId", "content", "isCorrect", "sortOrder", "createdAt", "updatedAt") VALUES ('8fe76057-40b7-4259-b11c-729d6240cf77', 'a855a45f-4ec3-4ef9-af8f-f42c86e1227b', 'Record Types', true, 1, now(), now());
INSERT INTO "Answer" ("id", "questionId", "content", "isCorrect", "sortOrder", "createdAt", "updatedAt") VALUES ('68530df6-3e09-4a5c-909f-4400691cb471', 'a855a45f-4ec3-4ef9-af8f-f42c86e1227b', 'Validation rules', false, 2, now(), now());
INSERT INTO "Answer" ("id", "questionId", "content", "isCorrect", "sortOrder", "createdAt", "updatedAt") VALUES ('82055242-6bc9-474f-882d-d4d28df6769d', 'a855a45f-4ec3-4ef9-af8f-f42c86e1227b', 'Assignment rules', false, 3, now(), now());
INSERT INTO "Question" ("id", "examId", "topicId", "content", "codeSnippet", "type", "difficulty", "explanation", "referenceUrl", "isPremium", "isActive", "createdAt", "updatedAt") VALUES ('36e8d6eb-bebd-4895-a1d6-954af1946833', '003f2098-cb83-416f-a53e-ff07cacd3c9c', '2dc2fbc8-8e5c-4755-9b57-300ef6b6a259', 'Users need different Opportunity page layouts and picklist values for New Business versus Renewal. Which feature supports this? Choose 1 answer.', NULL, 'SINGLE_CHOICE', 2, 'Record Types control page layouts, business processes, and picklist values by record type.', 'https://trailhead.salesforce.com/content/learn/projects/customize-a-salesforce-object/create-record-types', false, true, now(), now());
INSERT INTO "Answer" ("id", "questionId", "content", "isCorrect", "sortOrder", "createdAt", "updatedAt") VALUES ('875f4fb7-8e11-4cd5-98e6-fb245f3f205f', '36e8d6eb-bebd-4895-a1d6-954af1946833', 'Field history tracking', false, 0, now(), now());
INSERT INTO "Answer" ("id", "questionId", "content", "isCorrect", "sortOrder", "createdAt", "updatedAt") VALUES ('65946152-d9de-4a9b-83ed-e7e4b43a92fa', '36e8d6eb-bebd-4895-a1d6-954af1946833', 'Record Types', true, 1, now(), now());
INSERT INTO "Answer" ("id", "questionId", "content", "isCorrect", "sortOrder", "createdAt", "updatedAt") VALUES ('73da6e69-fbd6-4ee1-98c3-bd4953daea90', '36e8d6eb-bebd-4895-a1d6-954af1946833', 'Validation rules', false, 2, now(), now());
INSERT INTO "Answer" ("id", "questionId", "content", "isCorrect", "sortOrder", "createdAt", "updatedAt") VALUES ('33eaad3d-4851-4097-8369-9bb58f871626', '36e8d6eb-bebd-4895-a1d6-954af1946833', 'Assignment rules', false, 3, now(), now());
INSERT INTO "Question" ("id", "examId", "topicId", "content", "codeSnippet", "type", "difficulty", "explanation", "referenceUrl", "isPremium", "isActive", "createdAt", "updatedAt") VALUES ('aa045da8-017c-4f9f-ac9a-ee1db88daba8', '003f2098-cb83-416f-a53e-ff07cacd3c9c', '2dc2fbc8-8e5c-4755-9b57-300ef6b6a259', 'Users need different Project__c page layouts and picklist values for Internal versus Client. Which feature supports this? Choose 1 answer.', NULL, 'SINGLE_CHOICE', 2, 'Record Types control page layouts, business processes, and picklist values by record type.', 'https://trailhead.salesforce.com/content/learn/projects/customize-a-salesforce-object/create-record-types', false, true, now(), now());
INSERT INTO "Answer" ("id", "questionId", "content", "isCorrect", "sortOrder", "createdAt", "updatedAt") VALUES ('b80ffb0b-c63b-42eb-9c67-1bea663473db', 'aa045da8-017c-4f9f-ac9a-ee1db88daba8', 'Field history tracking', false, 0, now(), now());
INSERT INTO "Answer" ("id", "questionId", "content", "isCorrect", "sortOrder", "createdAt", "updatedAt") VALUES ('d4dc931c-fd2e-4756-9b89-b85dfbe8c15c', 'aa045da8-017c-4f9f-ac9a-ee1db88daba8', 'Record Types', true, 1, now(), now());
INSERT INTO "Answer" ("id", "questionId", "content", "isCorrect", "sortOrder", "createdAt", "updatedAt") VALUES ('34a13001-4aa9-4165-bb0d-df13287fa06a', 'aa045da8-017c-4f9f-ac9a-ee1db88daba8', 'Validation rules', false, 2, now(), now());
INSERT INTO "Answer" ("id", "questionId", "content", "isCorrect", "sortOrder", "createdAt", "updatedAt") VALUES ('e7c563fa-acc0-4194-95e1-064510f76237', 'aa045da8-017c-4f9f-ac9a-ee1db88daba8', 'Assignment rules', false, 3, now(), now());
INSERT INTO "Question" ("id", "examId", "topicId", "content", "codeSnippet", "type", "difficulty", "explanation", "referenceUrl", "isPremium", "isActive", "createdAt", "updatedAt") VALUES ('c1977074-07ad-4f43-9231-f2828e7e5299', '003f2098-cb83-416f-a53e-ff07cacd3c9c', '2dc2fbc8-8e5c-4755-9b57-300ef6b6a259', 'Users need different Lead page layouts and picklist values for Consumer versus Business. Which feature supports this? Choose 1 answer.', NULL, 'SINGLE_CHOICE', 2, 'Record Types control page layouts, business processes, and picklist values by record type.', 'https://trailhead.salesforce.com/content/learn/projects/customize-a-salesforce-object/create-record-types', false, true, now(), now());
INSERT INTO "Answer" ("id", "questionId", "content", "isCorrect", "sortOrder", "createdAt", "updatedAt") VALUES ('1f8012d5-7ea1-4d81-9e6c-fe4420b4a739', 'c1977074-07ad-4f43-9231-f2828e7e5299', 'Field history tracking', false, 0, now(), now());
INSERT INTO "Answer" ("id", "questionId", "content", "isCorrect", "sortOrder", "createdAt", "updatedAt") VALUES ('fdad5577-3438-4c1f-8b05-4cdaf89ca0f0', 'c1977074-07ad-4f43-9231-f2828e7e5299', 'Record Types', true, 1, now(), now());
INSERT INTO "Answer" ("id", "questionId", "content", "isCorrect", "sortOrder", "createdAt", "updatedAt") VALUES ('55c67f34-7d76-487e-b9c2-a7e92e73103b', 'c1977074-07ad-4f43-9231-f2828e7e5299', 'Validation rules', false, 2, now(), now());
INSERT INTO "Answer" ("id", "questionId", "content", "isCorrect", "sortOrder", "createdAt", "updatedAt") VALUES ('fa30a8cc-68bd-40e9-84bf-17d93664ec45', 'c1977074-07ad-4f43-9231-f2828e7e5299', 'Assignment rules', false, 3, now(), now());
INSERT INTO "Question" ("id", "examId", "topicId", "content", "codeSnippet", "type", "difficulty", "explanation", "referenceUrl", "isPremium", "isActive", "createdAt", "updatedAt") VALUES ('402402f6-d1b3-49f1-99b6-1538e5088431', '003f2098-cb83-416f-a53e-ff07cacd3c9c', '2dc2fbc8-8e5c-4755-9b57-300ef6b6a259', 'A developer wants a visual way to view and edit the Recruiting data model, including adding fields and relationships to Position__c. Which tool should be used? Choose 1 answer.', NULL, 'SINGLE_CHOICE', 2, 'Schema Builder provides a visual canvas to design objects, fields, and relationships.', 'https://trailhead.salesforce.com/content/learn/modules/data_modeling/schema_builder', false, true, now(), now());
INSERT INTO "Answer" ("id", "questionId", "content", "isCorrect", "sortOrder", "createdAt", "updatedAt") VALUES ('eeac625d-c9e7-496b-88c0-84996e8b7121', '402402f6-d1b3-49f1-99b6-1538e5088431', 'Schema Builder', true, 0, now(), now());
INSERT INTO "Answer" ("id", "questionId", "content", "isCorrect", "sortOrder", "createdAt", "updatedAt") VALUES ('4b85460f-1583-4c17-9afc-453fc2f91692', '402402f6-d1b3-49f1-99b6-1538e5088431', 'Data Loader', false, 1, now(), now());
INSERT INTO "Answer" ("id", "questionId", "content", "isCorrect", "sortOrder", "createdAt", "updatedAt") VALUES ('1ce5704e-88d7-4815-80b8-c929283fa63c', '402402f6-d1b3-49f1-99b6-1538e5088431', 'Change Sets', false, 2, now(), now());
INSERT INTO "Answer" ("id", "questionId", "content", "isCorrect", "sortOrder", "createdAt", "updatedAt") VALUES ('e0ce3bcc-dbd0-4358-a38c-98e5147bf761', '402402f6-d1b3-49f1-99b6-1538e5088431', 'Debug Logs', false, 3, now(), now());
INSERT INTO "Question" ("id", "examId", "topicId", "content", "codeSnippet", "type", "difficulty", "explanation", "referenceUrl", "isPremium", "isActive", "createdAt", "updatedAt") VALUES ('e80c5b7b-d666-4830-a0db-954f89c3ee64', '003f2098-cb83-416f-a53e-ff07cacd3c9c', '2dc2fbc8-8e5c-4755-9b57-300ef6b6a259', 'A developer wants a visual way to view and edit the Property Management data model, including adding fields and relationships to Lease__c. Which tool should be used? Choose 1 answer.', NULL, 'SINGLE_CHOICE', 2, 'Schema Builder provides a visual canvas to design objects, fields, and relationships.', 'https://trailhead.salesforce.com/content/learn/modules/data_modeling/schema_builder', false, true, now(), now());
INSERT INTO "Answer" ("id", "questionId", "content", "isCorrect", "sortOrder", "createdAt", "updatedAt") VALUES ('92b62dd8-4527-439d-81ee-025e3121f039', 'e80c5b7b-d666-4830-a0db-954f89c3ee64', 'Schema Builder', true, 0, now(), now());
INSERT INTO "Answer" ("id", "questionId", "content", "isCorrect", "sortOrder", "createdAt", "updatedAt") VALUES ('041fb486-84e4-4907-903f-460ce5492e94', 'e80c5b7b-d666-4830-a0db-954f89c3ee64', 'Data Loader', false, 1, now(), now());
INSERT INTO "Answer" ("id", "questionId", "content", "isCorrect", "sortOrder", "createdAt", "updatedAt") VALUES ('0f91c853-0da9-470a-b210-4c84243f28e2', 'e80c5b7b-d666-4830-a0db-954f89c3ee64', 'Change Sets', false, 2, now(), now());
INSERT INTO "Answer" ("id", "questionId", "content", "isCorrect", "sortOrder", "createdAt", "updatedAt") VALUES ('6d99e161-334b-4c70-8c1e-d86a1a648037', 'e80c5b7b-d666-4830-a0db-954f89c3ee64', 'Debug Logs', false, 3, now(), now());
INSERT INTO "Question" ("id", "examId", "topicId", "content", "codeSnippet", "type", "difficulty", "explanation", "referenceUrl", "isPremium", "isActive", "createdAt", "updatedAt") VALUES ('6c613eaa-b799-4cca-aa12-f73aa692a55a', '003f2098-cb83-416f-a53e-ff07cacd3c9c', '2dc2fbc8-8e5c-4755-9b57-300ef6b6a259', 'A developer wants a visual way to view and edit the Nonprofit data model, including adding fields and relationships to Grant__c. Which tool should be used? Choose 1 answer.', NULL, 'SINGLE_CHOICE', 2, 'Schema Builder provides a visual canvas to design objects, fields, and relationships.', 'https://trailhead.salesforce.com/content/learn/modules/data_modeling/schema_builder', false, true, now(), now());
INSERT INTO "Answer" ("id", "questionId", "content", "isCorrect", "sortOrder", "createdAt", "updatedAt") VALUES ('33f65cba-182c-437b-b211-7d2bdc002654', '6c613eaa-b799-4cca-aa12-f73aa692a55a', 'Schema Builder', true, 0, now(), now());
INSERT INTO "Answer" ("id", "questionId", "content", "isCorrect", "sortOrder", "createdAt", "updatedAt") VALUES ('28d3cc4f-222f-47f8-bb88-e5a0a22bbec3', '6c613eaa-b799-4cca-aa12-f73aa692a55a', 'Data Loader', false, 1, now(), now());
INSERT INTO "Answer" ("id", "questionId", "content", "isCorrect", "sortOrder", "createdAt", "updatedAt") VALUES ('943e58c0-68ff-495e-8272-9f199e505866', '6c613eaa-b799-4cca-aa12-f73aa692a55a', 'Change Sets', false, 2, now(), now());
INSERT INTO "Answer" ("id", "questionId", "content", "isCorrect", "sortOrder", "createdAt", "updatedAt") VALUES ('3c3a5f69-d805-4c55-92db-c067a6812d26', '6c613eaa-b799-4cca-aa12-f73aa692a55a', 'Debug Logs', false, 3, now(), now());
INSERT INTO "Question" ("id", "examId", "topicId", "content", "codeSnippet", "type", "difficulty", "explanation", "referenceUrl", "isPremium", "isActive", "createdAt", "updatedAt") VALUES ('f7a1a43c-0ab4-4ec2-9e9a-82135330beb2', '003f2098-cb83-416f-a53e-ff07cacd3c9c', '2dc2fbc8-8e5c-4755-9b57-300ef6b6a259', 'A developer wants a visual way to view and edit the Healthcare data model, including adding fields and relationships to Appointment__c. Which tool should be used? Choose 1 answer.', NULL, 'SINGLE_CHOICE', 2, 'Schema Builder provides a visual canvas to design objects, fields, and relationships.', 'https://trailhead.salesforce.com/content/learn/modules/data_modeling/schema_builder', false, true, now(), now());
INSERT INTO "Answer" ("id", "questionId", "content", "isCorrect", "sortOrder", "createdAt", "updatedAt") VALUES ('94554253-065a-4052-85ae-e680d40fefda', 'f7a1a43c-0ab4-4ec2-9e9a-82135330beb2', 'Schema Builder', true, 0, now(), now());
INSERT INTO "Answer" ("id", "questionId", "content", "isCorrect", "sortOrder", "createdAt", "updatedAt") VALUES ('ce9348c5-8385-4e42-b882-7c25928b4bbd', 'f7a1a43c-0ab4-4ec2-9e9a-82135330beb2', 'Data Loader', false, 1, now(), now());
INSERT INTO "Answer" ("id", "questionId", "content", "isCorrect", "sortOrder", "createdAt", "updatedAt") VALUES ('27d307e7-9385-43a6-8134-10abaa15f8fb', 'f7a1a43c-0ab4-4ec2-9e9a-82135330beb2', 'Change Sets', false, 2, now(), now());
INSERT INTO "Answer" ("id", "questionId", "content", "isCorrect", "sortOrder", "createdAt", "updatedAt") VALUES ('75b08984-3971-4cce-a180-1b49a24da7f1', 'f7a1a43c-0ab4-4ec2-9e9a-82135330beb2', 'Debug Logs', false, 3, now(), now());
INSERT INTO "Question" ("id", "examId", "topicId", "content", "codeSnippet", "type", "difficulty", "explanation", "referenceUrl", "isPremium", "isActive", "createdAt", "updatedAt") VALUES ('53467d16-5970-4eae-ac01-9f7064f50ff1', '003f2098-cb83-416f-a53e-ff07cacd3c9c', '2dc2fbc8-8e5c-4755-9b57-300ef6b6a259', 'A developer wants a visual way to view and edit the Retail data model, including adding fields and relationships to Store__c. Which tool should be used? Choose 1 answer.', NULL, 'SINGLE_CHOICE', 2, 'Schema Builder provides a visual canvas to design objects, fields, and relationships.', 'https://trailhead.salesforce.com/content/learn/modules/data_modeling/schema_builder', false, true, now(), now());
INSERT INTO "Answer" ("id", "questionId", "content", "isCorrect", "sortOrder", "createdAt", "updatedAt") VALUES ('263f697e-2512-4410-a9bd-76a98c10394a', '53467d16-5970-4eae-ac01-9f7064f50ff1', 'Schema Builder', true, 0, now(), now());
INSERT INTO "Answer" ("id", "questionId", "content", "isCorrect", "sortOrder", "createdAt", "updatedAt") VALUES ('26d568d3-ae16-478e-a00b-1d8a96b3f8b8', '53467d16-5970-4eae-ac01-9f7064f50ff1', 'Data Loader', false, 1, now(), now());
INSERT INTO "Answer" ("id", "questionId", "content", "isCorrect", "sortOrder", "createdAt", "updatedAt") VALUES ('f1bb34f0-7367-473a-8636-388469ecf8bf', '53467d16-5970-4eae-ac01-9f7064f50ff1', 'Change Sets', false, 2, now(), now());
INSERT INTO "Answer" ("id", "questionId", "content", "isCorrect", "sortOrder", "createdAt", "updatedAt") VALUES ('070439c6-1cf6-4e7c-8038-9228cf3ddf41', '53467d16-5970-4eae-ac01-9f7064f50ff1', 'Debug Logs', false, 3, now(), now());
INSERT INTO "Question" ("id", "examId", "topicId", "content", "codeSnippet", "type", "difficulty", "explanation", "referenceUrl", "isPremium", "isActive", "createdAt", "updatedAt") VALUES ('3cac5e39-807f-4235-87f6-a3d4f1c10b4b', '003f2098-cb83-416f-a53e-ff07cacd3c9c', '2dc2fbc8-8e5c-4755-9b57-300ef6b6a259', 'A global search needs to find records containing ''Acme'' across Account, Contact, and Opportunity. Which query language should be used? Choose 1 answer.', NULL, 'SINGLE_CHOICE', 2, 'Use SOSL to search text across multiple objects.', 'https://resources.docs.salesforce.com/latest/latest/en-us/sfdc/pdf/salesforce_apex_developer_guide.pdf', false, true, now(), now());
INSERT INTO "Answer" ("id", "questionId", "content", "isCorrect", "sortOrder", "createdAt", "updatedAt") VALUES ('5f16c0d1-fb7d-4696-a3af-cc8d38335085', '3cac5e39-807f-4235-87f6-a3d4f1c10b4b', 'SOSL', true, 0, now(), now());
INSERT INTO "Answer" ("id", "questionId", "content", "isCorrect", "sortOrder", "createdAt", "updatedAt") VALUES ('5fbffb1a-784a-4c54-af88-097949629a3b', '3cac5e39-807f-4235-87f6-a3d4f1c10b4b', 'SOQL', false, 1, now(), now());
INSERT INTO "Answer" ("id", "questionId", "content", "isCorrect", "sortOrder", "createdAt", "updatedAt") VALUES ('e81e21cd-f54d-4693-a1c8-59421f253444', '3cac5e39-807f-4235-87f6-a3d4f1c10b4b', 'SQL', false, 2, now(), now());
INSERT INTO "Answer" ("id", "questionId", "content", "isCorrect", "sortOrder", "createdAt", "updatedAt") VALUES ('8648081d-2fce-43c4-9e72-65774c0ed93a', '3cac5e39-807f-4235-87f6-a3d4f1c10b4b', 'GraphQL', false, 3, now(), now());
INSERT INTO "Question" ("id", "examId", "topicId", "content", "codeSnippet", "type", "difficulty", "explanation", "referenceUrl", "isPremium", "isActive", "createdAt", "updatedAt") VALUES ('f7a8e518-2b72-45bc-969d-e9528d95f17f', '003f2098-cb83-416f-a53e-ff07cacd3c9c', '2dc2fbc8-8e5c-4755-9b57-300ef6b6a259', 'A global search needs to find records containing ''Contoso'' across Case and Knowledge. Which query language should be used? Choose 1 answer.', NULL, 'SINGLE_CHOICE', 2, 'Use SOSL to search text across multiple objects.', 'https://resources.docs.salesforce.com/latest/latest/en-us/sfdc/pdf/salesforce_apex_developer_guide.pdf', false, true, now(), now());
INSERT INTO "Answer" ("id", "questionId", "content", "isCorrect", "sortOrder", "createdAt", "updatedAt") VALUES ('aab028a6-11e1-429c-8abc-3dedea5ba4ff', 'f7a8e518-2b72-45bc-969d-e9528d95f17f', 'SOSL', true, 0, now(), now());
INSERT INTO "Answer" ("id", "questionId", "content", "isCorrect", "sortOrder", "createdAt", "updatedAt") VALUES ('10817dae-a7c0-4620-b085-789241bf539a', 'f7a8e518-2b72-45bc-969d-e9528d95f17f', 'SOQL', false, 1, now(), now());
INSERT INTO "Answer" ("id", "questionId", "content", "isCorrect", "sortOrder", "createdAt", "updatedAt") VALUES ('7f22afc1-d5dc-4224-b5ab-0373038a20ef', 'f7a8e518-2b72-45bc-969d-e9528d95f17f', 'SQL', false, 2, now(), now());
INSERT INTO "Answer" ("id", "questionId", "content", "isCorrect", "sortOrder", "createdAt", "updatedAt") VALUES ('eda90d43-3033-4d4e-a5c7-af06690378f9', 'f7a8e518-2b72-45bc-969d-e9528d95f17f', 'GraphQL', false, 3, now(), now());
INSERT INTO "Question" ("id", "examId", "topicId", "content", "codeSnippet", "type", "difficulty", "explanation", "referenceUrl", "isPremium", "isActive", "createdAt", "updatedAt") VALUES ('9185d2c0-f022-455b-8d94-da466bc72c2a', '003f2098-cb83-416f-a53e-ff07cacd3c9c', '2dc2fbc8-8e5c-4755-9b57-300ef6b6a259', 'A global search needs to find records containing ''Highlander'' across Lead and Account. Which query language should be used? Choose 1 answer.', NULL, 'SINGLE_CHOICE', 2, 'Use SOSL to search text across multiple objects.', 'https://resources.docs.salesforce.com/latest/latest/en-us/sfdc/pdf/salesforce_apex_developer_guide.pdf', false, true, now(), now());
INSERT INTO "Answer" ("id", "questionId", "content", "isCorrect", "sortOrder", "createdAt", "updatedAt") VALUES ('149e2f3e-9e8f-4da7-a0ec-eef0594f4229', '9185d2c0-f022-455b-8d94-da466bc72c2a', 'SOSL', true, 0, now(), now());
INSERT INTO "Answer" ("id", "questionId", "content", "isCorrect", "sortOrder", "createdAt", "updatedAt") VALUES ('467a0d6c-f193-4e02-87c0-84705c99b13c', '9185d2c0-f022-455b-8d94-da466bc72c2a', 'SOQL', false, 1, now(), now());
INSERT INTO "Answer" ("id", "questionId", "content", "isCorrect", "sortOrder", "createdAt", "updatedAt") VALUES ('f7c726e8-0369-4dc1-8188-b9be23382e39', '9185d2c0-f022-455b-8d94-da466bc72c2a', 'SQL', false, 2, now(), now());
INSERT INTO "Answer" ("id", "questionId", "content", "isCorrect", "sortOrder", "createdAt", "updatedAt") VALUES ('286f777f-5f93-41db-9fae-1ea294e31f75', '9185d2c0-f022-455b-8d94-da466bc72c2a', 'GraphQL', false, 3, now(), now());
INSERT INTO "Question" ("id", "examId", "topicId", "content", "codeSnippet", "type", "difficulty", "explanation", "referenceUrl", "isPremium", "isActive", "createdAt", "updatedAt") VALUES ('5948baeb-eed0-4cf0-bfaf-009970d05f9b', '003f2098-cb83-416f-a53e-ff07cacd3c9c', '2dc2fbc8-8e5c-4755-9b57-300ef6b6a259', 'A global search needs to find records containing ''Spring Promo'' across Campaign and Opportunity. Which query language should be used? Choose 1 answer.', NULL, 'SINGLE_CHOICE', 2, 'Use SOSL to search text across multiple objects.', 'https://resources.docs.salesforce.com/latest/latest/en-us/sfdc/pdf/salesforce_apex_developer_guide.pdf', false, true, now(), now());
INSERT INTO "Answer" ("id", "questionId", "content", "isCorrect", "sortOrder", "createdAt", "updatedAt") VALUES ('f39cd24f-c299-4c6e-8a7d-02512c303ed2', '5948baeb-eed0-4cf0-bfaf-009970d05f9b', 'SOSL', true, 0, now(), now());
INSERT INTO "Answer" ("id", "questionId", "content", "isCorrect", "sortOrder", "createdAt", "updatedAt") VALUES ('8bc8002e-b631-4c99-8481-98ec53617815', '5948baeb-eed0-4cf0-bfaf-009970d05f9b', 'SOQL', false, 1, now(), now());
INSERT INTO "Answer" ("id", "questionId", "content", "isCorrect", "sortOrder", "createdAt", "updatedAt") VALUES ('052e0dde-b133-4adb-8870-9bd964de127e', '5948baeb-eed0-4cf0-bfaf-009970d05f9b', 'SQL', false, 2, now(), now());
INSERT INTO "Answer" ("id", "questionId", "content", "isCorrect", "sortOrder", "createdAt", "updatedAt") VALUES ('f43c8465-8471-4770-90cb-2751fac0e34a', '5948baeb-eed0-4cf0-bfaf-009970d05f9b', 'GraphQL', false, 3, now(), now());
INSERT INTO "Question" ("id", "examId", "topicId", "content", "codeSnippet", "type", "difficulty", "explanation", "referenceUrl", "isPremium", "isActive", "createdAt", "updatedAt") VALUES ('0479adcc-d1c7-4aed-ac7d-13775e7b2b66', '003f2098-cb83-416f-a53e-ff07cacd3c9c', '2dc2fbc8-8e5c-4755-9b57-300ef6b6a259', 'A global search needs to find records containing ''Priority'' across Case, Task, and Custom_Object__c. Which query language should be used? Choose 1 answer.', NULL, 'SINGLE_CHOICE', 2, 'Use SOSL to search text across multiple objects.', 'https://resources.docs.salesforce.com/latest/latest/en-us/sfdc/pdf/salesforce_apex_developer_guide.pdf', false, true, now(), now());
INSERT INTO "Answer" ("id", "questionId", "content", "isCorrect", "sortOrder", "createdAt", "updatedAt") VALUES ('ec8c1fc7-13b0-4eeb-9e62-df8a3dcb3088', '0479adcc-d1c7-4aed-ac7d-13775e7b2b66', 'SOSL', true, 0, now(), now());
INSERT INTO "Answer" ("id", "questionId", "content", "isCorrect", "sortOrder", "createdAt", "updatedAt") VALUES ('2c8a3617-9fa4-43c1-8ad3-7bad2e85e24c', '0479adcc-d1c7-4aed-ac7d-13775e7b2b66', 'SOQL', false, 1, now(), now());
INSERT INTO "Answer" ("id", "questionId", "content", "isCorrect", "sortOrder", "createdAt", "updatedAt") VALUES ('3cd62b06-d959-4f7c-b7b3-acaf52c0dbf3', '0479adcc-d1c7-4aed-ac7d-13775e7b2b66', 'SQL', false, 2, now(), now());
INSERT INTO "Answer" ("id", "questionId", "content", "isCorrect", "sortOrder", "createdAt", "updatedAt") VALUES ('f98c9855-cf40-4f1c-b41a-e749391fe6d0', '0479adcc-d1c7-4aed-ac7d-13775e7b2b66', 'GraphQL', false, 3, now(), now());
INSERT INTO "Question" ("id", "examId", "topicId", "content", "codeSnippet", "type", "difficulty", "explanation", "referenceUrl", "isPremium", "isActive", "createdAt", "updatedAt") VALUES ('b82f59e6-59dc-4170-babc-34b61f346f78', '003f2098-cb83-416f-a53e-ff07cacd3c9c', '2dc2fbc8-8e5c-4755-9b57-300ef6b6a259', 'A developer needs to retrieve Account records along with their related Contacts in a single query. Which SOQL relationship query should be used? Choose 1 answer.', NULL, 'SINGLE_CHOICE', 3, 'Parent-to-child subqueries return related child records for each parent in a single SOQL query.', 'https://resources.docs.salesforce.com/latest/latest/en-us/sfdc/pdf/salesforce_apex_developer_guide.pdf', false, true, now(), now());
INSERT INTO "Answer" ("id", "questionId", "content", "isCorrect", "sortOrder", "createdAt", "updatedAt") VALUES ('eee30241-60ea-4314-b79e-e6feeef8a91e', 'b82f59e6-59dc-4170-babc-34b61f346f78', 'Parent-to-child subquery', true, 0, now(), now());
INSERT INTO "Answer" ("id", "questionId", "content", "isCorrect", "sortOrder", "createdAt", "updatedAt") VALUES ('42406ec1-6438-421a-8c9a-1189023ac69f', 'b82f59e6-59dc-4170-babc-34b61f346f78', 'Child-to-parent dot notation', false, 1, now(), now());
INSERT INTO "Answer" ("id", "questionId", "content", "isCorrect", "sortOrder", "createdAt", "updatedAt") VALUES ('0f751b6d-a15a-4e0f-9cad-905cf2249c26', 'b82f59e6-59dc-4170-babc-34b61f346f78', 'SOSL', false, 2, now(), now());
INSERT INTO "Answer" ("id", "questionId", "content", "isCorrect", "sortOrder", "createdAt", "updatedAt") VALUES ('9c01e00e-57bf-4c8e-90d3-7a6371e659fc', 'b82f59e6-59dc-4170-babc-34b61f346f78', 'Aggregate query only', false, 3, now(), now());
INSERT INTO "Question" ("id", "examId", "topicId", "content", "codeSnippet", "type", "difficulty", "explanation", "referenceUrl", "isPremium", "isActive", "createdAt", "updatedAt") VALUES ('e91c1c5e-a6ae-468b-867e-2354c1f389c5', '003f2098-cb83-416f-a53e-ff07cacd3c9c', '2dc2fbc8-8e5c-4755-9b57-300ef6b6a259', 'A developer needs to retrieve Opportunity records along with their related OpportunityLineItems in a single query. Which SOQL relationship query should be used? Choose 1 answer.', NULL, 'SINGLE_CHOICE', 3, 'Parent-to-child subqueries return related child records for each parent in a single SOQL query.', 'https://resources.docs.salesforce.com/latest/latest/en-us/sfdc/pdf/salesforce_apex_developer_guide.pdf', false, true, now(), now());
INSERT INTO "Answer" ("id", "questionId", "content", "isCorrect", "sortOrder", "createdAt", "updatedAt") VALUES ('93027614-60a9-4d42-abc8-cac1c25e31ff', 'e91c1c5e-a6ae-468b-867e-2354c1f389c5', 'Parent-to-child subquery', true, 0, now(), now());
INSERT INTO "Answer" ("id", "questionId", "content", "isCorrect", "sortOrder", "createdAt", "updatedAt") VALUES ('9af4dd1b-d4cc-4728-a24e-4e917d6c610f', 'e91c1c5e-a6ae-468b-867e-2354c1f389c5', 'Child-to-parent dot notation', false, 1, now(), now());
INSERT INTO "Answer" ("id", "questionId", "content", "isCorrect", "sortOrder", "createdAt", "updatedAt") VALUES ('5a679648-1379-4d23-a753-1a91a448bc7a', 'e91c1c5e-a6ae-468b-867e-2354c1f389c5', 'SOSL', false, 2, now(), now());
INSERT INTO "Answer" ("id", "questionId", "content", "isCorrect", "sortOrder", "createdAt", "updatedAt") VALUES ('3693bfb4-19e7-43c1-8656-6cbb157d035b', 'e91c1c5e-a6ae-468b-867e-2354c1f389c5', 'Aggregate query only', false, 3, now(), now());
INSERT INTO "Question" ("id", "examId", "topicId", "content", "codeSnippet", "type", "difficulty", "explanation", "referenceUrl", "isPremium", "isActive", "createdAt", "updatedAt") VALUES ('04653811-e59f-4d24-8b17-e42708a7975f', '003f2098-cb83-416f-a53e-ff07cacd3c9c', '2dc2fbc8-8e5c-4755-9b57-300ef6b6a259', 'A developer needs to retrieve Case records along with their related CaseComments in a single query. Which SOQL relationship query should be used? Choose 1 answer.', NULL, 'SINGLE_CHOICE', 3, 'Parent-to-child subqueries return related child records for each parent in a single SOQL query.', 'https://resources.docs.salesforce.com/latest/latest/en-us/sfdc/pdf/salesforce_apex_developer_guide.pdf', false, true, now(), now());
INSERT INTO "Answer" ("id", "questionId", "content", "isCorrect", "sortOrder", "createdAt", "updatedAt") VALUES ('e33d8f2c-f393-4baf-b28d-96db0daa3d11', '04653811-e59f-4d24-8b17-e42708a7975f', 'Parent-to-child subquery', true, 0, now(), now());
INSERT INTO "Answer" ("id", "questionId", "content", "isCorrect", "sortOrder", "createdAt", "updatedAt") VALUES ('31ddac73-5aff-42a2-a6c6-2b8e151b844c', '04653811-e59f-4d24-8b17-e42708a7975f', 'Child-to-parent dot notation', false, 1, now(), now());
INSERT INTO "Answer" ("id", "questionId", "content", "isCorrect", "sortOrder", "createdAt", "updatedAt") VALUES ('7c82327e-854c-4eb9-a6c3-f14c25c9625f', '04653811-e59f-4d24-8b17-e42708a7975f', 'SOSL', false, 2, now(), now());
INSERT INTO "Answer" ("id", "questionId", "content", "isCorrect", "sortOrder", "createdAt", "updatedAt") VALUES ('63813cb9-0083-496f-9dd7-2af1d64179e9', '04653811-e59f-4d24-8b17-e42708a7975f', 'Aggregate query only', false, 3, now(), now());
INSERT INTO "Question" ("id", "examId", "topicId", "content", "codeSnippet", "type", "difficulty", "explanation", "referenceUrl", "isPremium", "isActive", "createdAt", "updatedAt") VALUES ('67e6bce0-b519-4ab2-b4cd-0e557a123c18', '003f2098-cb83-416f-a53e-ff07cacd3c9c', '2dc2fbc8-8e5c-4755-9b57-300ef6b6a259', 'A developer needs to retrieve Campaign records along with their related CampaignMembers in a single query. Which SOQL relationship query should be used? Choose 1 answer.', NULL, 'SINGLE_CHOICE', 3, 'Parent-to-child subqueries return related child records for each parent in a single SOQL query.', 'https://resources.docs.salesforce.com/latest/latest/en-us/sfdc/pdf/salesforce_apex_developer_guide.pdf', false, true, now(), now());
INSERT INTO "Answer" ("id", "questionId", "content", "isCorrect", "sortOrder", "createdAt", "updatedAt") VALUES ('1ced823a-a135-42b7-9831-bbd9ceedc673', '67e6bce0-b519-4ab2-b4cd-0e557a123c18', 'Parent-to-child subquery', true, 0, now(), now());
INSERT INTO "Answer" ("id", "questionId", "content", "isCorrect", "sortOrder", "createdAt", "updatedAt") VALUES ('ba9a0e68-f56e-4177-a20c-57dcf4dcfdd9', '67e6bce0-b519-4ab2-b4cd-0e557a123c18', 'Child-to-parent dot notation', false, 1, now(), now());
INSERT INTO "Answer" ("id", "questionId", "content", "isCorrect", "sortOrder", "createdAt", "updatedAt") VALUES ('a9bc3faf-7826-4e95-9d25-c5503a7b61cb', '67e6bce0-b519-4ab2-b4cd-0e557a123c18', 'SOSL', false, 2, now(), now());
INSERT INTO "Answer" ("id", "questionId", "content", "isCorrect", "sortOrder", "createdAt", "updatedAt") VALUES ('3fd4b7d2-001c-4435-94a5-974a770cebf2', '67e6bce0-b519-4ab2-b4cd-0e557a123c18', 'Aggregate query only', false, 3, now(), now());
INSERT INTO "Question" ("id", "examId", "topicId", "content", "codeSnippet", "type", "difficulty", "explanation", "referenceUrl", "isPremium", "isActive", "createdAt", "updatedAt") VALUES ('9aae39d7-0a79-41ab-858d-4e140e50ef55', '003f2098-cb83-416f-a53e-ff07cacd3c9c', '2dc2fbc8-8e5c-4755-9b57-300ef6b6a259', 'A developer needs to retrieve Order records along with their related OrderItems in a single query. Which SOQL relationship query should be used? Choose 1 answer.', NULL, 'SINGLE_CHOICE', 3, 'Parent-to-child subqueries return related child records for each parent in a single SOQL query.', 'https://resources.docs.salesforce.com/latest/latest/en-us/sfdc/pdf/salesforce_apex_developer_guide.pdf', false, true, now(), now());
INSERT INTO "Answer" ("id", "questionId", "content", "isCorrect", "sortOrder", "createdAt", "updatedAt") VALUES ('e75030dd-2619-4201-a2f3-f334ec2ce6b9', '9aae39d7-0a79-41ab-858d-4e140e50ef55', 'Parent-to-child subquery', true, 0, now(), now());
INSERT INTO "Answer" ("id", "questionId", "content", "isCorrect", "sortOrder", "createdAt", "updatedAt") VALUES ('0cfeae26-2c9b-4e29-8d80-d80d2d27d675', '9aae39d7-0a79-41ab-858d-4e140e50ef55', 'Child-to-parent dot notation', false, 1, now(), now());
INSERT INTO "Answer" ("id", "questionId", "content", "isCorrect", "sortOrder", "createdAt", "updatedAt") VALUES ('503cdefd-3eb1-4563-8063-1c8d152648cd', '9aae39d7-0a79-41ab-858d-4e140e50ef55', 'SOSL', false, 2, now(), now());
INSERT INTO "Answer" ("id", "questionId", "content", "isCorrect", "sortOrder", "createdAt", "updatedAt") VALUES ('5e4e2f3e-c0f5-4ce0-ab0f-661c7840d4aa', '9aae39d7-0a79-41ab-858d-4e140e50ef55', 'Aggregate query only', false, 3, now(), now());
INSERT INTO "Question" ("id", "examId", "topicId", "content", "codeSnippet", "type", "difficulty", "explanation", "referenceUrl", "isPremium", "isActive", "createdAt", "updatedAt") VALUES ('74f0f993-7e73-479c-9598-cea37a9b6644', '003f2098-cb83-416f-a53e-ff07cacd3c9c', '2dc2fbc8-8e5c-4755-9b57-300ef6b6a259', 'Which Apex method can return a map of all sObject types in the org? Choose 1 answer.', NULL, 'SINGLE_CHOICE', 3, 'Schema.getGlobalDescribe() returns a map of all sObject names to sObject tokens.', 'https://resources.docs.salesforce.com/latest/latest/en-us/sfdc/pdf/salesforce_apex_developer_guide.pdf', false, true, now(), now());
INSERT INTO "Answer" ("id", "questionId", "content", "isCorrect", "sortOrder", "createdAt", "updatedAt") VALUES ('3b2c9be9-e99e-4db4-a400-32d6ce4d9878', '74f0f993-7e73-479c-9598-cea37a9b6644', 'Schema.getGlobalDescribe()', true, 0, now(), now());
INSERT INTO "Answer" ("id", "questionId", "content", "isCorrect", "sortOrder", "createdAt", "updatedAt") VALUES ('dba6051c-a866-4b01-9eb3-26851c2b3246', '74f0f993-7e73-479c-9598-cea37a9b6644', 'Schema.describeSObjects()', false, 1, now(), now());
INSERT INTO "Answer" ("id", "questionId", "content", "isCorrect", "sortOrder", "createdAt", "updatedAt") VALUES ('8dacfc5c-3a30-485c-b1d1-b110cd7c0690', '74f0f993-7e73-479c-9598-cea37a9b6644', 'SObject.getDescribe()', false, 2, now(), now());
INSERT INTO "Answer" ("id", "questionId", "content", "isCorrect", "sortOrder", "createdAt", "updatedAt") VALUES ('59260527-d8d4-49f9-9886-a83da52b8f49', '74f0f993-7e73-479c-9598-cea37a9b6644', 'Schema.getSObjects()', false, 3, now(), now());
INSERT INTO "Question" ("id", "examId", "topicId", "content", "codeSnippet", "type", "difficulty", "explanation", "referenceUrl", "isPremium", "isActive", "createdAt", "updatedAt") VALUES ('8d1a5c42-d822-4a50-b3c0-a05742c37166', '003f2098-cb83-416f-a53e-ff07cacd3c9c', '2dc2fbc8-8e5c-4755-9b57-300ef6b6a259', 'Which Apex method can get the full list of standard and custom objects available at runtime? Choose 1 answer.', NULL, 'SINGLE_CHOICE', 3, 'Schema.getGlobalDescribe() returns a map of all sObject names to sObject tokens.', 'https://resources.docs.salesforce.com/latest/latest/en-us/sfdc/pdf/salesforce_apex_developer_guide.pdf', false, true, now(), now());
INSERT INTO "Answer" ("id", "questionId", "content", "isCorrect", "sortOrder", "createdAt", "updatedAt") VALUES ('1851a184-4706-4bd5-b7fd-f87f1e9fba41', '8d1a5c42-d822-4a50-b3c0-a05742c37166', 'Schema.getGlobalDescribe()', true, 0, now(), now());
INSERT INTO "Answer" ("id", "questionId", "content", "isCorrect", "sortOrder", "createdAt", "updatedAt") VALUES ('123f3db1-2ba1-4134-b4b1-b8c9997ae328', '8d1a5c42-d822-4a50-b3c0-a05742c37166', 'Schema.describeSObjects()', false, 1, now(), now());
INSERT INTO "Answer" ("id", "questionId", "content", "isCorrect", "sortOrder", "createdAt", "updatedAt") VALUES ('57b37565-6731-4ee8-99af-c8d37c568da7', '8d1a5c42-d822-4a50-b3c0-a05742c37166', 'SObject.getDescribe()', false, 2, now(), now());
INSERT INTO "Answer" ("id", "questionId", "content", "isCorrect", "sortOrder", "createdAt", "updatedAt") VALUES ('245c145d-fc03-4518-afbd-038a0abf3fa2', '8d1a5c42-d822-4a50-b3c0-a05742c37166', 'Schema.getSObjects()', false, 3, now(), now());
INSERT INTO "Question" ("id", "examId", "topicId", "content", "codeSnippet", "type", "difficulty", "explanation", "referenceUrl", "isPremium", "isActive", "createdAt", "updatedAt") VALUES ('9b9b6c8f-c5b1-4bb4-acfc-233b85f1bc1d', '003f2098-cb83-416f-a53e-ff07cacd3c9c', '2dc2fbc8-8e5c-4755-9b57-300ef6b6a259', 'Which Apex method can retrieve all sObject tokens so a utility can build a dynamic picklist? Choose 1 answer.', NULL, 'SINGLE_CHOICE', 3, 'Schema.getGlobalDescribe() returns a map of all sObject names to sObject tokens.', 'https://resources.docs.salesforce.com/latest/latest/en-us/sfdc/pdf/salesforce_apex_developer_guide.pdf', false, true, now(), now());
INSERT INTO "Answer" ("id", "questionId", "content", "isCorrect", "sortOrder", "createdAt", "updatedAt") VALUES ('df53f6ea-1406-4742-a824-e1b51dfe120e', '9b9b6c8f-c5b1-4bb4-acfc-233b85f1bc1d', 'Schema.getGlobalDescribe()', true, 0, now(), now());
INSERT INTO "Answer" ("id", "questionId", "content", "isCorrect", "sortOrder", "createdAt", "updatedAt") VALUES ('37d1a968-0e28-445c-92a3-1c7b88cbeec5', '9b9b6c8f-c5b1-4bb4-acfc-233b85f1bc1d', 'Schema.describeSObjects()', false, 1, now(), now());
INSERT INTO "Answer" ("id", "questionId", "content", "isCorrect", "sortOrder", "createdAt", "updatedAt") VALUES ('9b8880b5-f7c7-4d3e-88a8-08dabc619053', '9b9b6c8f-c5b1-4bb4-acfc-233b85f1bc1d', 'SObject.getDescribe()', false, 2, now(), now());
INSERT INTO "Answer" ("id", "questionId", "content", "isCorrect", "sortOrder", "createdAt", "updatedAt") VALUES ('b13b639d-d2f4-4a31-8626-0b21364b7a21', '9b9b6c8f-c5b1-4bb4-acfc-233b85f1bc1d', 'Schema.getSObjects()', false, 3, now(), now());
INSERT INTO "Question" ("id", "examId", "topicId", "content", "codeSnippet", "type", "difficulty", "explanation", "referenceUrl", "isPremium", "isActive", "createdAt", "updatedAt") VALUES ('48e55ece-4378-4045-b018-8d19a8f94bab', '003f2098-cb83-416f-a53e-ff07cacd3c9c', '2dc2fbc8-8e5c-4755-9b57-300ef6b6a259', 'Which Apex method can discover all sObjects for a metadata audit utility? Choose 1 answer.', NULL, 'SINGLE_CHOICE', 3, 'Schema.getGlobalDescribe() returns a map of all sObject names to sObject tokens.', 'https://resources.docs.salesforce.com/latest/latest/en-us/sfdc/pdf/salesforce_apex_developer_guide.pdf', false, true, now(), now());
INSERT INTO "Answer" ("id", "questionId", "content", "isCorrect", "sortOrder", "createdAt", "updatedAt") VALUES ('cfbb982b-3867-4af6-ab45-e3cf72b01b27', '48e55ece-4378-4045-b018-8d19a8f94bab', 'Schema.getGlobalDescribe()', true, 0, now(), now());
INSERT INTO "Answer" ("id", "questionId", "content", "isCorrect", "sortOrder", "createdAt", "updatedAt") VALUES ('bec969f2-85df-4cf4-a2d3-994133c6a3a2', '48e55ece-4378-4045-b018-8d19a8f94bab', 'Schema.describeSObjects()', false, 1, now(), now());
INSERT INTO "Answer" ("id", "questionId", "content", "isCorrect", "sortOrder", "createdAt", "updatedAt") VALUES ('0e222c70-d263-457a-92d6-f60a2c5605b2', '48e55ece-4378-4045-b018-8d19a8f94bab', 'SObject.getDescribe()', false, 2, now(), now());
INSERT INTO "Answer" ("id", "questionId", "content", "isCorrect", "sortOrder", "createdAt", "updatedAt") VALUES ('8dc0d19f-1ed8-4b14-9dc8-4f011f9f6ae9', '48e55ece-4378-4045-b018-8d19a8f94bab', 'Schema.getSObjects()', false, 3, now(), now());
INSERT INTO "Question" ("id", "examId", "topicId", "content", "codeSnippet", "type", "difficulty", "explanation", "referenceUrl", "isPremium", "isActive", "createdAt", "updatedAt") VALUES ('19b0f4f2-3140-4899-a84d-3a7590e60b11', '003f2098-cb83-416f-a53e-ff07cacd3c9c', '2dc2fbc8-8e5c-4755-9b57-300ef6b6a259', 'Which Apex method can load all sObject names for a dynamic search screen? Choose 1 answer.', NULL, 'SINGLE_CHOICE', 3, 'Schema.getGlobalDescribe() returns a map of all sObject names to sObject tokens.', 'https://resources.docs.salesforce.com/latest/latest/en-us/sfdc/pdf/salesforce_apex_developer_guide.pdf', false, true, now(), now());
INSERT INTO "Answer" ("id", "questionId", "content", "isCorrect", "sortOrder", "createdAt", "updatedAt") VALUES ('257247b1-c97f-4176-9313-2de07caaaf12', '19b0f4f2-3140-4899-a84d-3a7590e60b11', 'Schema.getGlobalDescribe()', true, 0, now(), now());
INSERT INTO "Answer" ("id", "questionId", "content", "isCorrect", "sortOrder", "createdAt", "updatedAt") VALUES ('b6e93abc-eb25-4d00-99f3-7ddedda6af76', '19b0f4f2-3140-4899-a84d-3a7590e60b11', 'Schema.describeSObjects()', false, 1, now(), now());
INSERT INTO "Answer" ("id", "questionId", "content", "isCorrect", "sortOrder", "createdAt", "updatedAt") VALUES ('976a4259-e2b2-4458-9dc6-57a7215e7983', '19b0f4f2-3140-4899-a84d-3a7590e60b11', 'SObject.getDescribe()', false, 2, now(), now());
INSERT INTO "Answer" ("id", "questionId", "content", "isCorrect", "sortOrder", "createdAt", "updatedAt") VALUES ('192cbbf3-af25-4b92-bb8e-b7c7cd1bd0f3', '19b0f4f2-3140-4899-a84d-3a7590e60b11', 'Schema.getSObjects()', false, 3, now(), now());
INSERT INTO "Question" ("id", "examId", "topicId", "content", "codeSnippet", "type", "difficulty", "explanation", "referenceUrl", "isPremium", "isActive", "createdAt", "updatedAt") VALUES ('82f93c0e-3567-48c8-8a92-d3557e32f6f2', '003f2098-cb83-416f-a53e-ff07cacd3c9c', '2dc2fbc8-8e5c-4755-9b57-300ef6b6a259', 'A developer needs a read-only field Total_Price__c that calculates Quantity__c * Unit_Price__c on every record. Which field type should be used? Choose 1 answer.', NULL, 'SINGLE_CHOICE', 2, 'Formula fields calculate values at runtime and are read-only.', 'https://trailhead.salesforce.com/en/content/learn/modules/customize-a-salesforce-object', false, true, now(), now());
INSERT INTO "Answer" ("id", "questionId", "content", "isCorrect", "sortOrder", "createdAt", "updatedAt") VALUES ('439f63ac-061d-4afa-91b2-f5ee64d06012', '82f93c0e-3567-48c8-8a92-d3557e32f6f2', 'Formula field', true, 0, now(), now());
INSERT INTO "Answer" ("id", "questionId", "content", "isCorrect", "sortOrder", "createdAt", "updatedAt") VALUES ('50fa86cb-ba39-49c2-b753-ba7422648c18', '82f93c0e-3567-48c8-8a92-d3557e32f6f2', 'Roll-Up Summary field', false, 1, now(), now());
INSERT INTO "Answer" ("id", "questionId", "content", "isCorrect", "sortOrder", "createdAt", "updatedAt") VALUES ('65793999-b624-4e71-be12-8146daeb7890', '82f93c0e-3567-48c8-8a92-d3557e32f6f2', 'Auto Number field', false, 2, now(), now());
INSERT INTO "Answer" ("id", "questionId", "content", "isCorrect", "sortOrder", "createdAt", "updatedAt") VALUES ('e46fca32-b170-485a-bd7e-32718299a901', '82f93c0e-3567-48c8-8a92-d3557e32f6f2', 'Lookup field', false, 3, now(), now());
INSERT INTO "Question" ("id", "examId", "topicId", "content", "codeSnippet", "type", "difficulty", "explanation", "referenceUrl", "isPremium", "isActive", "createdAt", "updatedAt") VALUES ('e0ac0d63-651a-4c53-bfe5-86d47db67b91', '003f2098-cb83-416f-a53e-ff07cacd3c9c', '2dc2fbc8-8e5c-4755-9b57-300ef6b6a259', 'A developer needs a read-only field Score__c that calculates Correct__c / Total__c on every record. Which field type should be used? Choose 1 answer.', NULL, 'SINGLE_CHOICE', 2, 'Formula fields calculate values at runtime and are read-only.', 'https://trailhead.salesforce.com/en/content/learn/modules/customize-a-salesforce-object', false, true, now(), now());
INSERT INTO "Answer" ("id", "questionId", "content", "isCorrect", "sortOrder", "createdAt", "updatedAt") VALUES ('ee4e7dc1-17ef-47c6-ab36-a5a6d4b97a4d', 'e0ac0d63-651a-4c53-bfe5-86d47db67b91', 'Formula field', true, 0, now(), now());
INSERT INTO "Answer" ("id", "questionId", "content", "isCorrect", "sortOrder", "createdAt", "updatedAt") VALUES ('a6509501-6661-4128-846c-f5b7ac210c28', 'e0ac0d63-651a-4c53-bfe5-86d47db67b91', 'Roll-Up Summary field', false, 1, now(), now());
INSERT INTO "Answer" ("id", "questionId", "content", "isCorrect", "sortOrder", "createdAt", "updatedAt") VALUES ('ebea95f1-966f-4c09-aef9-c24d7cafcbd7', 'e0ac0d63-651a-4c53-bfe5-86d47db67b91', 'Auto Number field', false, 2, now(), now());
INSERT INTO "Answer" ("id", "questionId", "content", "isCorrect", "sortOrder", "createdAt", "updatedAt") VALUES ('4d630494-78f9-4a0c-9486-e2782926b0bf', 'e0ac0d63-651a-4c53-bfe5-86d47db67b91', 'Lookup field', false, 3, now(), now());
INSERT INTO "Question" ("id", "examId", "topicId", "content", "codeSnippet", "type", "difficulty", "explanation", "referenceUrl", "isPremium", "isActive", "createdAt", "updatedAt") VALUES ('5e135e75-f3e7-48a1-b091-0de19f3d7f4e', '003f2098-cb83-416f-a53e-ff07cacd3c9c', '2dc2fbc8-8e5c-4755-9b57-300ef6b6a259', 'A developer needs a read-only field Commission__c that calculates Amount__c * Commission_Rate__c on every record. Which field type should be used? Choose 1 answer.', NULL, 'SINGLE_CHOICE', 2, 'Formula fields calculate values at runtime and are read-only.', 'https://trailhead.salesforce.com/en/content/learn/modules/customize-a-salesforce-object', false, true, now(), now());
INSERT INTO "Answer" ("id", "questionId", "content", "isCorrect", "sortOrder", "createdAt", "updatedAt") VALUES ('5db3beec-d9d5-4ebf-b791-f80b921a6fbd', '5e135e75-f3e7-48a1-b091-0de19f3d7f4e', 'Formula field', true, 0, now(), now());
INSERT INTO "Answer" ("id", "questionId", "content", "isCorrect", "sortOrder", "createdAt", "updatedAt") VALUES ('b7800587-daa8-4468-b57b-363ba8ae4c24', '5e135e75-f3e7-48a1-b091-0de19f3d7f4e', 'Roll-Up Summary field', false, 1, now(), now());
INSERT INTO "Answer" ("id", "questionId", "content", "isCorrect", "sortOrder", "createdAt", "updatedAt") VALUES ('946b228a-a21e-4ac7-937e-be45298fdec4', '5e135e75-f3e7-48a1-b091-0de19f3d7f4e', 'Auto Number field', false, 2, now(), now());
INSERT INTO "Answer" ("id", "questionId", "content", "isCorrect", "sortOrder", "createdAt", "updatedAt") VALUES ('dfcf6d87-0f54-4369-9448-07dd28b1d414', '5e135e75-f3e7-48a1-b091-0de19f3d7f4e', 'Lookup field', false, 3, now(), now());
INSERT INTO "Question" ("id", "examId", "topicId", "content", "codeSnippet", "type", "difficulty", "explanation", "referenceUrl", "isPremium", "isActive", "createdAt", "updatedAt") VALUES ('981d6f3d-c776-458d-8457-d76261e02e74', '003f2098-cb83-416f-a53e-ff07cacd3c9c', '2dc2fbc8-8e5c-4755-9b57-300ef6b6a259', 'A developer needs a read-only field Margin__c that calculates Revenue__c - Cost__c on every record. Which field type should be used? Choose 1 answer.', NULL, 'SINGLE_CHOICE', 2, 'Formula fields calculate values at runtime and are read-only.', 'https://trailhead.salesforce.com/en/content/learn/modules/customize-a-salesforce-object', false, true, now(), now());
INSERT INTO "Answer" ("id", "questionId", "content", "isCorrect", "sortOrder", "createdAt", "updatedAt") VALUES ('50f786f9-b19c-4e71-8584-ee3da15af4fc', '981d6f3d-c776-458d-8457-d76261e02e74', 'Formula field', true, 0, now(), now());
INSERT INTO "Answer" ("id", "questionId", "content", "isCorrect", "sortOrder", "createdAt", "updatedAt") VALUES ('76af3f3a-a78d-49b5-97ef-64b8a3a6e700', '981d6f3d-c776-458d-8457-d76261e02e74', 'Roll-Up Summary field', false, 1, now(), now());
INSERT INTO "Answer" ("id", "questionId", "content", "isCorrect", "sortOrder", "createdAt", "updatedAt") VALUES ('68c959f7-2f5d-4656-9b52-8b3443f073e5', '981d6f3d-c776-458d-8457-d76261e02e74', 'Auto Number field', false, 2, now(), now());
INSERT INTO "Answer" ("id", "questionId", "content", "isCorrect", "sortOrder", "createdAt", "updatedAt") VALUES ('2ed01be3-c643-4686-9e28-1cbee717d768', '981d6f3d-c776-458d-8457-d76261e02e74', 'Lookup field', false, 3, now(), now());
INSERT INTO "Question" ("id", "examId", "topicId", "content", "codeSnippet", "type", "difficulty", "explanation", "referenceUrl", "isPremium", "isActive", "createdAt", "updatedAt") VALUES ('6d5182d9-0db5-459f-ab1c-cd03f11d8088', '003f2098-cb83-416f-a53e-ff07cacd3c9c', '2dc2fbc8-8e5c-4755-9b57-300ef6b6a259', 'A developer needs a read-only field Days_Open__c that calculates TODAY() - CreatedDate on every record. Which field type should be used? Choose 1 answer.', NULL, 'SINGLE_CHOICE', 2, 'Formula fields calculate values at runtime and are read-only.', 'https://trailhead.salesforce.com/en/content/learn/modules/customize-a-salesforce-object', false, true, now(), now());
INSERT INTO "Answer" ("id", "questionId", "content", "isCorrect", "sortOrder", "createdAt", "updatedAt") VALUES ('6555be1d-b0b0-4d53-ba30-01df65bbebca', '6d5182d9-0db5-459f-ab1c-cd03f11d8088', 'Formula field', true, 0, now(), now());
INSERT INTO "Answer" ("id", "questionId", "content", "isCorrect", "sortOrder", "createdAt", "updatedAt") VALUES ('046f8675-869e-43e0-ab9a-d42b4e3afc33', '6d5182d9-0db5-459f-ab1c-cd03f11d8088', 'Roll-Up Summary field', false, 1, now(), now());
INSERT INTO "Answer" ("id", "questionId", "content", "isCorrect", "sortOrder", "createdAt", "updatedAt") VALUES ('7cfd690e-6d68-4237-87a4-0f9e6262254d', '6d5182d9-0db5-459f-ab1c-cd03f11d8088', 'Auto Number field', false, 2, now(), now());
INSERT INTO "Answer" ("id", "questionId", "content", "isCorrect", "sortOrder", "createdAt", "updatedAt") VALUES ('ef5343d9-033c-420f-bcee-2991c64a132a', '6d5182d9-0db5-459f-ab1c-cd03f11d8088', 'Lookup field', false, 3, now(), now());
INSERT INTO "Question" ("id", "examId", "topicId", "content", "codeSnippet", "type", "difficulty", "explanation", "referenceUrl", "isPremium", "isActive", "createdAt", "updatedAt") VALUES ('0713dbea-3a83-4093-818f-a27902fb7df0', '003f2098-cb83-416f-a53e-ff07cacd3c9c', 'eb9377c0-a248-43dd-9969-4f026170266c', 'When a Opportunity record''s Stage changes to Closed Won, a Commission__c record should be created automatically. No complex logic is required. Which tool should be used? Choose 1 answer.', NULL, 'SINGLE_CHOICE', 2, 'Record-triggered flows are the declarative way to create or update records when data changes.', 'https://trailhead.salesforce.com/content/learn/modules/record-triggered-flows/get-started-with-triggered-flows', false, true, now(), now());
INSERT INTO "Answer" ("id", "questionId", "content", "isCorrect", "sortOrder", "createdAt", "updatedAt") VALUES ('e3d17f8a-b940-4bb7-b376-dcab13e83569', '0713dbea-3a83-4093-818f-a27902fb7df0', 'Record-triggered flow', true, 0, now(), now());
INSERT INTO "Answer" ("id", "questionId", "content", "isCorrect", "sortOrder", "createdAt", "updatedAt") VALUES ('8da2d034-67b4-41d4-b21a-0178c6273350', '0713dbea-3a83-4093-818f-a27902fb7df0', 'Validation rule', false, 1, now(), now());
INSERT INTO "Answer" ("id", "questionId", "content", "isCorrect", "sortOrder", "createdAt", "updatedAt") VALUES ('b1b8af14-0ea7-49f2-b030-4c4f10cf00ab', '0713dbea-3a83-4093-818f-a27902fb7df0', 'Approval process', false, 2, now(), now());
INSERT INTO "Answer" ("id", "questionId", "content", "isCorrect", "sortOrder", "createdAt", "updatedAt") VALUES ('dfbfff6f-6d91-4fae-a45d-5c5c2360ae01', '0713dbea-3a83-4093-818f-a27902fb7df0', 'Data Loader', false, 3, now(), now());
INSERT INTO "Question" ("id", "examId", "topicId", "content", "codeSnippet", "type", "difficulty", "explanation", "referenceUrl", "isPremium", "isActive", "createdAt", "updatedAt") VALUES ('0490c928-e05e-48b4-b05e-bfa20b21e841', '003f2098-cb83-416f-a53e-ff07cacd3c9c', 'eb9377c0-a248-43dd-9969-4f026170266c', 'When a Case record''s Status changes to Escalated, a Escalation__c record should be created automatically. No complex logic is required. Which tool should be used? Choose 1 answer.', NULL, 'SINGLE_CHOICE', 2, 'Record-triggered flows are the declarative way to create or update records when data changes.', 'https://trailhead.salesforce.com/content/learn/modules/record-triggered-flows/get-started-with-triggered-flows', false, true, now(), now());
INSERT INTO "Answer" ("id", "questionId", "content", "isCorrect", "sortOrder", "createdAt", "updatedAt") VALUES ('238885c0-7594-4c22-8970-47993c0360e8', '0490c928-e05e-48b4-b05e-bfa20b21e841', 'Record-triggered flow', true, 0, now(), now());
INSERT INTO "Answer" ("id", "questionId", "content", "isCorrect", "sortOrder", "createdAt", "updatedAt") VALUES ('9ef5af1d-50e6-48b6-9cf4-0f6e06f7001f', '0490c928-e05e-48b4-b05e-bfa20b21e841', 'Validation rule', false, 1, now(), now());
INSERT INTO "Answer" ("id", "questionId", "content", "isCorrect", "sortOrder", "createdAt", "updatedAt") VALUES ('12323d22-9856-4a20-a3c6-daadfff3c4be', '0490c928-e05e-48b4-b05e-bfa20b21e841', 'Approval process', false, 2, now(), now());
INSERT INTO "Answer" ("id", "questionId", "content", "isCorrect", "sortOrder", "createdAt", "updatedAt") VALUES ('939f1b0f-2af5-4089-bc09-4c0badd0e6c8', '0490c928-e05e-48b4-b05e-bfa20b21e841', 'Data Loader', false, 3, now(), now());
INSERT INTO "Question" ("id", "examId", "topicId", "content", "codeSnippet", "type", "difficulty", "explanation", "referenceUrl", "isPremium", "isActive", "createdAt", "updatedAt") VALUES ('b3e4a4ec-2984-45c9-adbd-0d7239451332', '003f2098-cb83-416f-a53e-ff07cacd3c9c', 'eb9377c0-a248-43dd-9969-4f026170266c', 'When a Account record''s Type changes to Customer, a Onboarding__c record should be created automatically. No complex logic is required. Which tool should be used? Choose 1 answer.', NULL, 'SINGLE_CHOICE', 2, 'Record-triggered flows are the declarative way to create or update records when data changes.', 'https://trailhead.salesforce.com/content/learn/modules/record-triggered-flows/get-started-with-triggered-flows', false, true, now(), now());
INSERT INTO "Answer" ("id", "questionId", "content", "isCorrect", "sortOrder", "createdAt", "updatedAt") VALUES ('cf3daea8-5a1e-4946-bd05-b4a860bd7ffa', 'b3e4a4ec-2984-45c9-adbd-0d7239451332', 'Record-triggered flow', true, 0, now(), now());
INSERT INTO "Answer" ("id", "questionId", "content", "isCorrect", "sortOrder", "createdAt", "updatedAt") VALUES ('ecc3397f-2120-424c-a776-352c03f7a3d3', 'b3e4a4ec-2984-45c9-adbd-0d7239451332', 'Validation rule', false, 1, now(), now());
INSERT INTO "Answer" ("id", "questionId", "content", "isCorrect", "sortOrder", "createdAt", "updatedAt") VALUES ('df3f9759-e673-432d-bc25-21b58df168a2', 'b3e4a4ec-2984-45c9-adbd-0d7239451332', 'Approval process', false, 2, now(), now());
INSERT INTO "Answer" ("id", "questionId", "content", "isCorrect", "sortOrder", "createdAt", "updatedAt") VALUES ('6f5f8438-e686-4f30-af67-07310872b090', 'b3e4a4ec-2984-45c9-adbd-0d7239451332', 'Data Loader', false, 3, now(), now());
INSERT INTO "Question" ("id", "examId", "topicId", "content", "codeSnippet", "type", "difficulty", "explanation", "referenceUrl", "isPremium", "isActive", "createdAt", "updatedAt") VALUES ('870dc229-ee72-45ca-a071-49e5b5e57c8b', '003f2098-cb83-416f-a53e-ff07cacd3c9c', 'eb9377c0-a248-43dd-9969-4f026170266c', 'When a Order__c record''s Status changes to Activated, a Fulfillment__c record should be created automatically. No complex logic is required. Which tool should be used? Choose 1 answer.', NULL, 'SINGLE_CHOICE', 2, 'Record-triggered flows are the declarative way to create or update records when data changes.', 'https://trailhead.salesforce.com/content/learn/modules/record-triggered-flows/get-started-with-triggered-flows', false, true, now(), now());
INSERT INTO "Answer" ("id", "questionId", "content", "isCorrect", "sortOrder", "createdAt", "updatedAt") VALUES ('479f4786-e73a-42bd-afa6-607bbb6421a8', '870dc229-ee72-45ca-a071-49e5b5e57c8b', 'Record-triggered flow', true, 0, now(), now());
INSERT INTO "Answer" ("id", "questionId", "content", "isCorrect", "sortOrder", "createdAt", "updatedAt") VALUES ('16160a7f-14cf-4af8-aa9f-90f6cdb91699', '870dc229-ee72-45ca-a071-49e5b5e57c8b', 'Validation rule', false, 1, now(), now());
INSERT INTO "Answer" ("id", "questionId", "content", "isCorrect", "sortOrder", "createdAt", "updatedAt") VALUES ('02746150-e8bf-4c23-853e-ff97c122505e', '870dc229-ee72-45ca-a071-49e5b5e57c8b', 'Approval process', false, 2, now(), now());
INSERT INTO "Answer" ("id", "questionId", "content", "isCorrect", "sortOrder", "createdAt", "updatedAt") VALUES ('dbc80cf7-5c61-4dd0-a662-f7046024f335', '870dc229-ee72-45ca-a071-49e5b5e57c8b', 'Data Loader', false, 3, now(), now());
INSERT INTO "Question" ("id", "examId", "topicId", "content", "codeSnippet", "type", "difficulty", "explanation", "referenceUrl", "isPremium", "isActive", "createdAt", "updatedAt") VALUES ('de3e52c9-9d9b-409e-8758-8ac87e7c448a', '003f2098-cb83-416f-a53e-ff07cacd3c9c', 'eb9377c0-a248-43dd-9969-4f026170266c', 'When a Project__c record''s Status changes to Approved, a Kickoff_Task__c record should be created automatically. No complex logic is required. Which tool should be used? Choose 1 answer.', NULL, 'SINGLE_CHOICE', 2, 'Record-triggered flows are the declarative way to create or update records when data changes.', 'https://trailhead.salesforce.com/content/learn/modules/record-triggered-flows/get-started-with-triggered-flows', false, true, now(), now());
INSERT INTO "Answer" ("id", "questionId", "content", "isCorrect", "sortOrder", "createdAt", "updatedAt") VALUES ('93b6aba6-3ae2-4816-a10f-d6ace878f9a7', 'de3e52c9-9d9b-409e-8758-8ac87e7c448a', 'Record-triggered flow', true, 0, now(), now());
INSERT INTO "Answer" ("id", "questionId", "content", "isCorrect", "sortOrder", "createdAt", "updatedAt") VALUES ('a9b2e068-77fa-4072-bbb7-3a8282f7f0f0', 'de3e52c9-9d9b-409e-8758-8ac87e7c448a', 'Validation rule', false, 1, now(), now());
INSERT INTO "Answer" ("id", "questionId", "content", "isCorrect", "sortOrder", "createdAt", "updatedAt") VALUES ('70a41541-f8c9-4e63-b012-1e351aea5e4a', 'de3e52c9-9d9b-409e-8758-8ac87e7c448a', 'Approval process', false, 2, now(), now());
INSERT INTO "Answer" ("id", "questionId", "content", "isCorrect", "sortOrder", "createdAt", "updatedAt") VALUES ('82630f3e-0c32-49ff-87cf-a66a9b1efd2a', 'de3e52c9-9d9b-409e-8758-8ac87e7c448a', 'Data Loader', false, 3, now(), now());
INSERT INTO "Question" ("id", "examId", "topicId", "content", "codeSnippet", "type", "difficulty", "explanation", "referenceUrl", "isPremium", "isActive", "createdAt", "updatedAt") VALUES ('d015df10-b646-4632-987a-95039d4f6df1', '003f2098-cb83-416f-a53e-ff07cacd3c9c', 'eb9377c0-a248-43dd-9969-4f026170266c', 'An admin needs to create weekly Timesheet_Summary__c records every Friday night. Which automation should be used? Choose 1 answer.', NULL, 'SINGLE_CHOICE', 2, 'Schedule-triggered flows run at a defined date/time and frequency without user interaction.', 'https://trailhead.salesforce.com/content/learn/modules/autolaunched-scheduled-flows/get-started-with-autolaunched-flows', false, true, now(), now());
INSERT INTO "Answer" ("id", "questionId", "content", "isCorrect", "sortOrder", "createdAt", "updatedAt") VALUES ('6503c259-3522-4238-992c-89be25516434', 'd015df10-b646-4632-987a-95039d4f6df1', 'Schedule-triggered flow', true, 0, now(), now());
INSERT INTO "Answer" ("id", "questionId", "content", "isCorrect", "sortOrder", "createdAt", "updatedAt") VALUES ('2428dbd8-0abc-4d8d-bc58-28706ffe66d7', 'd015df10-b646-4632-987a-95039d4f6df1', 'Record-triggered flow', false, 1, now(), now());
INSERT INTO "Answer" ("id", "questionId", "content", "isCorrect", "sortOrder", "createdAt", "updatedAt") VALUES ('f415f022-7ac4-4499-85b0-c7a8ba883691', 'd015df10-b646-4632-987a-95039d4f6df1', 'Screen flow', false, 2, now(), now());
INSERT INTO "Answer" ("id", "questionId", "content", "isCorrect", "sortOrder", "createdAt", "updatedAt") VALUES ('44b7245d-5d8e-484e-879e-f202bd39ee2a', 'd015df10-b646-4632-987a-95039d4f6df1', 'Workflow rule', false, 3, now(), now());
INSERT INTO "Question" ("id", "examId", "topicId", "content", "codeSnippet", "type", "difficulty", "explanation", "referenceUrl", "isPremium", "isActive", "createdAt", "updatedAt") VALUES ('109715dc-2d42-4d47-bb31-295a564cb567', '003f2098-cb83-416f-a53e-ff07cacd3c9c', 'eb9377c0-a248-43dd-9969-4f026170266c', 'An admin needs to generate monthly Invoice__c records on the first of each month. Which automation should be used? Choose 1 answer.', NULL, 'SINGLE_CHOICE', 2, 'Schedule-triggered flows run at a defined date/time and frequency without user interaction.', 'https://trailhead.salesforce.com/content/learn/modules/autolaunched-scheduled-flows/get-started-with-autolaunched-flows', false, true, now(), now());
INSERT INTO "Answer" ("id", "questionId", "content", "isCorrect", "sortOrder", "createdAt", "updatedAt") VALUES ('f8e66d24-1cc9-4f7e-afa0-84c74e84217d', '109715dc-2d42-4d47-bb31-295a564cb567', 'Schedule-triggered flow', true, 0, now(), now());
INSERT INTO "Answer" ("id", "questionId", "content", "isCorrect", "sortOrder", "createdAt", "updatedAt") VALUES ('06e63887-6fb4-42a9-b177-8cfe35d23886', '109715dc-2d42-4d47-bb31-295a564cb567', 'Record-triggered flow', false, 1, now(), now());
INSERT INTO "Answer" ("id", "questionId", "content", "isCorrect", "sortOrder", "createdAt", "updatedAt") VALUES ('95e1b43a-34c0-460c-a98f-bec3ea1b719a', '109715dc-2d42-4d47-bb31-295a564cb567', 'Screen flow', false, 2, now(), now());
INSERT INTO "Answer" ("id", "questionId", "content", "isCorrect", "sortOrder", "createdAt", "updatedAt") VALUES ('c5b10afd-e2a0-42d6-a4f6-3a5b8300d1d2', '109715dc-2d42-4d47-bb31-295a564cb567', 'Workflow rule', false, 3, now(), now());
INSERT INTO "Question" ("id", "examId", "topicId", "content", "codeSnippet", "type", "difficulty", "explanation", "referenceUrl", "isPremium", "isActive", "createdAt", "updatedAt") VALUES ('2299c9ae-826a-48ca-83f3-aefdae83d5e8', '003f2098-cb83-416f-a53e-ff07cacd3c9c', 'eb9377c0-a248-43dd-9969-4f026170266c', 'An admin needs to recalculate Account_Score__c nightly. Which automation should be used? Choose 1 answer.', NULL, 'SINGLE_CHOICE', 2, 'Schedule-triggered flows run at a defined date/time and frequency without user interaction.', 'https://trailhead.salesforce.com/content/learn/modules/autolaunched-scheduled-flows/get-started-with-autolaunched-flows', false, true, now(), now());
INSERT INTO "Answer" ("id", "questionId", "content", "isCorrect", "sortOrder", "createdAt", "updatedAt") VALUES ('ecbe26a8-4ac2-4996-b96d-5b07299c6f0b', '2299c9ae-826a-48ca-83f3-aefdae83d5e8', 'Schedule-triggered flow', true, 0, now(), now());
INSERT INTO "Answer" ("id", "questionId", "content", "isCorrect", "sortOrder", "createdAt", "updatedAt") VALUES ('445a9298-5dc1-4be0-a0c6-aad7ffb31bda', '2299c9ae-826a-48ca-83f3-aefdae83d5e8', 'Record-triggered flow', false, 1, now(), now());
INSERT INTO "Answer" ("id", "questionId", "content", "isCorrect", "sortOrder", "createdAt", "updatedAt") VALUES ('62860cf0-f7b5-4eed-9249-6164c4e257be', '2299c9ae-826a-48ca-83f3-aefdae83d5e8', 'Screen flow', false, 2, now(), now());
INSERT INTO "Answer" ("id", "questionId", "content", "isCorrect", "sortOrder", "createdAt", "updatedAt") VALUES ('a0174456-982a-4f24-9c7d-5537fb2297eb', '2299c9ae-826a-48ca-83f3-aefdae83d5e8', 'Workflow rule', false, 3, now(), now());
INSERT INTO "Question" ("id", "examId", "topicId", "content", "codeSnippet", "type", "difficulty", "explanation", "referenceUrl", "isPremium", "isActive", "createdAt", "updatedAt") VALUES ('3be39319-6611-4cc4-b7a3-bfa3478d5a89', '003f2098-cb83-416f-a53e-ff07cacd3c9c', 'eb9377c0-a248-43dd-9969-4f026170266c', 'An admin needs to close stale Task records every Sunday. Which automation should be used? Choose 1 answer.', NULL, 'SINGLE_CHOICE', 2, 'Schedule-triggered flows run at a defined date/time and frequency without user interaction.', 'https://trailhead.salesforce.com/content/learn/modules/autolaunched-scheduled-flows/get-started-with-autolaunched-flows', false, true, now(), now());
INSERT INTO "Answer" ("id", "questionId", "content", "isCorrect", "sortOrder", "createdAt", "updatedAt") VALUES ('d55f3d09-b223-41ad-ba3c-a08062744303', '3be39319-6611-4cc4-b7a3-bfa3478d5a89', 'Schedule-triggered flow', true, 0, now(), now());
INSERT INTO "Answer" ("id", "questionId", "content", "isCorrect", "sortOrder", "createdAt", "updatedAt") VALUES ('5070dd76-7442-4db5-b3e7-b031a339a6bc', '3be39319-6611-4cc4-b7a3-bfa3478d5a89', 'Record-triggered flow', false, 1, now(), now());
INSERT INTO "Answer" ("id", "questionId", "content", "isCorrect", "sortOrder", "createdAt", "updatedAt") VALUES ('20bd7181-ad26-4368-9e50-dc274a340e77', '3be39319-6611-4cc4-b7a3-bfa3478d5a89', 'Screen flow', false, 2, now(), now());
INSERT INTO "Answer" ("id", "questionId", "content", "isCorrect", "sortOrder", "createdAt", "updatedAt") VALUES ('8edcf56a-1428-4a1f-80ed-7b04e6ea92cb', '3be39319-6611-4cc4-b7a3-bfa3478d5a89', 'Workflow rule', false, 3, now(), now());
INSERT INTO "Question" ("id", "examId", "topicId", "content", "codeSnippet", "type", "difficulty", "explanation", "referenceUrl", "isPremium", "isActive", "createdAt", "updatedAt") VALUES ('83a55aba-59d3-4482-b601-3807f3d04a09', '003f2098-cb83-416f-a53e-ff07cacd3c9c', 'eb9377c0-a248-43dd-9969-4f026170266c', 'An admin needs to archive expired Subscription__c records weekly. Which automation should be used? Choose 1 answer.', NULL, 'SINGLE_CHOICE', 2, 'Schedule-triggered flows run at a defined date/time and frequency without user interaction.', 'https://trailhead.salesforce.com/content/learn/modules/autolaunched-scheduled-flows/get-started-with-autolaunched-flows', false, true, now(), now());
INSERT INTO "Answer" ("id", "questionId", "content", "isCorrect", "sortOrder", "createdAt", "updatedAt") VALUES ('699f608b-dfc4-4b50-b9b9-77e412656166', '83a55aba-59d3-4482-b601-3807f3d04a09', 'Schedule-triggered flow', true, 0, now(), now());
INSERT INTO "Answer" ("id", "questionId", "content", "isCorrect", "sortOrder", "createdAt", "updatedAt") VALUES ('d1d8888a-0f7e-470f-bb42-5cb66c56cb13', '83a55aba-59d3-4482-b601-3807f3d04a09', 'Record-triggered flow', false, 1, now(), now());
INSERT INTO "Answer" ("id", "questionId", "content", "isCorrect", "sortOrder", "createdAt", "updatedAt") VALUES ('a014a664-f891-4aa1-8781-3761476896e3', '83a55aba-59d3-4482-b601-3807f3d04a09', 'Screen flow', false, 2, now(), now());
INSERT INTO "Answer" ("id", "questionId", "content", "isCorrect", "sortOrder", "createdAt", "updatedAt") VALUES ('ba7fc0f3-e761-4e3f-b1dd-b0c59d167394', '83a55aba-59d3-4482-b601-3807f3d04a09', 'Workflow rule', false, 3, now(), now());
INSERT INTO "Question" ("id", "examId", "topicId", "content", "codeSnippet", "type", "difficulty", "explanation", "referenceUrl", "isPremium", "isActive", "createdAt", "updatedAt") VALUES ('d46606c0-d551-41fc-97b5-9a7a8c85b8c2', '003f2098-cb83-416f-a53e-ff07cacd3c9c', 'eb9377c0-a248-43dd-9969-4f026170266c', 'The business needs to prevent a Opportunity from being saved when Close Date is blank and Stage = Closed Won. Which tool should be used? Choose 1 answer.', NULL, 'SINGLE_CHOICE', 2, 'Validation rules enforce data quality by preventing saves that don''t meet criteria.', 'https://trailhead.salesforce.com/en/content/learn/modules/customize-a-salesforce-object', false, true, now(), now());
INSERT INTO "Answer" ("id", "questionId", "content", "isCorrect", "sortOrder", "createdAt", "updatedAt") VALUES ('439841fd-c358-49ba-8fcb-798875348a07', 'd46606c0-d551-41fc-97b5-9a7a8c85b8c2', 'Validation rule', true, 0, now(), now());
INSERT INTO "Answer" ("id", "questionId", "content", "isCorrect", "sortOrder", "createdAt", "updatedAt") VALUES ('9d1bbee0-e9ae-421a-815a-a28501623b7f', 'd46606c0-d551-41fc-97b5-9a7a8c85b8c2', 'Record-triggered flow', false, 1, now(), now());
INSERT INTO "Answer" ("id", "questionId", "content", "isCorrect", "sortOrder", "createdAt", "updatedAt") VALUES ('cec28cda-44e1-4142-acbc-8920830d6ab1', 'd46606c0-d551-41fc-97b5-9a7a8c85b8c2', 'Approval process', false, 2, now(), now());
INSERT INTO "Answer" ("id", "questionId", "content", "isCorrect", "sortOrder", "createdAt", "updatedAt") VALUES ('0d0be858-009a-421a-a498-70c11f98c6fa', 'd46606c0-d551-41fc-97b5-9a7a8c85b8c2', 'Apex trigger', false, 3, now(), now());
INSERT INTO "Question" ("id", "examId", "topicId", "content", "codeSnippet", "type", "difficulty", "explanation", "referenceUrl", "isPremium", "isActive", "createdAt", "updatedAt") VALUES ('bedf5bc3-3c89-4cd7-8c6b-bdbe98f0b618', '003f2098-cb83-416f-a53e-ff07cacd3c9c', 'eb9377c0-a248-43dd-9969-4f026170266c', 'The business needs to prevent a Case from being saved when Reason is blank and Status = Closed. Which tool should be used? Choose 1 answer.', NULL, 'SINGLE_CHOICE', 2, 'Validation rules enforce data quality by preventing saves that don''t meet criteria.', 'https://trailhead.salesforce.com/en/content/learn/modules/customize-a-salesforce-object', false, true, now(), now());
INSERT INTO "Answer" ("id", "questionId", "content", "isCorrect", "sortOrder", "createdAt", "updatedAt") VALUES ('cb7ea9ec-daad-42f0-855c-07a7b1a0d817', 'bedf5bc3-3c89-4cd7-8c6b-bdbe98f0b618', 'Validation rule', true, 0, now(), now());
INSERT INTO "Answer" ("id", "questionId", "content", "isCorrect", "sortOrder", "createdAt", "updatedAt") VALUES ('d13a5deb-44bf-42fb-9a2d-ef5897ec7cbf', 'bedf5bc3-3c89-4cd7-8c6b-bdbe98f0b618', 'Record-triggered flow', false, 1, now(), now());
INSERT INTO "Answer" ("id", "questionId", "content", "isCorrect", "sortOrder", "createdAt", "updatedAt") VALUES ('85d3e6ad-73bf-489b-9224-dccf1fd14d43', 'bedf5bc3-3c89-4cd7-8c6b-bdbe98f0b618', 'Approval process', false, 2, now(), now());
INSERT INTO "Answer" ("id", "questionId", "content", "isCorrect", "sortOrder", "createdAt", "updatedAt") VALUES ('d156f38e-3785-4104-bceb-fd926e24b832', 'bedf5bc3-3c89-4cd7-8c6b-bdbe98f0b618', 'Apex trigger', false, 3, now(), now());
INSERT INTO "Question" ("id", "examId", "topicId", "content", "codeSnippet", "type", "difficulty", "explanation", "referenceUrl", "isPremium", "isActive", "createdAt", "updatedAt") VALUES ('b648880a-9a19-45ed-8afd-a61555e9fcc0', '003f2098-cb83-416f-a53e-ff07cacd3c9c', 'eb9377c0-a248-43dd-9969-4f026170266c', 'The business needs to prevent a Expense__c from being saved when Amount__c is blank and Status = Submitted. Which tool should be used? Choose 1 answer.', NULL, 'SINGLE_CHOICE', 2, 'Validation rules enforce data quality by preventing saves that don''t meet criteria.', 'https://trailhead.salesforce.com/en/content/learn/modules/customize-a-salesforce-object', false, true, now(), now());
INSERT INTO "Answer" ("id", "questionId", "content", "isCorrect", "sortOrder", "createdAt", "updatedAt") VALUES ('24aa1cfd-ec42-416a-8f6a-6f18c8985472', 'b648880a-9a19-45ed-8afd-a61555e9fcc0', 'Validation rule', true, 0, now(), now());
INSERT INTO "Answer" ("id", "questionId", "content", "isCorrect", "sortOrder", "createdAt", "updatedAt") VALUES ('ea7e1533-0854-4f9b-9a24-aa50a2ec475f', 'b648880a-9a19-45ed-8afd-a61555e9fcc0', 'Record-triggered flow', false, 1, now(), now());
INSERT INTO "Answer" ("id", "questionId", "content", "isCorrect", "sortOrder", "createdAt", "updatedAt") VALUES ('d9da187f-5591-4dd3-9264-8c6671732c02', 'b648880a-9a19-45ed-8afd-a61555e9fcc0', 'Approval process', false, 2, now(), now());
INSERT INTO "Answer" ("id", "questionId", "content", "isCorrect", "sortOrder", "createdAt", "updatedAt") VALUES ('b3225ac5-216e-4f96-b607-243ba9b40534', 'b648880a-9a19-45ed-8afd-a61555e9fcc0', 'Apex trigger', false, 3, now(), now());
INSERT INTO "Question" ("id", "examId", "topicId", "content", "codeSnippet", "type", "difficulty", "explanation", "referenceUrl", "isPremium", "isActive", "createdAt", "updatedAt") VALUES ('ef19fd70-b3b5-4e7e-98b0-0c14da557da7', '003f2098-cb83-416f-a53e-ff07cacd3c9c', 'eb9377c0-a248-43dd-9969-4f026170266c', 'The business needs to prevent a Order__c from being saved when Billing_Address__c is blank and Status = Activated. Which tool should be used? Choose 1 answer.', NULL, 'SINGLE_CHOICE', 2, 'Validation rules enforce data quality by preventing saves that don''t meet criteria.', 'https://trailhead.salesforce.com/en/content/learn/modules/customize-a-salesforce-object', false, true, now(), now());
INSERT INTO "Answer" ("id", "questionId", "content", "isCorrect", "sortOrder", "createdAt", "updatedAt") VALUES ('3cf12f00-2102-4466-8cef-2d12a603e273', 'ef19fd70-b3b5-4e7e-98b0-0c14da557da7', 'Validation rule', true, 0, now(), now());
INSERT INTO "Answer" ("id", "questionId", "content", "isCorrect", "sortOrder", "createdAt", "updatedAt") VALUES ('d131796f-8269-4ccc-ae3a-7c78e0786d6a', 'ef19fd70-b3b5-4e7e-98b0-0c14da557da7', 'Record-triggered flow', false, 1, now(), now());
INSERT INTO "Answer" ("id", "questionId", "content", "isCorrect", "sortOrder", "createdAt", "updatedAt") VALUES ('b354b0b3-2c29-47c5-98f7-13e0554da962', 'ef19fd70-b3b5-4e7e-98b0-0c14da557da7', 'Approval process', false, 2, now(), now());
INSERT INTO "Answer" ("id", "questionId", "content", "isCorrect", "sortOrder", "createdAt", "updatedAt") VALUES ('075084f5-a35e-4d20-8a24-b0dea67060f5', 'ef19fd70-b3b5-4e7e-98b0-0c14da557da7', 'Apex trigger', false, 3, now(), now());
INSERT INTO "Question" ("id", "examId", "topicId", "content", "codeSnippet", "type", "difficulty", "explanation", "referenceUrl", "isPremium", "isActive", "createdAt", "updatedAt") VALUES ('fa3da8b0-72c8-4dec-a6bd-77fa1305fda4', '003f2098-cb83-416f-a53e-ff07cacd3c9c', 'eb9377c0-a248-43dd-9969-4f026170266c', 'The business needs to prevent a Project__c from being saved when Budget__c is blank and Status = Approved. Which tool should be used? Choose 1 answer.', NULL, 'SINGLE_CHOICE', 2, 'Validation rules enforce data quality by preventing saves that don''t meet criteria.', 'https://trailhead.salesforce.com/en/content/learn/modules/customize-a-salesforce-object', false, true, now(), now());
INSERT INTO "Answer" ("id", "questionId", "content", "isCorrect", "sortOrder", "createdAt", "updatedAt") VALUES ('c3960f0c-602e-4fe1-8d95-425d5eee8ce0', 'fa3da8b0-72c8-4dec-a6bd-77fa1305fda4', 'Validation rule', true, 0, now(), now());
INSERT INTO "Answer" ("id", "questionId", "content", "isCorrect", "sortOrder", "createdAt", "updatedAt") VALUES ('1a2a0aec-a0b7-4526-a731-5931d76fb416', 'fa3da8b0-72c8-4dec-a6bd-77fa1305fda4', 'Record-triggered flow', false, 1, now(), now());
INSERT INTO "Answer" ("id", "questionId", "content", "isCorrect", "sortOrder", "createdAt", "updatedAt") VALUES ('61f727d7-20c1-4af1-a054-5d52c7f5cdd4', 'fa3da8b0-72c8-4dec-a6bd-77fa1305fda4', 'Approval process', false, 2, now(), now());
INSERT INTO "Answer" ("id", "questionId", "content", "isCorrect", "sortOrder", "createdAt", "updatedAt") VALUES ('f1ceeda6-db32-48cd-8073-3719a91cc13c', 'fa3da8b0-72c8-4dec-a6bd-77fa1305fda4', 'Apex trigger', false, 3, now(), now());
INSERT INTO "Question" ("id", "examId", "topicId", "content", "codeSnippet", "type", "difficulty", "explanation", "referenceUrl", "isPremium", "isActive", "createdAt", "updatedAt") VALUES ('df9172dc-677b-459d-ad4f-65df3c1fe903', '003f2098-cb83-416f-a53e-ff07cacd3c9c', 'eb9377c0-a248-43dd-9969-4f026170266c', 'When a Case is inserted, set Status to ''New'' if it is blank. What is the best approach? Choose 1 answer.', NULL, 'SINGLE_CHOICE', 3, 'A before-insert trigger can set default values without an extra DML operation.', 'https://resources.docs.salesforce.com/latest/latest/en-us/sfdc/pdf/salesforce_apex_developer_guide.pdf', false, true, now(), now());
INSERT INTO "Answer" ("id", "questionId", "content", "isCorrect", "sortOrder", "createdAt", "updatedAt") VALUES ('f8229578-ae5c-4826-a602-08651592fb94', 'df9172dc-677b-459d-ad4f-65df3c1fe903', 'Before-insert Apex trigger', true, 0, now(), now());
INSERT INTO "Answer" ("id", "questionId", "content", "isCorrect", "sortOrder", "createdAt", "updatedAt") VALUES ('642b60ee-f6b8-4dbd-9642-2345330ce5e2', 'df9172dc-677b-459d-ad4f-65df3c1fe903', 'After-insert Apex trigger with an extra update DML', false, 1, now(), now());
INSERT INTO "Answer" ("id", "questionId", "content", "isCorrect", "sortOrder", "createdAt", "updatedAt") VALUES ('a94e99b4-22f1-4762-9c9e-d6ea450b1c99', 'df9172dc-677b-459d-ad4f-65df3c1fe903', 'Batch Apex', false, 2, now(), now());
INSERT INTO "Answer" ("id", "questionId", "content", "isCorrect", "sortOrder", "createdAt", "updatedAt") VALUES ('c7d4d984-2b66-4390-b9c2-a790b47949cb', 'df9172dc-677b-459d-ad4f-65df3c1fe903', 'Approval process', false, 3, now(), now());
INSERT INTO "Question" ("id", "examId", "topicId", "content", "codeSnippet", "type", "difficulty", "explanation", "referenceUrl", "isPremium", "isActive", "createdAt", "updatedAt") VALUES ('9be916e0-6e85-45ce-9ca4-44271181cac5', '003f2098-cb83-416f-a53e-ff07cacd3c9c', 'eb9377c0-a248-43dd-9969-4f026170266c', 'When a Lead is inserted, set LeadSource to ''Web'' if it is blank. What is the best approach? Choose 1 answer.', NULL, 'SINGLE_CHOICE', 3, 'A before-insert trigger can set default values without an extra DML operation.', 'https://resources.docs.salesforce.com/latest/latest/en-us/sfdc/pdf/salesforce_apex_developer_guide.pdf', false, true, now(), now());
INSERT INTO "Answer" ("id", "questionId", "content", "isCorrect", "sortOrder", "createdAt", "updatedAt") VALUES ('5eb1d7ee-af8e-410b-8e3c-ea70f7559143', '9be916e0-6e85-45ce-9ca4-44271181cac5', 'Before-insert Apex trigger', true, 0, now(), now());
INSERT INTO "Answer" ("id", "questionId", "content", "isCorrect", "sortOrder", "createdAt", "updatedAt") VALUES ('a02e2718-4a25-4fb6-b83a-48abb421c06c', '9be916e0-6e85-45ce-9ca4-44271181cac5', 'After-insert Apex trigger with an extra update DML', false, 1, now(), now());
INSERT INTO "Answer" ("id", "questionId", "content", "isCorrect", "sortOrder", "createdAt", "updatedAt") VALUES ('e1f4282a-30dd-4016-a036-8328f394f26b', '9be916e0-6e85-45ce-9ca4-44271181cac5', 'Batch Apex', false, 2, now(), now());
INSERT INTO "Answer" ("id", "questionId", "content", "isCorrect", "sortOrder", "createdAt", "updatedAt") VALUES ('59972570-a3ac-479a-8cab-540c584bfd90', '9be916e0-6e85-45ce-9ca4-44271181cac5', 'Approval process', false, 3, now(), now());
INSERT INTO "Question" ("id", "examId", "topicId", "content", "codeSnippet", "type", "difficulty", "explanation", "referenceUrl", "isPremium", "isActive", "createdAt", "updatedAt") VALUES ('f1c6f8b4-0669-4d4c-b5fe-deafc31781ae', '003f2098-cb83-416f-a53e-ff07cacd3c9c', 'eb9377c0-a248-43dd-9969-4f026170266c', 'When a Ticket__c is inserted, set Priority__c to ''Medium'' if it is blank. What is the best approach? Choose 1 answer.', NULL, 'SINGLE_CHOICE', 3, 'A before-insert trigger can set default values without an extra DML operation.', 'https://resources.docs.salesforce.com/latest/latest/en-us/sfdc/pdf/salesforce_apex_developer_guide.pdf', false, true, now(), now());
INSERT INTO "Answer" ("id", "questionId", "content", "isCorrect", "sortOrder", "createdAt", "updatedAt") VALUES ('8e22d6e8-9ca2-4737-bf7c-e3b7f7cd163e', 'f1c6f8b4-0669-4d4c-b5fe-deafc31781ae', 'Before-insert Apex trigger', true, 0, now(), now());
INSERT INTO "Answer" ("id", "questionId", "content", "isCorrect", "sortOrder", "createdAt", "updatedAt") VALUES ('64c1cef8-0257-4e7b-8bbe-99d746fab225', 'f1c6f8b4-0669-4d4c-b5fe-deafc31781ae', 'After-insert Apex trigger with an extra update DML', false, 1, now(), now());
INSERT INTO "Answer" ("id", "questionId", "content", "isCorrect", "sortOrder", "createdAt", "updatedAt") VALUES ('8db8faae-0b2d-467b-a1f2-d61c66de302c', 'f1c6f8b4-0669-4d4c-b5fe-deafc31781ae', 'Batch Apex', false, 2, now(), now());
INSERT INTO "Answer" ("id", "questionId", "content", "isCorrect", "sortOrder", "createdAt", "updatedAt") VALUES ('43eade31-93e2-4040-8414-53b40cb3fce4', 'f1c6f8b4-0669-4d4c-b5fe-deafc31781ae', 'Approval process', false, 3, now(), now());
INSERT INTO "Question" ("id", "examId", "topicId", "content", "codeSnippet", "type", "difficulty", "explanation", "referenceUrl", "isPremium", "isActive", "createdAt", "updatedAt") VALUES ('1770e8c6-f247-40aa-b076-4e13b4374048', '003f2098-cb83-416f-a53e-ff07cacd3c9c', 'eb9377c0-a248-43dd-9969-4f026170266c', 'When a Opportunity is inserted, set StageName to ''Prospecting'' if it is blank. What is the best approach? Choose 1 answer.', NULL, 'SINGLE_CHOICE', 3, 'A before-insert trigger can set default values without an extra DML operation.', 'https://resources.docs.salesforce.com/latest/latest/en-us/sfdc/pdf/salesforce_apex_developer_guide.pdf', false, true, now(), now());
INSERT INTO "Answer" ("id", "questionId", "content", "isCorrect", "sortOrder", "createdAt", "updatedAt") VALUES ('7c12552e-18c1-4868-9ebe-8ca0b290f122', '1770e8c6-f247-40aa-b076-4e13b4374048', 'Before-insert Apex trigger', true, 0, now(), now());
INSERT INTO "Answer" ("id", "questionId", "content", "isCorrect", "sortOrder", "createdAt", "updatedAt") VALUES ('6f3a186d-239f-455b-ab0f-1304cc430237', '1770e8c6-f247-40aa-b076-4e13b4374048', 'After-insert Apex trigger with an extra update DML', false, 1, now(), now());
INSERT INTO "Answer" ("id", "questionId", "content", "isCorrect", "sortOrder", "createdAt", "updatedAt") VALUES ('dea29263-68d2-41f2-b5d5-7c70c3bccbbb', '1770e8c6-f247-40aa-b076-4e13b4374048', 'Batch Apex', false, 2, now(), now());
INSERT INTO "Answer" ("id", "questionId", "content", "isCorrect", "sortOrder", "createdAt", "updatedAt") VALUES ('ba5551d4-1c21-4225-b7f1-f2e9e0b1e0bc', '1770e8c6-f247-40aa-b076-4e13b4374048', 'Approval process', false, 3, now(), now());
INSERT INTO "Question" ("id", "examId", "topicId", "content", "codeSnippet", "type", "difficulty", "explanation", "referenceUrl", "isPremium", "isActive", "createdAt", "updatedAt") VALUES ('0a0ca613-7a75-453e-9e46-68ca1ce07b9a', '003f2098-cb83-416f-a53e-ff07cacd3c9c', 'eb9377c0-a248-43dd-9969-4f026170266c', 'When a Order__c is inserted, set Status__c to ''Draft'' if it is blank. What is the best approach? Choose 1 answer.', NULL, 'SINGLE_CHOICE', 3, 'A before-insert trigger can set default values without an extra DML operation.', 'https://resources.docs.salesforce.com/latest/latest/en-us/sfdc/pdf/salesforce_apex_developer_guide.pdf', false, true, now(), now());
INSERT INTO "Answer" ("id", "questionId", "content", "isCorrect", "sortOrder", "createdAt", "updatedAt") VALUES ('f4b47ff6-eb82-46eb-8f15-6e670b688bd4', '0a0ca613-7a75-453e-9e46-68ca1ce07b9a', 'Before-insert Apex trigger', true, 0, now(), now());
INSERT INTO "Answer" ("id", "questionId", "content", "isCorrect", "sortOrder", "createdAt", "updatedAt") VALUES ('f5f6f9a3-176b-4e10-83df-d9ad7b68a724', '0a0ca613-7a75-453e-9e46-68ca1ce07b9a', 'After-insert Apex trigger with an extra update DML', false, 1, now(), now());
INSERT INTO "Answer" ("id", "questionId", "content", "isCorrect", "sortOrder", "createdAt", "updatedAt") VALUES ('f194fdd8-60dc-4a0e-9184-f38dba03e648', '0a0ca613-7a75-453e-9e46-68ca1ce07b9a', 'Batch Apex', false, 2, now(), now());
INSERT INTO "Answer" ("id", "questionId", "content", "isCorrect", "sortOrder", "createdAt", "updatedAt") VALUES ('b50524b7-8a49-4dba-bc5a-ccc81fdcee1b', '0a0ca613-7a75-453e-9e46-68ca1ce07b9a', 'Approval process', false, 3, now(), now());
INSERT INTO "Question" ("id", "examId", "topicId", "content", "codeSnippet", "type", "difficulty", "explanation", "referenceUrl", "isPremium", "isActive", "createdAt", "updatedAt") VALUES ('7acabc6f-ec27-4fb6-bf85-5a34869f34a3', '003f2098-cb83-416f-a53e-ff07cacd3c9c', 'eb9377c0-a248-43dd-9969-4f026170266c', 'A nightly job must recalculate discounts across 2 million Order__c records. Which async mechanism is the best fit? Choose 1 answer.', NULL, 'SINGLE_CHOICE', 4, 'Batch Apex is designed for large data volumes and runs in manageable chunks.', 'https://resources.docs.salesforce.com/latest/latest/en-us/sfdc/pdf/salesforce_apex_developer_guide.pdf', false, true, now(), now());
INSERT INTO "Answer" ("id", "questionId", "content", "isCorrect", "sortOrder", "createdAt", "updatedAt") VALUES ('45e1648b-74e1-47b3-a76f-ca177248fd8e', '7acabc6f-ec27-4fb6-bf85-5a34869f34a3', 'Batch Apex', true, 0, now(), now());
INSERT INTO "Answer" ("id", "questionId", "content", "isCorrect", "sortOrder", "createdAt", "updatedAt") VALUES ('34a34f11-d50b-4c83-9a5e-f381d02e29d6', '7acabc6f-ec27-4fb6-bf85-5a34869f34a3', 'Future method', false, 1, now(), now());
INSERT INTO "Answer" ("id", "questionId", "content", "isCorrect", "sortOrder", "createdAt", "updatedAt") VALUES ('14e395af-dbd7-4483-bef5-e725bba74270', '7acabc6f-ec27-4fb6-bf85-5a34869f34a3', 'Queueable Apex', false, 2, now(), now());
INSERT INTO "Answer" ("id", "questionId", "content", "isCorrect", "sortOrder", "createdAt", "updatedAt") VALUES ('df00fd37-7e54-49fc-95d5-e0bf29041f44', '7acabc6f-ec27-4fb6-bf85-5a34869f34a3', 'Scheduled flow', false, 3, now(), now());
INSERT INTO "Question" ("id", "examId", "topicId", "content", "codeSnippet", "type", "difficulty", "explanation", "referenceUrl", "isPremium", "isActive", "createdAt", "updatedAt") VALUES ('fce1dbfd-f665-46d1-8899-51fe81688e0e', '003f2098-cb83-416f-a53e-ff07cacd3c9c', 'eb9377c0-a248-43dd-9969-4f026170266c', 'A nightly job must update a custom score across 1.2 million Account records. Which async mechanism is the best fit? Choose 1 answer.', NULL, 'SINGLE_CHOICE', 4, 'Batch Apex is designed for large data volumes and runs in manageable chunks.', 'https://resources.docs.salesforce.com/latest/latest/en-us/sfdc/pdf/salesforce_apex_developer_guide.pdf', false, true, now(), now());
INSERT INTO "Answer" ("id", "questionId", "content", "isCorrect", "sortOrder", "createdAt", "updatedAt") VALUES ('0558eff4-c920-4eb3-ba2e-98d1f756fc58', 'fce1dbfd-f665-46d1-8899-51fe81688e0e', 'Batch Apex', true, 0, now(), now());
INSERT INTO "Answer" ("id", "questionId", "content", "isCorrect", "sortOrder", "createdAt", "updatedAt") VALUES ('a10ddc71-b8e3-4e34-a334-11e6430f24b6', 'fce1dbfd-f665-46d1-8899-51fe81688e0e', 'Future method', false, 1, now(), now());
INSERT INTO "Answer" ("id", "questionId", "content", "isCorrect", "sortOrder", "createdAt", "updatedAt") VALUES ('3f0e1d38-5423-4757-b8ff-143bbaa9a81c', 'fce1dbfd-f665-46d1-8899-51fe81688e0e', 'Queueable Apex', false, 2, now(), now());
INSERT INTO "Answer" ("id", "questionId", "content", "isCorrect", "sortOrder", "createdAt", "updatedAt") VALUES ('e2379698-c722-4037-bced-d3707874ef30', 'fce1dbfd-f665-46d1-8899-51fe81688e0e', 'Scheduled flow', false, 3, now(), now());
INSERT INTO "Question" ("id", "examId", "topicId", "content", "codeSnippet", "type", "difficulty", "explanation", "referenceUrl", "isPremium", "isActive", "createdAt", "updatedAt") VALUES ('b45449b1-9495-4bb1-96f3-4098167eadd2', '003f2098-cb83-416f-a53e-ff07cacd3c9c', 'eb9377c0-a248-43dd-9969-4f026170266c', 'A nightly job must close stale cases across 900,000 Case records. Which async mechanism is the best fit? Choose 1 answer.', NULL, 'SINGLE_CHOICE', 4, 'Batch Apex is designed for large data volumes and runs in manageable chunks.', 'https://resources.docs.salesforce.com/latest/latest/en-us/sfdc/pdf/salesforce_apex_developer_guide.pdf', false, true, now(), now());
INSERT INTO "Answer" ("id", "questionId", "content", "isCorrect", "sortOrder", "createdAt", "updatedAt") VALUES ('37fcb0b7-fc53-4143-ad87-e288b9804759', 'b45449b1-9495-4bb1-96f3-4098167eadd2', 'Batch Apex', true, 0, now(), now());
INSERT INTO "Answer" ("id", "questionId", "content", "isCorrect", "sortOrder", "createdAt", "updatedAt") VALUES ('bcda38a7-e3a6-4663-aa99-be87ccf30c1e', 'b45449b1-9495-4bb1-96f3-4098167eadd2', 'Future method', false, 1, now(), now());
INSERT INTO "Answer" ("id", "questionId", "content", "isCorrect", "sortOrder", "createdAt", "updatedAt") VALUES ('5e9e1ab8-01f2-43bd-97ed-5134e490016e', 'b45449b1-9495-4bb1-96f3-4098167eadd2', 'Queueable Apex', false, 2, now(), now());
INSERT INTO "Answer" ("id", "questionId", "content", "isCorrect", "sortOrder", "createdAt", "updatedAt") VALUES ('a47535ab-25da-488c-868e-6f6027c90572', 'b45449b1-9495-4bb1-96f3-4098167eadd2', 'Scheduled flow', false, 3, now(), now());
INSERT INTO "Question" ("id", "examId", "topicId", "content", "codeSnippet", "type", "difficulty", "explanation", "referenceUrl", "isPremium", "isActive", "createdAt", "updatedAt") VALUES ('6bec3158-e0be-43b3-b406-9f7841361415', '003f2098-cb83-416f-a53e-ff07cacd3c9c', 'eb9377c0-a248-43dd-9969-4f026170266c', 'A nightly job must recompute balances across 3 million Invoice__c records. Which async mechanism is the best fit? Choose 1 answer.', NULL, 'SINGLE_CHOICE', 4, 'Batch Apex is designed for large data volumes and runs in manageable chunks.', 'https://resources.docs.salesforce.com/latest/latest/en-us/sfdc/pdf/salesforce_apex_developer_guide.pdf', false, true, now(), now());
INSERT INTO "Answer" ("id", "questionId", "content", "isCorrect", "sortOrder", "createdAt", "updatedAt") VALUES ('2945f205-bf2b-4bb7-87a8-2b018f209305', '6bec3158-e0be-43b3-b406-9f7841361415', 'Batch Apex', true, 0, now(), now());
INSERT INTO "Answer" ("id", "questionId", "content", "isCorrect", "sortOrder", "createdAt", "updatedAt") VALUES ('bfc8ffe5-89fe-44dd-b4c0-fff150e4522d', '6bec3158-e0be-43b3-b406-9f7841361415', 'Future method', false, 1, now(), now());
INSERT INTO "Answer" ("id", "questionId", "content", "isCorrect", "sortOrder", "createdAt", "updatedAt") VALUES ('30fa4562-8405-4f4d-bcc6-ca9573e0b0d3', '6bec3158-e0be-43b3-b406-9f7841361415', 'Queueable Apex', false, 2, now(), now());
INSERT INTO "Answer" ("id", "questionId", "content", "isCorrect", "sortOrder", "createdAt", "updatedAt") VALUES ('42efa30f-88ee-4b6f-a04b-8955b98940d3', '6bec3158-e0be-43b3-b406-9f7841361415', 'Scheduled flow', false, 3, now(), now());
INSERT INTO "Question" ("id", "examId", "topicId", "content", "codeSnippet", "type", "difficulty", "explanation", "referenceUrl", "isPremium", "isActive", "createdAt", "updatedAt") VALUES ('ae91c764-defb-4186-ba7a-4010bb23d779', '003f2098-cb83-416f-a53e-ff07cacd3c9c', 'eb9377c0-a248-43dd-9969-4f026170266c', 'A nightly job must sync status across 800,000 Asset__c records. Which async mechanism is the best fit? Choose 1 answer.', NULL, 'SINGLE_CHOICE', 4, 'Batch Apex is designed for large data volumes and runs in manageable chunks.', 'https://resources.docs.salesforce.com/latest/latest/en-us/sfdc/pdf/salesforce_apex_developer_guide.pdf', false, true, now(), now());
INSERT INTO "Answer" ("id", "questionId", "content", "isCorrect", "sortOrder", "createdAt", "updatedAt") VALUES ('544ab0e6-67d1-4791-a24a-7a2364769600', 'ae91c764-defb-4186-ba7a-4010bb23d779', 'Batch Apex', true, 0, now(), now());
INSERT INTO "Answer" ("id", "questionId", "content", "isCorrect", "sortOrder", "createdAt", "updatedAt") VALUES ('a42e8e3b-00f1-47f5-bbf0-d4b66ef34fa7', 'ae91c764-defb-4186-ba7a-4010bb23d779', 'Future method', false, 1, now(), now());
INSERT INTO "Answer" ("id", "questionId", "content", "isCorrect", "sortOrder", "createdAt", "updatedAt") VALUES ('9303afea-11df-437b-9990-9e667aac1d71', 'ae91c764-defb-4186-ba7a-4010bb23d779', 'Queueable Apex', false, 2, now(), now());
INSERT INTO "Answer" ("id", "questionId", "content", "isCorrect", "sortOrder", "createdAt", "updatedAt") VALUES ('3b7719b3-249a-4ffb-a7ee-51a4db2d7189', 'ae91c764-defb-4186-ba7a-4010bb23d779', 'Scheduled flow', false, 3, now(), now());
INSERT INTO "Question" ("id", "examId", "topicId", "content", "codeSnippet", "type", "difficulty", "explanation", "referenceUrl", "isPremium", "isActive", "createdAt", "updatedAt") VALUES ('5fb7edec-d750-4abd-ac71-46c43b145d3c', '003f2098-cb83-416f-a53e-ff07cacd3c9c', 'eb9377c0-a248-43dd-9969-4f026170266c', 'After Order__c records are inserted, the system must call a shipping API and then chain another job to update related records. Which async approach should be used? Choose 1 answer.', NULL, 'SINGLE_CHOICE', 4, 'Queueable Apex supports callouts and job chaining, and can accept complex types.', 'https://resources.docs.salesforce.com/latest/latest/en-us/sfdc/pdf/salesforce_apex_developer_guide.pdf', false, true, now(), now());
INSERT INTO "Answer" ("id", "questionId", "content", "isCorrect", "sortOrder", "createdAt", "updatedAt") VALUES ('c8c72b4e-d7a2-442c-bf49-2b759c1934b2', '5fb7edec-d750-4abd-ac71-46c43b145d3c', 'Queueable Apex', true, 0, now(), now());
INSERT INTO "Answer" ("id", "questionId", "content", "isCorrect", "sortOrder", "createdAt", "updatedAt") VALUES ('196aa0f5-04d4-4fa4-a44c-15a94e10ecd5', '5fb7edec-d750-4abd-ac71-46c43b145d3c', 'Future method', false, 1, now(), now());
INSERT INTO "Answer" ("id", "questionId", "content", "isCorrect", "sortOrder", "createdAt", "updatedAt") VALUES ('68515a4f-8a8c-4f98-935a-44879b25d79b', '5fb7edec-d750-4abd-ac71-46c43b145d3c', 'Scheduled Apex', false, 2, now(), now());
INSERT INTO "Answer" ("id", "questionId", "content", "isCorrect", "sortOrder", "createdAt", "updatedAt") VALUES ('eaa3b52c-7248-46cc-a6ae-380c4d701976', '5fb7edec-d750-4abd-ac71-46c43b145d3c', 'Workflow rule', false, 3, now(), now());
INSERT INTO "Question" ("id", "examId", "topicId", "content", "codeSnippet", "type", "difficulty", "explanation", "referenceUrl", "isPremium", "isActive", "createdAt", "updatedAt") VALUES ('ec78fc18-8e1a-4ff6-8b29-818604973e31', '003f2098-cb83-416f-a53e-ff07cacd3c9c', 'eb9377c0-a248-43dd-9969-4f026170266c', 'After Invoice__c records are inserted, the system must call an ERP and then chain another job to update related records. Which async approach should be used? Choose 1 answer.', NULL, 'SINGLE_CHOICE', 4, 'Queueable Apex supports callouts and job chaining, and can accept complex types.', 'https://resources.docs.salesforce.com/latest/latest/en-us/sfdc/pdf/salesforce_apex_developer_guide.pdf', false, true, now(), now());
INSERT INTO "Answer" ("id", "questionId", "content", "isCorrect", "sortOrder", "createdAt", "updatedAt") VALUES ('4c9aeaea-5fe9-499f-9c80-d09120f3fa28', 'ec78fc18-8e1a-4ff6-8b29-818604973e31', 'Queueable Apex', true, 0, now(), now());
INSERT INTO "Answer" ("id", "questionId", "content", "isCorrect", "sortOrder", "createdAt", "updatedAt") VALUES ('64cfdd2b-613c-435d-9aaf-42b2634cd81d', 'ec78fc18-8e1a-4ff6-8b29-818604973e31', 'Future method', false, 1, now(), now());
INSERT INTO "Answer" ("id", "questionId", "content", "isCorrect", "sortOrder", "createdAt", "updatedAt") VALUES ('755f65a7-36c1-4824-979e-300c98248ef3', 'ec78fc18-8e1a-4ff6-8b29-818604973e31', 'Scheduled Apex', false, 2, now(), now());
INSERT INTO "Answer" ("id", "questionId", "content", "isCorrect", "sortOrder", "createdAt", "updatedAt") VALUES ('cf524e74-40e7-4332-9772-e551538e7f8f', 'ec78fc18-8e1a-4ff6-8b29-818604973e31', 'Workflow rule', false, 3, now(), now());
INSERT INTO "Question" ("id", "examId", "topicId", "content", "codeSnippet", "type", "difficulty", "explanation", "referenceUrl", "isPremium", "isActive", "createdAt", "updatedAt") VALUES ('b64ea3a0-2a65-4f66-9f25-608655ae792b', '003f2098-cb83-416f-a53e-ff07cacd3c9c', 'eb9377c0-a248-43dd-9969-4f026170266c', 'After Case records are inserted, the system must call a ticketing system and then chain another job to update related records. Which async approach should be used? Choose 1 answer.', NULL, 'SINGLE_CHOICE', 4, 'Queueable Apex supports callouts and job chaining, and can accept complex types.', 'https://resources.docs.salesforce.com/latest/latest/en-us/sfdc/pdf/salesforce_apex_developer_guide.pdf', false, true, now(), now());
INSERT INTO "Answer" ("id", "questionId", "content", "isCorrect", "sortOrder", "createdAt", "updatedAt") VALUES ('7e7e89d9-7031-4b0a-8005-d68197cebcd8', 'b64ea3a0-2a65-4f66-9f25-608655ae792b', 'Queueable Apex', true, 0, now(), now());
INSERT INTO "Answer" ("id", "questionId", "content", "isCorrect", "sortOrder", "createdAt", "updatedAt") VALUES ('d7c34dd5-1d8b-4b62-9670-7c20e5c856dc', 'b64ea3a0-2a65-4f66-9f25-608655ae792b', 'Future method', false, 1, now(), now());
INSERT INTO "Answer" ("id", "questionId", "content", "isCorrect", "sortOrder", "createdAt", "updatedAt") VALUES ('7c42d01d-8572-41fe-af5c-59e3d4ec3eef', 'b64ea3a0-2a65-4f66-9f25-608655ae792b', 'Scheduled Apex', false, 2, now(), now());
INSERT INTO "Answer" ("id", "questionId", "content", "isCorrect", "sortOrder", "createdAt", "updatedAt") VALUES ('7a49947c-e9a7-4f8f-a24f-39eb6ece49d9', 'b64ea3a0-2a65-4f66-9f25-608655ae792b', 'Workflow rule', false, 3, now(), now());
INSERT INTO "Question" ("id", "examId", "topicId", "content", "codeSnippet", "type", "difficulty", "explanation", "referenceUrl", "isPremium", "isActive", "createdAt", "updatedAt") VALUES ('c3999270-215a-4cc0-b8df-984464050892', '003f2098-cb83-416f-a53e-ff07cacd3c9c', 'eb9377c0-a248-43dd-9969-4f026170266c', 'After Asset__c records are inserted, the system must call an IoT platform and then chain another job to update related records. Which async approach should be used? Choose 1 answer.', NULL, 'SINGLE_CHOICE', 4, 'Queueable Apex supports callouts and job chaining, and can accept complex types.', 'https://resources.docs.salesforce.com/latest/latest/en-us/sfdc/pdf/salesforce_apex_developer_guide.pdf', false, true, now(), now());
INSERT INTO "Answer" ("id", "questionId", "content", "isCorrect", "sortOrder", "createdAt", "updatedAt") VALUES ('6d7461ab-78a8-40f0-b4fe-76a1df40be45', 'c3999270-215a-4cc0-b8df-984464050892', 'Queueable Apex', true, 0, now(), now());
INSERT INTO "Answer" ("id", "questionId", "content", "isCorrect", "sortOrder", "createdAt", "updatedAt") VALUES ('3abfbfb4-37fd-44bf-8cf3-ae0b11f15912', 'c3999270-215a-4cc0-b8df-984464050892', 'Future method', false, 1, now(), now());
INSERT INTO "Answer" ("id", "questionId", "content", "isCorrect", "sortOrder", "createdAt", "updatedAt") VALUES ('817181e2-4c53-4ab4-a4fb-422a84696c29', 'c3999270-215a-4cc0-b8df-984464050892', 'Scheduled Apex', false, 2, now(), now());
INSERT INTO "Answer" ("id", "questionId", "content", "isCorrect", "sortOrder", "createdAt", "updatedAt") VALUES ('817e79f8-163d-49ad-8075-19b884355ff9', 'c3999270-215a-4cc0-b8df-984464050892', 'Workflow rule', false, 3, now(), now());
INSERT INTO "Question" ("id", "examId", "topicId", "content", "codeSnippet", "type", "difficulty", "explanation", "referenceUrl", "isPremium", "isActive", "createdAt", "updatedAt") VALUES ('178fa0ce-4b63-495c-815d-e7b778c12504', '003f2098-cb83-416f-a53e-ff07cacd3c9c', 'eb9377c0-a248-43dd-9969-4f026170266c', 'After Subscription__c records are inserted, the system must call a billing system and then chain another job to update related records. Which async approach should be used? Choose 1 answer.', NULL, 'SINGLE_CHOICE', 4, 'Queueable Apex supports callouts and job chaining, and can accept complex types.', 'https://resources.docs.salesforce.com/latest/latest/en-us/sfdc/pdf/salesforce_apex_developer_guide.pdf', false, true, now(), now());
INSERT INTO "Answer" ("id", "questionId", "content", "isCorrect", "sortOrder", "createdAt", "updatedAt") VALUES ('7de3cf51-2d19-44e6-a0af-63115a68394a', '178fa0ce-4b63-495c-815d-e7b778c12504', 'Queueable Apex', true, 0, now(), now());
INSERT INTO "Answer" ("id", "questionId", "content", "isCorrect", "sortOrder", "createdAt", "updatedAt") VALUES ('097b94eb-1a4c-40c0-b41b-c6d5715f585e', '178fa0ce-4b63-495c-815d-e7b778c12504', 'Future method', false, 1, now(), now());
INSERT INTO "Answer" ("id", "questionId", "content", "isCorrect", "sortOrder", "createdAt", "updatedAt") VALUES ('7689cb0a-2214-43fc-bf34-041d340f39a1', '178fa0ce-4b63-495c-815d-e7b778c12504', 'Scheduled Apex', false, 2, now(), now());
INSERT INTO "Answer" ("id", "questionId", "content", "isCorrect", "sortOrder", "createdAt", "updatedAt") VALUES ('de7900b6-d6ed-4922-9076-41cc77935bbd', '178fa0ce-4b63-495c-815d-e7b778c12504', 'Workflow rule', false, 3, now(), now());
INSERT INTO "Question" ("id", "examId", "topicId", "content", "codeSnippet", "type", "difficulty", "explanation", "referenceUrl", "isPremium", "isActive", "createdAt", "updatedAt") VALUES ('c7b4371a-1526-4c96-bdee-d4e2f0ed5885', '003f2098-cb83-416f-a53e-ff07cacd3c9c', 'eb9377c0-a248-43dd-9969-4f026170266c', 'A developer wants to publish the Order_Placed__e platform event when an order is created. Which two items are required in Salesforce to do this? Choose 2 answers.', NULL, 'MULTIPLE_CHOICE', 3, 'You must define the platform event and publish it from Apex or Flow. Validation rules and workflow rules are not required for publishing.', 'https://resources.docs.salesforce.com/latest/latest/en-us/sfdc/pdf/platform_events.pdf', false, true, now(), now());
INSERT INTO "Answer" ("id", "questionId", "content", "isCorrect", "sortOrder", "createdAt", "updatedAt") VALUES ('d290fb7b-ba8b-44fb-82c6-b6b996af7d64', 'c7b4371a-1526-4c96-bdee-d4e2f0ed5885', 'Define a platform event with custom fields', true, 0, now(), now());
INSERT INTO "Answer" ("id", "questionId", "content", "isCorrect", "sortOrder", "createdAt", "updatedAt") VALUES ('e7a816dc-ee39-43d0-aa20-d18476cf34ba', 'c7b4371a-1526-4c96-bdee-d4e2f0ed5885', 'Publish the event from Apex or Flow', true, 1, now(), now());
INSERT INTO "Answer" ("id", "questionId", "content", "isCorrect", "sortOrder", "createdAt", "updatedAt") VALUES ('0642008e-bfee-4270-952f-11d632c6df01', 'c7b4371a-1526-4c96-bdee-d4e2f0ed5885', 'Create a validation rule on the event object', false, 2, now(), now());
INSERT INTO "Answer" ("id", "questionId", "content", "isCorrect", "sortOrder", "createdAt", "updatedAt") VALUES ('770c4deb-688f-49a5-a425-d77474cab798', 'c7b4371a-1526-4c96-bdee-d4e2f0ed5885', 'Use a workflow rule to send an outbound message', false, 3, now(), now());
INSERT INTO "Question" ("id", "examId", "topicId", "content", "codeSnippet", "type", "difficulty", "explanation", "referenceUrl", "isPremium", "isActive", "createdAt", "updatedAt") VALUES ('8fe1bc6e-6583-4c8b-8600-0befb848aa9d', '003f2098-cb83-416f-a53e-ff07cacd3c9c', 'eb9377c0-a248-43dd-9969-4f026170266c', 'A developer wants to publish the Case_Escalated__e platform event when a case is escalated. Which two items are required in Salesforce to do this? Choose 2 answers.', NULL, 'MULTIPLE_CHOICE', 3, 'You must define the platform event and publish it from Apex or Flow. Validation rules and workflow rules are not required for publishing.', 'https://resources.docs.salesforce.com/latest/latest/en-us/sfdc/pdf/platform_events.pdf', false, true, now(), now());
INSERT INTO "Answer" ("id", "questionId", "content", "isCorrect", "sortOrder", "createdAt", "updatedAt") VALUES ('3282f896-6fd4-4eef-a492-a030d878235d', '8fe1bc6e-6583-4c8b-8600-0befb848aa9d', 'Define a platform event with custom fields', true, 0, now(), now());
INSERT INTO "Answer" ("id", "questionId", "content", "isCorrect", "sortOrder", "createdAt", "updatedAt") VALUES ('903e3e28-c42f-42f4-afea-163f05ffedd5', '8fe1bc6e-6583-4c8b-8600-0befb848aa9d', 'Publish the event from Apex or Flow', true, 1, now(), now());
INSERT INTO "Answer" ("id", "questionId", "content", "isCorrect", "sortOrder", "createdAt", "updatedAt") VALUES ('9fc8ca22-fdfa-45fd-b02f-9c1ddeaa2475', '8fe1bc6e-6583-4c8b-8600-0befb848aa9d', 'Create a validation rule on the event object', false, 2, now(), now());
INSERT INTO "Answer" ("id", "questionId", "content", "isCorrect", "sortOrder", "createdAt", "updatedAt") VALUES ('85d96ac3-1505-4729-a050-caef4629fefe', '8fe1bc6e-6583-4c8b-8600-0befb848aa9d', 'Use a workflow rule to send an outbound message', false, 3, now(), now());
INSERT INTO "Question" ("id", "examId", "topicId", "content", "codeSnippet", "type", "difficulty", "explanation", "referenceUrl", "isPremium", "isActive", "createdAt", "updatedAt") VALUES ('244da2af-b5c9-46db-bf82-e56c885f292a', '003f2098-cb83-416f-a53e-ff07cacd3c9c', 'eb9377c0-a248-43dd-9969-4f026170266c', 'A developer wants to publish the Inventory_Low__e platform event when inventory drops below threshold. Which two items are required in Salesforce to do this? Choose 2 answers.', NULL, 'MULTIPLE_CHOICE', 3, 'You must define the platform event and publish it from Apex or Flow. Validation rules and workflow rules are not required for publishing.', 'https://resources.docs.salesforce.com/latest/latest/en-us/sfdc/pdf/platform_events.pdf', false, true, now(), now());
INSERT INTO "Answer" ("id", "questionId", "content", "isCorrect", "sortOrder", "createdAt", "updatedAt") VALUES ('7de62c1c-18eb-4d9c-9af8-31fb423edf94', '244da2af-b5c9-46db-bf82-e56c885f292a', 'Define a platform event with custom fields', true, 0, now(), now());
INSERT INTO "Answer" ("id", "questionId", "content", "isCorrect", "sortOrder", "createdAt", "updatedAt") VALUES ('6692388a-64ec-4870-84c9-551f392a4233', '244da2af-b5c9-46db-bf82-e56c885f292a', 'Publish the event from Apex or Flow', true, 1, now(), now());
INSERT INTO "Answer" ("id", "questionId", "content", "isCorrect", "sortOrder", "createdAt", "updatedAt") VALUES ('60c20524-dad8-41a3-94da-2c88202787e6', '244da2af-b5c9-46db-bf82-e56c885f292a', 'Create a validation rule on the event object', false, 2, now(), now());
INSERT INTO "Answer" ("id", "questionId", "content", "isCorrect", "sortOrder", "createdAt", "updatedAt") VALUES ('b258b003-78ce-42c3-bb89-4de9d3b5bfb4', '244da2af-b5c9-46db-bf82-e56c885f292a', 'Use a workflow rule to send an outbound message', false, 3, now(), now());
INSERT INTO "Question" ("id", "examId", "topicId", "content", "codeSnippet", "type", "difficulty", "explanation", "referenceUrl", "isPremium", "isActive", "createdAt", "updatedAt") VALUES ('d11db9ec-650a-42a9-9f93-77c803329a00', '003f2098-cb83-416f-a53e-ff07cacd3c9c', 'eb9377c0-a248-43dd-9969-4f026170266c', 'A developer wants to publish the Contract_Activated__e platform event when a contract is activated. Which two items are required in Salesforce to do this? Choose 2 answers.', NULL, 'MULTIPLE_CHOICE', 3, 'You must define the platform event and publish it from Apex or Flow. Validation rules and workflow rules are not required for publishing.', 'https://resources.docs.salesforce.com/latest/latest/en-us/sfdc/pdf/platform_events.pdf', false, true, now(), now());
INSERT INTO "Answer" ("id", "questionId", "content", "isCorrect", "sortOrder", "createdAt", "updatedAt") VALUES ('7978c399-8c37-4c64-a0c8-975c0f89f7a7', 'd11db9ec-650a-42a9-9f93-77c803329a00', 'Define a platform event with custom fields', true, 0, now(), now());
INSERT INTO "Answer" ("id", "questionId", "content", "isCorrect", "sortOrder", "createdAt", "updatedAt") VALUES ('a653fd6b-ff9b-412f-a2d2-e58227a67b93', 'd11db9ec-650a-42a9-9f93-77c803329a00', 'Publish the event from Apex or Flow', true, 1, now(), now());
INSERT INTO "Answer" ("id", "questionId", "content", "isCorrect", "sortOrder", "createdAt", "updatedAt") VALUES ('f51855ec-3c6a-4c97-a88c-75b607dd9f50', 'd11db9ec-650a-42a9-9f93-77c803329a00', 'Create a validation rule on the event object', false, 2, now(), now());
INSERT INTO "Answer" ("id", "questionId", "content", "isCorrect", "sortOrder", "createdAt", "updatedAt") VALUES ('7a8c6479-9e0e-4f5c-a528-9628559ff4bb', 'd11db9ec-650a-42a9-9f93-77c803329a00', 'Use a workflow rule to send an outbound message', false, 3, now(), now());
INSERT INTO "Question" ("id", "examId", "topicId", "content", "codeSnippet", "type", "difficulty", "explanation", "referenceUrl", "isPremium", "isActive", "createdAt", "updatedAt") VALUES ('da253d34-3613-495c-ad27-01f9faaf527b', '003f2098-cb83-416f-a53e-ff07cacd3c9c', 'eb9377c0-a248-43dd-9969-4f026170266c', 'A developer wants to publish the Shipment_Sent__e platform event when a shipment is sent. Which two items are required in Salesforce to do this? Choose 2 answers.', NULL, 'MULTIPLE_CHOICE', 3, 'You must define the platform event and publish it from Apex or Flow. Validation rules and workflow rules are not required for publishing.', 'https://resources.docs.salesforce.com/latest/latest/en-us/sfdc/pdf/platform_events.pdf', false, true, now(), now());
INSERT INTO "Answer" ("id", "questionId", "content", "isCorrect", "sortOrder", "createdAt", "updatedAt") VALUES ('a043adf6-976b-41c9-9d7b-c0cde15de073', 'da253d34-3613-495c-ad27-01f9faaf527b', 'Define a platform event with custom fields', true, 0, now(), now());
INSERT INTO "Answer" ("id", "questionId", "content", "isCorrect", "sortOrder", "createdAt", "updatedAt") VALUES ('55e0de0e-dc6f-4204-b7da-f5f58b12e34b', 'da253d34-3613-495c-ad27-01f9faaf527b', 'Publish the event from Apex or Flow', true, 1, now(), now());
INSERT INTO "Answer" ("id", "questionId", "content", "isCorrect", "sortOrder", "createdAt", "updatedAt") VALUES ('b2db0534-181f-46f5-bba2-302880749468', 'da253d34-3613-495c-ad27-01f9faaf527b', 'Create a validation rule on the event object', false, 2, now(), now());
INSERT INTO "Answer" ("id", "questionId", "content", "isCorrect", "sortOrder", "createdAt", "updatedAt") VALUES ('fdfe4248-8141-434c-85f6-e629ff8d817e', 'da253d34-3613-495c-ad27-01f9faaf527b', 'Use a workflow rule to send an outbound message', false, 3, now(), now());
INSERT INTO "Question" ("id", "examId", "topicId", "content", "codeSnippet", "type", "difficulty", "explanation", "referenceUrl", "isPremium", "isActive", "createdAt", "updatedAt") VALUES ('26726f1d-4b88-40f3-ac2c-8d2737851bce', '003f2098-cb83-416f-a53e-ff07cacd3c9c', 'eb9377c0-a248-43dd-9969-4f026170266c', 'A list of Account IDs contains duplicates and must be de-duplicated before a query. Which collection type should be used? Choose 1 answer.', NULL, 'SINGLE_CHOICE', 2, 'Sets automatically remove duplicates and are ideal for unique IDs.', 'https://resources.docs.salesforce.com/latest/latest/en-us/sfdc/pdf/salesforce_apex_developer_guide.pdf', false, true, now(), now());
INSERT INTO "Answer" ("id", "questionId", "content", "isCorrect", "sortOrder", "createdAt", "updatedAt") VALUES ('8fcc1b1b-da5c-421b-a94f-32fc903418b5', '26726f1d-4b88-40f3-ac2c-8d2737851bce', 'Set<Id>', true, 0, now(), now());
INSERT INTO "Answer" ("id", "questionId", "content", "isCorrect", "sortOrder", "createdAt", "updatedAt") VALUES ('a8bf1a3d-af56-43c4-a160-f90f37b784ab', '26726f1d-4b88-40f3-ac2c-8d2737851bce', 'List<Id>', false, 1, now(), now());
INSERT INTO "Answer" ("id", "questionId", "content", "isCorrect", "sortOrder", "createdAt", "updatedAt") VALUES ('a7551836-1f6f-466c-b7df-d1869c759326', '26726f1d-4b88-40f3-ac2c-8d2737851bce', 'Map<Id, Id>', false, 2, now(), now());
INSERT INTO "Answer" ("id", "questionId", "content", "isCorrect", "sortOrder", "createdAt", "updatedAt") VALUES ('ab3c9dfc-6a13-475c-add6-bc41ebd5659b', '26726f1d-4b88-40f3-ac2c-8d2737851bce', 'Queueable', false, 3, now(), now());
INSERT INTO "Question" ("id", "examId", "topicId", "content", "codeSnippet", "type", "difficulty", "explanation", "referenceUrl", "isPremium", "isActive", "createdAt", "updatedAt") VALUES ('6f93989c-59d8-4853-9838-e33305e70e85', '003f2098-cb83-416f-a53e-ff07cacd3c9c', 'eb9377c0-a248-43dd-9969-4f026170266c', 'A list of Contact IDs contains duplicates and must be de-duplicated before a query. Which collection type should be used? Choose 1 answer.', NULL, 'SINGLE_CHOICE', 2, 'Sets automatically remove duplicates and are ideal for unique IDs.', 'https://resources.docs.salesforce.com/latest/latest/en-us/sfdc/pdf/salesforce_apex_developer_guide.pdf', false, true, now(), now());
INSERT INTO "Answer" ("id", "questionId", "content", "isCorrect", "sortOrder", "createdAt", "updatedAt") VALUES ('46a62929-4a7a-49c3-8649-65e6d4bc08b6', '6f93989c-59d8-4853-9838-e33305e70e85', 'Set<Id>', true, 0, now(), now());
INSERT INTO "Answer" ("id", "questionId", "content", "isCorrect", "sortOrder", "createdAt", "updatedAt") VALUES ('8700dff4-6469-4ecc-b616-13ab3244b831', '6f93989c-59d8-4853-9838-e33305e70e85', 'List<Id>', false, 1, now(), now());
INSERT INTO "Answer" ("id", "questionId", "content", "isCorrect", "sortOrder", "createdAt", "updatedAt") VALUES ('7fa839ee-2e9d-48fd-bac4-852940562c8e', '6f93989c-59d8-4853-9838-e33305e70e85', 'Map<Id, Id>', false, 2, now(), now());
INSERT INTO "Answer" ("id", "questionId", "content", "isCorrect", "sortOrder", "createdAt", "updatedAt") VALUES ('deee1c6c-0380-43ca-aa6c-57ce3fc2be2f', '6f93989c-59d8-4853-9838-e33305e70e85', 'Queueable', false, 3, now(), now());
INSERT INTO "Question" ("id", "examId", "topicId", "content", "codeSnippet", "type", "difficulty", "explanation", "referenceUrl", "isPremium", "isActive", "createdAt", "updatedAt") VALUES ('b18defb5-5084-4106-a409-7765876a4657', '003f2098-cb83-416f-a53e-ff07cacd3c9c', 'eb9377c0-a248-43dd-9969-4f026170266c', 'A list of Case IDs contains duplicates and must be de-duplicated before a query. Which collection type should be used? Choose 1 answer.', NULL, 'SINGLE_CHOICE', 2, 'Sets automatically remove duplicates and are ideal for unique IDs.', 'https://resources.docs.salesforce.com/latest/latest/en-us/sfdc/pdf/salesforce_apex_developer_guide.pdf', false, true, now(), now());
INSERT INTO "Answer" ("id", "questionId", "content", "isCorrect", "sortOrder", "createdAt", "updatedAt") VALUES ('8a9e2c47-5247-47aa-b45d-911ab3149c5c', 'b18defb5-5084-4106-a409-7765876a4657', 'Set<Id>', true, 0, now(), now());
INSERT INTO "Answer" ("id", "questionId", "content", "isCorrect", "sortOrder", "createdAt", "updatedAt") VALUES ('3e53e52f-894c-4930-b9ba-4aec2f040930', 'b18defb5-5084-4106-a409-7765876a4657', 'List<Id>', false, 1, now(), now());
INSERT INTO "Answer" ("id", "questionId", "content", "isCorrect", "sortOrder", "createdAt", "updatedAt") VALUES ('8258fd02-92d4-4f9b-b15a-b2f61e672e4e', 'b18defb5-5084-4106-a409-7765876a4657', 'Map<Id, Id>', false, 2, now(), now());
INSERT INTO "Answer" ("id", "questionId", "content", "isCorrect", "sortOrder", "createdAt", "updatedAt") VALUES ('926cf954-d2fe-4a4e-a764-37f2bea758bf', 'b18defb5-5084-4106-a409-7765876a4657', 'Queueable', false, 3, now(), now());
INSERT INTO "Question" ("id", "examId", "topicId", "content", "codeSnippet", "type", "difficulty", "explanation", "referenceUrl", "isPremium", "isActive", "createdAt", "updatedAt") VALUES ('61b7a08d-e804-414b-82e2-dfd102ef71d8', '003f2098-cb83-416f-a53e-ff07cacd3c9c', 'eb9377c0-a248-43dd-9969-4f026170266c', 'A list of Opportunity IDs contains duplicates and must be de-duplicated before a query. Which collection type should be used? Choose 1 answer.', NULL, 'SINGLE_CHOICE', 2, 'Sets automatically remove duplicates and are ideal for unique IDs.', 'https://resources.docs.salesforce.com/latest/latest/en-us/sfdc/pdf/salesforce_apex_developer_guide.pdf', false, true, now(), now());
INSERT INTO "Answer" ("id", "questionId", "content", "isCorrect", "sortOrder", "createdAt", "updatedAt") VALUES ('c4bc68ab-0a42-435e-b451-e99cd51e1cc3', '61b7a08d-e804-414b-82e2-dfd102ef71d8', 'Set<Id>', true, 0, now(), now());
INSERT INTO "Answer" ("id", "questionId", "content", "isCorrect", "sortOrder", "createdAt", "updatedAt") VALUES ('7d336103-6cda-455f-8b37-6b39e6dbf065', '61b7a08d-e804-414b-82e2-dfd102ef71d8', 'List<Id>', false, 1, now(), now());
INSERT INTO "Answer" ("id", "questionId", "content", "isCorrect", "sortOrder", "createdAt", "updatedAt") VALUES ('753d5f49-441e-475d-9dd1-2cfd08d5edd8', '61b7a08d-e804-414b-82e2-dfd102ef71d8', 'Map<Id, Id>', false, 2, now(), now());
INSERT INTO "Answer" ("id", "questionId", "content", "isCorrect", "sortOrder", "createdAt", "updatedAt") VALUES ('8aa01e0f-6f86-4cd3-988d-b100e1d3bc13', '61b7a08d-e804-414b-82e2-dfd102ef71d8', 'Queueable', false, 3, now(), now());
INSERT INTO "Question" ("id", "examId", "topicId", "content", "codeSnippet", "type", "difficulty", "explanation", "referenceUrl", "isPremium", "isActive", "createdAt", "updatedAt") VALUES ('ed8cd929-ed10-45d6-b13c-420dfe92e55c', '003f2098-cb83-416f-a53e-ff07cacd3c9c', 'eb9377c0-a248-43dd-9969-4f026170266c', 'A list of Custom_Object__c IDs contains duplicates and must be de-duplicated before a query. Which collection type should be used? Choose 1 answer.', NULL, 'SINGLE_CHOICE', 2, 'Sets automatically remove duplicates and are ideal for unique IDs.', 'https://resources.docs.salesforce.com/latest/latest/en-us/sfdc/pdf/salesforce_apex_developer_guide.pdf', false, true, now(), now());
INSERT INTO "Answer" ("id", "questionId", "content", "isCorrect", "sortOrder", "createdAt", "updatedAt") VALUES ('66d490bb-5df7-489e-8dbc-bda5ef61a128', 'ed8cd929-ed10-45d6-b13c-420dfe92e55c', 'Set<Id>', true, 0, now(), now());
INSERT INTO "Answer" ("id", "questionId", "content", "isCorrect", "sortOrder", "createdAt", "updatedAt") VALUES ('cbdc0fa7-28e1-4020-a1e3-0e2a0a09b721', 'ed8cd929-ed10-45d6-b13c-420dfe92e55c', 'List<Id>', false, 1, now(), now());
INSERT INTO "Answer" ("id", "questionId", "content", "isCorrect", "sortOrder", "createdAt", "updatedAt") VALUES ('42fdaf9a-ec54-42c5-b984-f8d8645fab8a', 'ed8cd929-ed10-45d6-b13c-420dfe92e55c', 'Map<Id, Id>', false, 2, now(), now());
INSERT INTO "Answer" ("id", "questionId", "content", "isCorrect", "sortOrder", "createdAt", "updatedAt") VALUES ('de513be6-41a6-448d-9bb7-85d62bd29695', 'ed8cd929-ed10-45d6-b13c-420dfe92e55c', 'Queueable', false, 3, now(), now());
INSERT INTO "Question" ("id", "examId", "topicId", "content", "codeSnippet", "type", "difficulty", "explanation", "referenceUrl", "isPremium", "isActive", "createdAt", "updatedAt") VALUES ('6510106c-bfd5-4faa-8e3e-a7900057f229', '003f2098-cb83-416f-a53e-ff07cacd3c9c', 'eb9377c0-a248-43dd-9969-4f026170266c', 'A trigger processes up to 200 Opportunity records at once. Which practice helps avoid governor limits? Choose 1 answer.', NULL, 'SINGLE_CHOICE', 3, 'Bulkify by using collections and a single DML to avoid hitting limits.', 'https://resources.docs.salesforce.com/latest/latest/en-us/sfdc/pdf/salesforce_apex_developer_guide.pdf', false, true, now(), now());
INSERT INTO "Answer" ("id", "questionId", "content", "isCorrect", "sortOrder", "createdAt", "updatedAt") VALUES ('2ccd67fa-8471-41d9-a7be-e15bf4962247', '6510106c-bfd5-4faa-8e3e-a7900057f229', 'Accumulate records in a list and perform a single DML statement', true, 0, now(), now());
INSERT INTO "Answer" ("id", "questionId", "content", "isCorrect", "sortOrder", "createdAt", "updatedAt") VALUES ('5e22faf2-ac16-4de3-9a1c-f36ff1925ced', '6510106c-bfd5-4faa-8e3e-a7900057f229', 'Perform DML inside the for loop', false, 1, now(), now());
INSERT INTO "Answer" ("id", "questionId", "content", "isCorrect", "sortOrder", "createdAt", "updatedAt") VALUES ('097a9bdf-ab8a-4608-847a-b5eaa0dbda9c', '6510106c-bfd5-4faa-8e3e-a7900057f229', 'Use System.debug for each record', false, 2, now(), now());
INSERT INTO "Answer" ("id", "questionId", "content", "isCorrect", "sortOrder", "createdAt", "updatedAt") VALUES ('579c7310-8c7a-4d49-9b72-8a2c57675599', '6510106c-bfd5-4faa-8e3e-a7900057f229', 'Use a validation rule instead', false, 3, now(), now());
INSERT INTO "Question" ("id", "examId", "topicId", "content", "codeSnippet", "type", "difficulty", "explanation", "referenceUrl", "isPremium", "isActive", "createdAt", "updatedAt") VALUES ('42ecbf31-2641-4804-97a6-7d34704d5a6a', '003f2098-cb83-416f-a53e-ff07cacd3c9c', 'eb9377c0-a248-43dd-9969-4f026170266c', 'A trigger processes up to 200 Case records at once. Which practice helps avoid governor limits? Choose 1 answer.', NULL, 'SINGLE_CHOICE', 3, 'Bulkify by using collections and a single DML to avoid hitting limits.', 'https://resources.docs.salesforce.com/latest/latest/en-us/sfdc/pdf/salesforce_apex_developer_guide.pdf', false, true, now(), now());
INSERT INTO "Answer" ("id", "questionId", "content", "isCorrect", "sortOrder", "createdAt", "updatedAt") VALUES ('33f6e3e9-85a2-4bcf-8055-2244cf0b9d20', '42ecbf31-2641-4804-97a6-7d34704d5a6a', 'Accumulate records in a list and perform a single DML statement', true, 0, now(), now());
INSERT INTO "Answer" ("id", "questionId", "content", "isCorrect", "sortOrder", "createdAt", "updatedAt") VALUES ('82bc188f-a9c6-49e8-b90e-1fe6289eb5c8', '42ecbf31-2641-4804-97a6-7d34704d5a6a', 'Perform DML inside the for loop', false, 1, now(), now());
INSERT INTO "Answer" ("id", "questionId", "content", "isCorrect", "sortOrder", "createdAt", "updatedAt") VALUES ('9baf0c80-0d25-48a9-9478-e15fad78b9a5', '42ecbf31-2641-4804-97a6-7d34704d5a6a', 'Use System.debug for each record', false, 2, now(), now());
INSERT INTO "Answer" ("id", "questionId", "content", "isCorrect", "sortOrder", "createdAt", "updatedAt") VALUES ('620cef1c-96c6-47fc-a89a-926f92f01282', '42ecbf31-2641-4804-97a6-7d34704d5a6a', 'Use a validation rule instead', false, 3, now(), now());
INSERT INTO "Question" ("id", "examId", "topicId", "content", "codeSnippet", "type", "difficulty", "explanation", "referenceUrl", "isPremium", "isActive", "createdAt", "updatedAt") VALUES ('55848849-ae6c-4284-a977-394c11d0a4a9', '003f2098-cb83-416f-a53e-ff07cacd3c9c', 'eb9377c0-a248-43dd-9969-4f026170266c', 'A trigger processes up to 200 Account records at once. Which practice helps avoid governor limits? Choose 1 answer.', NULL, 'SINGLE_CHOICE', 3, 'Bulkify by using collections and a single DML to avoid hitting limits.', 'https://resources.docs.salesforce.com/latest/latest/en-us/sfdc/pdf/salesforce_apex_developer_guide.pdf', false, true, now(), now());
INSERT INTO "Answer" ("id", "questionId", "content", "isCorrect", "sortOrder", "createdAt", "updatedAt") VALUES ('350ca9e6-0375-4f60-a21a-2d47b1e7893d', '55848849-ae6c-4284-a977-394c11d0a4a9', 'Accumulate records in a list and perform a single DML statement', true, 0, now(), now());
INSERT INTO "Answer" ("id", "questionId", "content", "isCorrect", "sortOrder", "createdAt", "updatedAt") VALUES ('4ef0927a-a98a-4352-96af-ae848cf89b96', '55848849-ae6c-4284-a977-394c11d0a4a9', 'Perform DML inside the for loop', false, 1, now(), now());
INSERT INTO "Answer" ("id", "questionId", "content", "isCorrect", "sortOrder", "createdAt", "updatedAt") VALUES ('1dd8a83e-19b5-42c2-a966-1567f92ab0a6', '55848849-ae6c-4284-a977-394c11d0a4a9', 'Use System.debug for each record', false, 2, now(), now());
INSERT INTO "Answer" ("id", "questionId", "content", "isCorrect", "sortOrder", "createdAt", "updatedAt") VALUES ('94a60906-8901-4bdc-8086-432452b26ef5', '55848849-ae6c-4284-a977-394c11d0a4a9', 'Use a validation rule instead', false, 3, now(), now());
INSERT INTO "Question" ("id", "examId", "topicId", "content", "codeSnippet", "type", "difficulty", "explanation", "referenceUrl", "isPremium", "isActive", "createdAt", "updatedAt") VALUES ('bbddba40-cd33-4ff8-bac9-51eb2bda81ce', '003f2098-cb83-416f-a53e-ff07cacd3c9c', 'eb9377c0-a248-43dd-9969-4f026170266c', 'A trigger processes up to 200 Lead records at once. Which practice helps avoid governor limits? Choose 1 answer.', NULL, 'SINGLE_CHOICE', 3, 'Bulkify by using collections and a single DML to avoid hitting limits.', 'https://resources.docs.salesforce.com/latest/latest/en-us/sfdc/pdf/salesforce_apex_developer_guide.pdf', false, true, now(), now());
INSERT INTO "Answer" ("id", "questionId", "content", "isCorrect", "sortOrder", "createdAt", "updatedAt") VALUES ('1e91d7c2-3870-4386-a05b-02e1d4394188', 'bbddba40-cd33-4ff8-bac9-51eb2bda81ce', 'Accumulate records in a list and perform a single DML statement', true, 0, now(), now());
INSERT INTO "Answer" ("id", "questionId", "content", "isCorrect", "sortOrder", "createdAt", "updatedAt") VALUES ('9de38967-17e0-42cc-bf7e-ac503c130796', 'bbddba40-cd33-4ff8-bac9-51eb2bda81ce', 'Perform DML inside the for loop', false, 1, now(), now());
INSERT INTO "Answer" ("id", "questionId", "content", "isCorrect", "sortOrder", "createdAt", "updatedAt") VALUES ('6b97f110-3c71-4c70-9b8e-e4c6bb7c1e44', 'bbddba40-cd33-4ff8-bac9-51eb2bda81ce', 'Use System.debug for each record', false, 2, now(), now());
INSERT INTO "Answer" ("id", "questionId", "content", "isCorrect", "sortOrder", "createdAt", "updatedAt") VALUES ('23fbece7-fc77-4f3f-a6d4-d25f734de34c', 'bbddba40-cd33-4ff8-bac9-51eb2bda81ce', 'Use a validation rule instead', false, 3, now(), now());
INSERT INTO "Question" ("id", "examId", "topicId", "content", "codeSnippet", "type", "difficulty", "explanation", "referenceUrl", "isPremium", "isActive", "createdAt", "updatedAt") VALUES ('47c424ed-ddf2-47d6-a2a0-b31dd0d176b3', '003f2098-cb83-416f-a53e-ff07cacd3c9c', 'eb9377c0-a248-43dd-9969-4f026170266c', 'A trigger processes up to 200 Invoice__c records at once. Which practice helps avoid governor limits? Choose 1 answer.', NULL, 'SINGLE_CHOICE', 3, 'Bulkify by using collections and a single DML to avoid hitting limits.', 'https://resources.docs.salesforce.com/latest/latest/en-us/sfdc/pdf/salesforce_apex_developer_guide.pdf', false, true, now(), now());
INSERT INTO "Answer" ("id", "questionId", "content", "isCorrect", "sortOrder", "createdAt", "updatedAt") VALUES ('a32d397e-e365-41a8-ba29-2d286cd1d8a3', '47c424ed-ddf2-47d6-a2a0-b31dd0d176b3', 'Accumulate records in a list and perform a single DML statement', true, 0, now(), now());
INSERT INTO "Answer" ("id", "questionId", "content", "isCorrect", "sortOrder", "createdAt", "updatedAt") VALUES ('fa12d437-8222-498d-895d-51bdc5b36ed4', '47c424ed-ddf2-47d6-a2a0-b31dd0d176b3', 'Perform DML inside the for loop', false, 1, now(), now());
INSERT INTO "Answer" ("id", "questionId", "content", "isCorrect", "sortOrder", "createdAt", "updatedAt") VALUES ('7e03b6fe-d547-4dd4-aca3-96f3d0aa5597', '47c424ed-ddf2-47d6-a2a0-b31dd0d176b3', 'Use System.debug for each record', false, 2, now(), now());
INSERT INTO "Answer" ("id", "questionId", "content", "isCorrect", "sortOrder", "createdAt", "updatedAt") VALUES ('c1f60e47-7731-4045-a48b-4b878e7f279c', '47c424ed-ddf2-47d6-a2a0-b31dd0d176b3', 'Use a validation rule instead', false, 3, now(), now());
INSERT INTO "Question" ("id", "examId", "topicId", "content", "codeSnippet", "type", "difficulty", "explanation", "referenceUrl", "isPremium", "isActive", "createdAt", "updatedAt") VALUES ('fba11957-5245-4877-b3ac-d7328e3217e2', '003f2098-cb83-416f-a53e-ff07cacd3c9c', 'eb9377c0-a248-43dd-9969-4f026170266c', 'When a Case record is created, the system must send an email and update a field. No complex logic is required. Which tool should be used? Choose 1 answer.', NULL, 'SINGLE_CHOICE', 2, 'Record-triggered flows are the declarative option for simple automation on record changes.', 'https://trailhead.salesforce.com/content/learn/modules/record-triggered-flows/get-started-with-triggered-flows', false, true, now(), now());
INSERT INTO "Answer" ("id", "questionId", "content", "isCorrect", "sortOrder", "createdAt", "updatedAt") VALUES ('674c2fe6-febd-4a6c-92b7-c97d4d0dfffe', 'fba11957-5245-4877-b3ac-d7328e3217e2', 'Record-triggered flow', true, 0, now(), now());
INSERT INTO "Answer" ("id", "questionId", "content", "isCorrect", "sortOrder", "createdAt", "updatedAt") VALUES ('29d55afb-a2fd-4551-be76-a34417c13718', 'fba11957-5245-4877-b3ac-d7328e3217e2', 'Apex trigger', false, 1, now(), now());
INSERT INTO "Answer" ("id", "questionId", "content", "isCorrect", "sortOrder", "createdAt", "updatedAt") VALUES ('ea33d4ad-d949-4203-b659-9d61304770e3', 'fba11957-5245-4877-b3ac-d7328e3217e2', 'Scheduled Apex', false, 2, now(), now());
INSERT INTO "Answer" ("id", "questionId", "content", "isCorrect", "sortOrder", "createdAt", "updatedAt") VALUES ('653c1ac7-9d8f-4cd8-af7c-31a810e3da7f', 'fba11957-5245-4877-b3ac-d7328e3217e2', 'Batch Apex', false, 3, now(), now());
INSERT INTO "Question" ("id", "examId", "topicId", "content", "codeSnippet", "type", "difficulty", "explanation", "referenceUrl", "isPremium", "isActive", "createdAt", "updatedAt") VALUES ('fbf9f42a-905a-4d30-852d-d8f324173f05', '003f2098-cb83-416f-a53e-ff07cacd3c9c', 'eb9377c0-a248-43dd-9969-4f026170266c', 'When a Lead record is created, the system must create a follow-up Task. No complex logic is required. Which tool should be used? Choose 1 answer.', NULL, 'SINGLE_CHOICE', 2, 'Record-triggered flows are the declarative option for simple automation on record changes.', 'https://trailhead.salesforce.com/content/learn/modules/record-triggered-flows/get-started-with-triggered-flows', false, true, now(), now());
INSERT INTO "Answer" ("id", "questionId", "content", "isCorrect", "sortOrder", "createdAt", "updatedAt") VALUES ('2d8195d0-8c06-4dd3-8de7-b5e2c35f0681', 'fbf9f42a-905a-4d30-852d-d8f324173f05', 'Record-triggered flow', true, 0, now(), now());
INSERT INTO "Answer" ("id", "questionId", "content", "isCorrect", "sortOrder", "createdAt", "updatedAt") VALUES ('da4468f3-f96e-4da4-a5e9-a7376a10b9bc', 'fbf9f42a-905a-4d30-852d-d8f324173f05', 'Apex trigger', false, 1, now(), now());
INSERT INTO "Answer" ("id", "questionId", "content", "isCorrect", "sortOrder", "createdAt", "updatedAt") VALUES ('14423a63-65a3-4f2e-900a-56d96e0f12ac', 'fbf9f42a-905a-4d30-852d-d8f324173f05', 'Scheduled Apex', false, 2, now(), now());
INSERT INTO "Answer" ("id", "questionId", "content", "isCorrect", "sortOrder", "createdAt", "updatedAt") VALUES ('dd7e9c2c-9093-424b-8ae9-428573d34e66', 'fbf9f42a-905a-4d30-852d-d8f324173f05', 'Batch Apex', false, 3, now(), now());
INSERT INTO "Question" ("id", "examId", "topicId", "content", "codeSnippet", "type", "difficulty", "explanation", "referenceUrl", "isPremium", "isActive", "createdAt", "updatedAt") VALUES ('f736586e-61b0-411e-8200-8803b45372bc', '003f2098-cb83-416f-a53e-ff07cacd3c9c', 'eb9377c0-a248-43dd-9969-4f026170266c', 'When a Opportunity record is created, the system must update a related Account field. No complex logic is required. Which tool should be used? Choose 1 answer.', NULL, 'SINGLE_CHOICE', 2, 'Record-triggered flows are the declarative option for simple automation on record changes.', 'https://trailhead.salesforce.com/content/learn/modules/record-triggered-flows/get-started-with-triggered-flows', false, true, now(), now());
INSERT INTO "Answer" ("id", "questionId", "content", "isCorrect", "sortOrder", "createdAt", "updatedAt") VALUES ('cf97d390-b199-4829-a8df-a378e4e57241', 'f736586e-61b0-411e-8200-8803b45372bc', 'Record-triggered flow', true, 0, now(), now());
INSERT INTO "Answer" ("id", "questionId", "content", "isCorrect", "sortOrder", "createdAt", "updatedAt") VALUES ('cf292d3e-0779-449f-8136-5f3287db34b7', 'f736586e-61b0-411e-8200-8803b45372bc', 'Apex trigger', false, 1, now(), now());
INSERT INTO "Answer" ("id", "questionId", "content", "isCorrect", "sortOrder", "createdAt", "updatedAt") VALUES ('01f754c1-10a3-4e9d-9536-7cf194094c71', 'f736586e-61b0-411e-8200-8803b45372bc', 'Scheduled Apex', false, 2, now(), now());
INSERT INTO "Answer" ("id", "questionId", "content", "isCorrect", "sortOrder", "createdAt", "updatedAt") VALUES ('f7a5a8a7-0ffb-4c09-92c9-99e53951900d', 'f736586e-61b0-411e-8200-8803b45372bc', 'Batch Apex', false, 3, now(), now());
INSERT INTO "Question" ("id", "examId", "topicId", "content", "codeSnippet", "type", "difficulty", "explanation", "referenceUrl", "isPremium", "isActive", "createdAt", "updatedAt") VALUES ('c570e35e-c4b0-4094-9814-fda08fdcc982', '003f2098-cb83-416f-a53e-ff07cacd3c9c', 'eb9377c0-a248-43dd-9969-4f026170266c', 'When a Order__c record is created, the system must create a related Shipment__c. No complex logic is required. Which tool should be used? Choose 1 answer.', NULL, 'SINGLE_CHOICE', 2, 'Record-triggered flows are the declarative option for simple automation on record changes.', 'https://trailhead.salesforce.com/content/learn/modules/record-triggered-flows/get-started-with-triggered-flows', false, true, now(), now());
INSERT INTO "Answer" ("id", "questionId", "content", "isCorrect", "sortOrder", "createdAt", "updatedAt") VALUES ('6866a956-b212-4fb7-b02b-866df64a0218', 'c570e35e-c4b0-4094-9814-fda08fdcc982', 'Record-triggered flow', true, 0, now(), now());
INSERT INTO "Answer" ("id", "questionId", "content", "isCorrect", "sortOrder", "createdAt", "updatedAt") VALUES ('0ece095d-58d1-40da-9aac-041a6147a97d', 'c570e35e-c4b0-4094-9814-fda08fdcc982', 'Apex trigger', false, 1, now(), now());
INSERT INTO "Answer" ("id", "questionId", "content", "isCorrect", "sortOrder", "createdAt", "updatedAt") VALUES ('2d74457f-6800-46f3-bea3-77454e8d0a48', 'c570e35e-c4b0-4094-9814-fda08fdcc982', 'Scheduled Apex', false, 2, now(), now());
INSERT INTO "Answer" ("id", "questionId", "content", "isCorrect", "sortOrder", "createdAt", "updatedAt") VALUES ('63e35dc6-52ae-48e0-a8b0-75e308a2501f', 'c570e35e-c4b0-4094-9814-fda08fdcc982', 'Batch Apex', false, 3, now(), now());
INSERT INTO "Question" ("id", "examId", "topicId", "content", "codeSnippet", "type", "difficulty", "explanation", "referenceUrl", "isPremium", "isActive", "createdAt", "updatedAt") VALUES ('8754f723-f3e3-4506-b065-561511062810', '003f2098-cb83-416f-a53e-ff07cacd3c9c', 'eb9377c0-a248-43dd-9969-4f026170266c', 'When a Asset__c record is created, the system must set a status field. No complex logic is required. Which tool should be used? Choose 1 answer.', NULL, 'SINGLE_CHOICE', 2, 'Record-triggered flows are the declarative option for simple automation on record changes.', 'https://trailhead.salesforce.com/content/learn/modules/record-triggered-flows/get-started-with-triggered-flows', false, true, now(), now());
INSERT INTO "Answer" ("id", "questionId", "content", "isCorrect", "sortOrder", "createdAt", "updatedAt") VALUES ('20dae27c-51c3-4d2c-8924-f83cc4f74b39', '8754f723-f3e3-4506-b065-561511062810', 'Record-triggered flow', true, 0, now(), now());
INSERT INTO "Answer" ("id", "questionId", "content", "isCorrect", "sortOrder", "createdAt", "updatedAt") VALUES ('ab583060-080b-4118-b862-86241752144d', '8754f723-f3e3-4506-b065-561511062810', 'Apex trigger', false, 1, now(), now());
INSERT INTO "Answer" ("id", "questionId", "content", "isCorrect", "sortOrder", "createdAt", "updatedAt") VALUES ('4a69dbf8-c409-4ab2-bf42-4d0f943e0b0b', '8754f723-f3e3-4506-b065-561511062810', 'Scheduled Apex', false, 2, now(), now());
INSERT INTO "Answer" ("id", "questionId", "content", "isCorrect", "sortOrder", "createdAt", "updatedAt") VALUES ('a6e9bcd2-93c6-493b-8fe9-a1813541006a', '8754f723-f3e3-4506-b065-561511062810', 'Batch Apex', false, 3, now(), now());
INSERT INTO "Question" ("id", "examId", "topicId", "content", "codeSnippet", "type", "difficulty", "explanation", "referenceUrl", "isPremium", "isActive", "createdAt", "updatedAt") VALUES ('e20e3f1a-1e21-4151-998c-1537ab7a248e', '003f2098-cb83-416f-a53e-ff07cacd3c9c', 'eb9377c0-a248-43dd-9969-4f026170266c', 'What is the debug output of the code below when score is 92? Choose 1 answer.', 'Integer score = 92;
String grade;
if (score >= 90) {
    grade = ''A'';
} else if (score >= 80) {
    grade = ''B'';
} else if (score >= 70) {
    grade = ''C'';
} else if (score >= 60) {
    grade = ''D'';
} else {
    grade = ''F'';
}
System.debug(grade);', 'SINGLE_CHOICE', 2, 'The if/else chain assigns the first matching grade based on the score threshold.', 'https://resources.docs.salesforce.com/latest/latest/en-us/sfdc/pdf/salesforce_apex_developer_guide.pdf', false, true, now(), now());
INSERT INTO "Answer" ("id", "questionId", "content", "isCorrect", "sortOrder", "createdAt", "updatedAt") VALUES ('e3ea4275-d737-4ee3-a359-9f2bfcd17390', 'e20e3f1a-1e21-4151-998c-1537ab7a248e', 'A', true, 0, now(), now());
INSERT INTO "Answer" ("id", "questionId", "content", "isCorrect", "sortOrder", "createdAt", "updatedAt") VALUES ('51f5e813-9afd-408f-afc8-da81154254c9', 'e20e3f1a-1e21-4151-998c-1537ab7a248e', 'B', false, 1, now(), now());
INSERT INTO "Answer" ("id", "questionId", "content", "isCorrect", "sortOrder", "createdAt", "updatedAt") VALUES ('57304aa7-37b1-4f77-8aa0-1e9b34bb85bf', 'e20e3f1a-1e21-4151-998c-1537ab7a248e', 'C', false, 2, now(), now());
INSERT INTO "Answer" ("id", "questionId", "content", "isCorrect", "sortOrder", "createdAt", "updatedAt") VALUES ('27bdef31-a8c3-42df-b02f-89237f030d5e', 'e20e3f1a-1e21-4151-998c-1537ab7a248e', 'D', false, 3, now(), now());
INSERT INTO "Answer" ("id", "questionId", "content", "isCorrect", "sortOrder", "createdAt", "updatedAt") VALUES ('e1098bbd-39e7-409b-9062-98adede55d2f', 'e20e3f1a-1e21-4151-998c-1537ab7a248e', 'F', false, 4, now(), now());
INSERT INTO "Question" ("id", "examId", "topicId", "content", "codeSnippet", "type", "difficulty", "explanation", "referenceUrl", "isPremium", "isActive", "createdAt", "updatedAt") VALUES ('fba6a33e-8917-4677-9b6e-408dd7203200', '003f2098-cb83-416f-a53e-ff07cacd3c9c', 'eb9377c0-a248-43dd-9969-4f026170266c', 'What is the debug output of the code below when score is 83? Choose 1 answer.', 'Integer score = 83;
String grade;
if (score >= 90) {
    grade = ''A'';
} else if (score >= 80) {
    grade = ''B'';
} else if (score >= 70) {
    grade = ''C'';
} else if (score >= 60) {
    grade = ''D'';
} else {
    grade = ''F'';
}
System.debug(grade);', 'SINGLE_CHOICE', 2, 'The if/else chain assigns the first matching grade based on the score threshold.', 'https://resources.docs.salesforce.com/latest/latest/en-us/sfdc/pdf/salesforce_apex_developer_guide.pdf', false, true, now(), now());
INSERT INTO "Answer" ("id", "questionId", "content", "isCorrect", "sortOrder", "createdAt", "updatedAt") VALUES ('b9aa6646-27b2-41bb-a762-0ddfb85c13b6', 'fba6a33e-8917-4677-9b6e-408dd7203200', 'A', false, 0, now(), now());
INSERT INTO "Answer" ("id", "questionId", "content", "isCorrect", "sortOrder", "createdAt", "updatedAt") VALUES ('0f8f7fe4-4373-4642-970d-7c9b50b24322', 'fba6a33e-8917-4677-9b6e-408dd7203200', 'B', true, 1, now(), now());
INSERT INTO "Answer" ("id", "questionId", "content", "isCorrect", "sortOrder", "createdAt", "updatedAt") VALUES ('10a4c37d-f1f9-4347-9026-ff0aec79b6a3', 'fba6a33e-8917-4677-9b6e-408dd7203200', 'C', false, 2, now(), now());
INSERT INTO "Answer" ("id", "questionId", "content", "isCorrect", "sortOrder", "createdAt", "updatedAt") VALUES ('e4ae50d0-178f-4a45-94d4-957ca57d1937', 'fba6a33e-8917-4677-9b6e-408dd7203200', 'D', false, 3, now(), now());
INSERT INTO "Answer" ("id", "questionId", "content", "isCorrect", "sortOrder", "createdAt", "updatedAt") VALUES ('8f9e2a81-0a57-41e4-9191-15aafd1ae432', 'fba6a33e-8917-4677-9b6e-408dd7203200', 'F', false, 4, now(), now());
INSERT INTO "Question" ("id", "examId", "topicId", "content", "codeSnippet", "type", "difficulty", "explanation", "referenceUrl", "isPremium", "isActive", "createdAt", "updatedAt") VALUES ('17246330-f48e-432c-a4c2-5c6329a400cb', '003f2098-cb83-416f-a53e-ff07cacd3c9c', 'eb9377c0-a248-43dd-9969-4f026170266c', 'What is the debug output of the code below when score is 75? Choose 1 answer.', 'Integer score = 75;
String grade;
if (score >= 90) {
    grade = ''A'';
} else if (score >= 80) {
    grade = ''B'';
} else if (score >= 70) {
    grade = ''C'';
} else if (score >= 60) {
    grade = ''D'';
} else {
    grade = ''F'';
}
System.debug(grade);', 'SINGLE_CHOICE', 2, 'The if/else chain assigns the first matching grade based on the score threshold.', 'https://resources.docs.salesforce.com/latest/latest/en-us/sfdc/pdf/salesforce_apex_developer_guide.pdf', false, true, now(), now());
INSERT INTO "Answer" ("id", "questionId", "content", "isCorrect", "sortOrder", "createdAt", "updatedAt") VALUES ('64e36640-cb5c-4f54-8b48-85b0ef8d60f5', '17246330-f48e-432c-a4c2-5c6329a400cb', 'A', false, 0, now(), now());
INSERT INTO "Answer" ("id", "questionId", "content", "isCorrect", "sortOrder", "createdAt", "updatedAt") VALUES ('e1c4b2cb-cca8-4c42-8a8f-edb3850385d7', '17246330-f48e-432c-a4c2-5c6329a400cb', 'B', false, 1, now(), now());
INSERT INTO "Answer" ("id", "questionId", "content", "isCorrect", "sortOrder", "createdAt", "updatedAt") VALUES ('387e0d98-4fcb-4801-80b4-bf508f341416', '17246330-f48e-432c-a4c2-5c6329a400cb', 'C', true, 2, now(), now());
INSERT INTO "Answer" ("id", "questionId", "content", "isCorrect", "sortOrder", "createdAt", "updatedAt") VALUES ('cc33b034-c237-4a41-a7e8-60ad5e48c133', '17246330-f48e-432c-a4c2-5c6329a400cb', 'D', false, 3, now(), now());
INSERT INTO "Answer" ("id", "questionId", "content", "isCorrect", "sortOrder", "createdAt", "updatedAt") VALUES ('233fbf7e-5c50-4856-9e4f-52097620e426', '17246330-f48e-432c-a4c2-5c6329a400cb', 'F', false, 4, now(), now());
INSERT INTO "Question" ("id", "examId", "topicId", "content", "codeSnippet", "type", "difficulty", "explanation", "referenceUrl", "isPremium", "isActive", "createdAt", "updatedAt") VALUES ('2f0367e6-db45-4a4a-95a4-f46a4cdedace', '003f2098-cb83-416f-a53e-ff07cacd3c9c', 'eb9377c0-a248-43dd-9969-4f026170266c', 'What is the debug output of the code below when score is 67? Choose 1 answer.', 'Integer score = 67;
String grade;
if (score >= 90) {
    grade = ''A'';
} else if (score >= 80) {
    grade = ''B'';
} else if (score >= 70) {
    grade = ''C'';
} else if (score >= 60) {
    grade = ''D'';
} else {
    grade = ''F'';
}
System.debug(grade);', 'SINGLE_CHOICE', 2, 'The if/else chain assigns the first matching grade based on the score threshold.', 'https://resources.docs.salesforce.com/latest/latest/en-us/sfdc/pdf/salesforce_apex_developer_guide.pdf', false, true, now(), now());
INSERT INTO "Answer" ("id", "questionId", "content", "isCorrect", "sortOrder", "createdAt", "updatedAt") VALUES ('ceb9f1ca-e6c9-4111-82ac-4ccbbb071ab1', '2f0367e6-db45-4a4a-95a4-f46a4cdedace', 'A', false, 0, now(), now());
INSERT INTO "Answer" ("id", "questionId", "content", "isCorrect", "sortOrder", "createdAt", "updatedAt") VALUES ('a6a8d51f-5ac8-4097-a210-aa9f1bf48ba9', '2f0367e6-db45-4a4a-95a4-f46a4cdedace', 'B', false, 1, now(), now());
INSERT INTO "Answer" ("id", "questionId", "content", "isCorrect", "sortOrder", "createdAt", "updatedAt") VALUES ('1858cfec-d575-44d3-bd99-6c7932f77a41', '2f0367e6-db45-4a4a-95a4-f46a4cdedace', 'C', false, 2, now(), now());
INSERT INTO "Answer" ("id", "questionId", "content", "isCorrect", "sortOrder", "createdAt", "updatedAt") VALUES ('6e3d2ff8-ee32-4f12-b760-91d6c9d608d3', '2f0367e6-db45-4a4a-95a4-f46a4cdedace', 'D', true, 3, now(), now());
INSERT INTO "Answer" ("id", "questionId", "content", "isCorrect", "sortOrder", "createdAt", "updatedAt") VALUES ('9dd3ef45-4c71-4a97-975e-6ad33b732504', '2f0367e6-db45-4a4a-95a4-f46a4cdedace', 'F', false, 4, now(), now());
INSERT INTO "Question" ("id", "examId", "topicId", "content", "codeSnippet", "type", "difficulty", "explanation", "referenceUrl", "isPremium", "isActive", "createdAt", "updatedAt") VALUES ('d0ec701d-4a85-474a-949e-e548f3f1383a', '003f2098-cb83-416f-a53e-ff07cacd3c9c', 'eb9377c0-a248-43dd-9969-4f026170266c', 'What is the debug output of the code below when score is 58? Choose 1 answer.', 'Integer score = 58;
String grade;
if (score >= 90) {
    grade = ''A'';
} else if (score >= 80) {
    grade = ''B'';
} else if (score >= 70) {
    grade = ''C'';
} else if (score >= 60) {
    grade = ''D'';
} else {
    grade = ''F'';
}
System.debug(grade);', 'SINGLE_CHOICE', 2, 'The if/else chain assigns the first matching grade based on the score threshold.', 'https://resources.docs.salesforce.com/latest/latest/en-us/sfdc/pdf/salesforce_apex_developer_guide.pdf', false, true, now(), now());
INSERT INTO "Answer" ("id", "questionId", "content", "isCorrect", "sortOrder", "createdAt", "updatedAt") VALUES ('908cef56-6848-4461-b697-ab3f1d3eedef', 'd0ec701d-4a85-474a-949e-e548f3f1383a', 'A', false, 0, now(), now());
INSERT INTO "Answer" ("id", "questionId", "content", "isCorrect", "sortOrder", "createdAt", "updatedAt") VALUES ('4801a506-3fdb-4d96-a92b-8f17ecf400fe', 'd0ec701d-4a85-474a-949e-e548f3f1383a', 'B', false, 1, now(), now());
INSERT INTO "Answer" ("id", "questionId", "content", "isCorrect", "sortOrder", "createdAt", "updatedAt") VALUES ('857e6b6b-054d-43d5-aa56-07ec0d448738', 'd0ec701d-4a85-474a-949e-e548f3f1383a', 'C', false, 2, now(), now());
INSERT INTO "Answer" ("id", "questionId", "content", "isCorrect", "sortOrder", "createdAt", "updatedAt") VALUES ('ad4738f7-2973-4ea4-9c83-d2ae56dd617e', 'd0ec701d-4a85-474a-949e-e548f3f1383a', 'D', false, 3, now(), now());
INSERT INTO "Answer" ("id", "questionId", "content", "isCorrect", "sortOrder", "createdAt", "updatedAt") VALUES ('250b6ff7-cc99-4f55-a9ac-417e8a0e2c3a', 'd0ec701d-4a85-474a-949e-e548f3f1383a', 'F', true, 4, now(), now());
INSERT INTO "Question" ("id", "examId", "topicId", "content", "codeSnippet", "type", "difficulty", "explanation", "referenceUrl", "isPremium", "isActive", "createdAt", "updatedAt") VALUES ('5c4ad6c6-694e-455e-baeb-e7065c0def88', '003f2098-cb83-416f-a53e-ff07cacd3c9c', '7e65de9e-a352-43b3-aa3c-a0534b7f2528', 'A developer created an outbound change set in a sandbox, but a sandbox change set cant be uploaded to production. What should be done to resolve this? Choose 1 answer.', NULL, 'SINGLE_CHOICE', 3, 'The target org must authorize the deployment connection by allowing inbound changes.', 'https://trailhead.salesforce.com/content/learn/modules/flow-implementation-2/deploy-your-flow-to-production', false, true, now(), now());
INSERT INTO "Answer" ("id", "questionId", "content", "isCorrect", "sortOrder", "createdAt", "updatedAt") VALUES ('900bf0a6-be68-4e6a-bbec-431beafe4eed', '5c4ad6c6-694e-455e-baeb-e7065c0def88', 'Allow inbound changes on the Deployment Settings page in the target org', true, 0, now(), now());
INSERT INTO "Answer" ("id", "questionId", "content", "isCorrect", "sortOrder", "createdAt", "updatedAt") VALUES ('46b0d11a-c356-4f1e-bd93-83b3cd42759e', '5c4ad6c6-694e-455e-baeb-e7065c0def88', 'Create a new sandbox with full copy', false, 1, now(), now());
INSERT INTO "Answer" ("id", "questionId", "content", "isCorrect", "sortOrder", "createdAt", "updatedAt") VALUES ('b9081b38-60bc-4a70-ad5d-f2f022707b8b', '5c4ad6c6-694e-455e-baeb-e7065c0def88', 'Enable debug logs for the target org', false, 2, now(), now());
INSERT INTO "Answer" ("id", "questionId", "content", "isCorrect", "sortOrder", "createdAt", "updatedAt") VALUES ('5531dac0-b7f5-4368-bf6c-a0e808119bc1', '5c4ad6c6-694e-455e-baeb-e7065c0def88', 'Grant View All Data to the user', false, 3, now(), now());
INSERT INTO "Question" ("id", "examId", "topicId", "content", "codeSnippet", "type", "difficulty", "explanation", "referenceUrl", "isPremium", "isActive", "createdAt", "updatedAt") VALUES ('5831c151-24cb-4d38-971f-551878a98378', '003f2098-cb83-416f-a53e-ff07cacd3c9c', '7e65de9e-a352-43b3-aa3c-a0534b7f2528', 'A developer created an outbound change set in a sandbox, but the target org doesnt appear when uploading a change set. What should be done to resolve this? Choose 1 answer.', NULL, 'SINGLE_CHOICE', 3, 'The target org must authorize the deployment connection by allowing inbound changes.', 'https://trailhead.salesforce.com/content/learn/modules/flow-implementation-2/deploy-your-flow-to-production', false, true, now(), now());
INSERT INTO "Answer" ("id", "questionId", "content", "isCorrect", "sortOrder", "createdAt", "updatedAt") VALUES ('096b8f0b-bb86-4889-8b9a-8912312247ae', '5831c151-24cb-4d38-971f-551878a98378', 'Allow inbound changes on the Deployment Settings page in the target org', true, 0, now(), now());
INSERT INTO "Answer" ("id", "questionId", "content", "isCorrect", "sortOrder", "createdAt", "updatedAt") VALUES ('a9b40e7c-7d9e-4261-baa0-ee5070e79022', '5831c151-24cb-4d38-971f-551878a98378', 'Create a new sandbox with full copy', false, 1, now(), now());
INSERT INTO "Answer" ("id", "questionId", "content", "isCorrect", "sortOrder", "createdAt", "updatedAt") VALUES ('068c42d9-dc91-47db-a717-ab52a6203ee0', '5831c151-24cb-4d38-971f-551878a98378', 'Enable debug logs for the target org', false, 2, now(), now());
INSERT INTO "Answer" ("id", "questionId", "content", "isCorrect", "sortOrder", "createdAt", "updatedAt") VALUES ('f35451e1-1a89-4b8a-bd42-fa60e0cb7154', '5831c151-24cb-4d38-971f-551878a98378', 'Grant View All Data to the user', false, 3, now(), now());
INSERT INTO "Question" ("id", "examId", "topicId", "content", "codeSnippet", "type", "difficulty", "explanation", "referenceUrl", "isPremium", "isActive", "createdAt", "updatedAt") VALUES ('8a5e330c-6fb8-45b0-84d2-aa1660ea68ac', '003f2098-cb83-416f-a53e-ff07cacd3c9c', '7e65de9e-a352-43b3-aa3c-a0534b7f2528', 'A developer created an outbound change set in a sandbox, but an outbound change set cant be sent to the production org. What should be done to resolve this? Choose 1 answer.', NULL, 'SINGLE_CHOICE', 3, 'The target org must authorize the deployment connection by allowing inbound changes.', 'https://trailhead.salesforce.com/content/learn/modules/flow-implementation-2/deploy-your-flow-to-production', false, true, now(), now());
INSERT INTO "Answer" ("id", "questionId", "content", "isCorrect", "sortOrder", "createdAt", "updatedAt") VALUES ('bd2b695c-afc9-4f98-96e3-7a4abcc4f06d', '8a5e330c-6fb8-45b0-84d2-aa1660ea68ac', 'Allow inbound changes on the Deployment Settings page in the target org', true, 0, now(), now());
INSERT INTO "Answer" ("id", "questionId", "content", "isCorrect", "sortOrder", "createdAt", "updatedAt") VALUES ('790317e3-9ab0-4313-9f23-6d7faecc1082', '8a5e330c-6fb8-45b0-84d2-aa1660ea68ac', 'Create a new sandbox with full copy', false, 1, now(), now());
INSERT INTO "Answer" ("id", "questionId", "content", "isCorrect", "sortOrder", "createdAt", "updatedAt") VALUES ('bd3ec0db-5241-4f38-a3b2-dfa238a3fc6b', '8a5e330c-6fb8-45b0-84d2-aa1660ea68ac', 'Enable debug logs for the target org', false, 2, now(), now());
INSERT INTO "Answer" ("id", "questionId", "content", "isCorrect", "sortOrder", "createdAt", "updatedAt") VALUES ('8e4f5acb-6bcc-43b6-a1fd-8e44adcbcc42', '8a5e330c-6fb8-45b0-84d2-aa1660ea68ac', 'Grant View All Data to the user', false, 3, now(), now());
INSERT INTO "Question" ("id", "examId", "topicId", "content", "codeSnippet", "type", "difficulty", "explanation", "referenceUrl", "isPremium", "isActive", "createdAt", "updatedAt") VALUES ('cc89ffb3-746f-4ff6-92d2-e4c891fff556', '003f2098-cb83-416f-a53e-ff07cacd3c9c', '7e65de9e-a352-43b3-aa3c-a0534b7f2528', 'A developer created an outbound change set in a sandbox, but a developer sees no authorized target orgs for change set upload. What should be done to resolve this? Choose 1 answer.', NULL, 'SINGLE_CHOICE', 3, 'The target org must authorize the deployment connection by allowing inbound changes.', 'https://trailhead.salesforce.com/content/learn/modules/flow-implementation-2/deploy-your-flow-to-production', false, true, now(), now());
INSERT INTO "Answer" ("id", "questionId", "content", "isCorrect", "sortOrder", "createdAt", "updatedAt") VALUES ('5a09a0bd-845d-434d-8950-a646fa46999b', 'cc89ffb3-746f-4ff6-92d2-e4c891fff556', 'Allow inbound changes on the Deployment Settings page in the target org', true, 0, now(), now());
INSERT INTO "Answer" ("id", "questionId", "content", "isCorrect", "sortOrder", "createdAt", "updatedAt") VALUES ('668148aa-8a24-4a0e-a8f6-a7e5716e8566', 'cc89ffb3-746f-4ff6-92d2-e4c891fff556', 'Create a new sandbox with full copy', false, 1, now(), now());
INSERT INTO "Answer" ("id", "questionId", "content", "isCorrect", "sortOrder", "createdAt", "updatedAt") VALUES ('2c3e4b06-e540-46e9-8fac-e9235272897f', 'cc89ffb3-746f-4ff6-92d2-e4c891fff556', 'Enable debug logs for the target org', false, 2, now(), now());
INSERT INTO "Answer" ("id", "questionId", "content", "isCorrect", "sortOrder", "createdAt", "updatedAt") VALUES ('1b2302ce-b807-4d72-80b3-d1e517af4f66', 'cc89ffb3-746f-4ff6-92d2-e4c891fff556', 'Grant View All Data to the user', false, 3, now(), now());
INSERT INTO "Question" ("id", "examId", "topicId", "content", "codeSnippet", "type", "difficulty", "explanation", "referenceUrl", "isPremium", "isActive", "createdAt", "updatedAt") VALUES ('092e1e24-a3fe-476d-a49c-b4f3c25c9a6c', '003f2098-cb83-416f-a53e-ff07cacd3c9c', '7e65de9e-a352-43b3-aa3c-a0534b7f2528', 'A developer created an outbound change set in a sandbox, but uploading a change set fails because the target org isnt authorized. What should be done to resolve this? Choose 1 answer.', NULL, 'SINGLE_CHOICE', 3, 'The target org must authorize the deployment connection by allowing inbound changes.', 'https://trailhead.salesforce.com/content/learn/modules/flow-implementation-2/deploy-your-flow-to-production', false, true, now(), now());
INSERT INTO "Answer" ("id", "questionId", "content", "isCorrect", "sortOrder", "createdAt", "updatedAt") VALUES ('986e79b8-2564-4785-a69c-088e9719f012', '092e1e24-a3fe-476d-a49c-b4f3c25c9a6c', 'Allow inbound changes on the Deployment Settings page in the target org', true, 0, now(), now());
INSERT INTO "Answer" ("id", "questionId", "content", "isCorrect", "sortOrder", "createdAt", "updatedAt") VALUES ('d9fba9f6-8cf5-4db9-a6e2-ca98f02a1a12', '092e1e24-a3fe-476d-a49c-b4f3c25c9a6c', 'Create a new sandbox with full copy', false, 1, now(), now());
INSERT INTO "Answer" ("id", "questionId", "content", "isCorrect", "sortOrder", "createdAt", "updatedAt") VALUES ('a8ae854d-99fe-45ef-83f7-06bea58ce5f8', '092e1e24-a3fe-476d-a49c-b4f3c25c9a6c', 'Enable debug logs for the target org', false, 2, now(), now());
INSERT INTO "Answer" ("id", "questionId", "content", "isCorrect", "sortOrder", "createdAt", "updatedAt") VALUES ('04d52d00-aeae-4b42-b049-c6c990e30d56', '092e1e24-a3fe-476d-a49c-b4f3c25c9a6c', 'Grant View All Data to the user', false, 3, now(), now());
INSERT INTO "Question" ("id", "examId", "topicId", "content", "codeSnippet", "type", "difficulty", "explanation", "referenceUrl", "isPremium", "isActive", "createdAt", "updatedAt") VALUES ('c743e8d9-e677-4f9f-9cc4-3acd82e33523', '003f2098-cb83-416f-a53e-ff07cacd3c9c', '7e65de9e-a352-43b3-aa3c-a0534b7f2528', 'Why does Salesforce enforce governor limits in Apex? Choose 1 answer.', NULL, 'SINGLE_CHOICE', 2, 'Governor limits protect shared resources so one org cannot negatively impact others.', 'https://resources.docs.salesforce.com/latest/latest/en-us/sfdc/pdf/salesforce_apex_developer_guide.pdf', false, true, now(), now());
INSERT INTO "Answer" ("id", "questionId", "content", "isCorrect", "sortOrder", "createdAt", "updatedAt") VALUES ('5335adbf-d29b-4cfd-a50e-8f8cf7a10530', 'c743e8d9-e677-4f9f-9cc4-3acd82e33523', 'Prevent one org from monopolizing shared resources', true, 0, now(), now());
INSERT INTO "Answer" ("id", "questionId", "content", "isCorrect", "sortOrder", "createdAt", "updatedAt") VALUES ('f511312b-d8c0-4e80-9c80-6fbea9563897', 'c743e8d9-e677-4f9f-9cc4-3acd82e33523', 'Increase the number of API calls per user', false, 1, now(), now());
INSERT INTO "Answer" ("id", "questionId", "content", "isCorrect", "sortOrder", "createdAt", "updatedAt") VALUES ('dc782cdd-b4d9-42bc-806a-9707b636eb2c', 'c743e8d9-e677-4f9f-9cc4-3acd82e33523', 'Allow unlimited CPU time for triggers', false, 2, now(), now());
INSERT INTO "Answer" ("id", "questionId", "content", "isCorrect", "sortOrder", "createdAt", "updatedAt") VALUES ('b13ba16d-0030-4379-9d61-780434736b06', 'c743e8d9-e677-4f9f-9cc4-3acd82e33523', 'Disable validations during deployments', false, 3, now(), now());
INSERT INTO "Question" ("id", "examId", "topicId", "content", "codeSnippet", "type", "difficulty", "explanation", "referenceUrl", "isPremium", "isActive", "createdAt", "updatedAt") VALUES ('afdbe7d3-8f2d-49a4-ad1f-48ee4115fb7f', '003f2098-cb83-416f-a53e-ff07cacd3c9c', '7e65de9e-a352-43b3-aa3c-a0534b7f2528', 'What is the main reason for governor limits on the platform? Choose 1 answer.', NULL, 'SINGLE_CHOICE', 2, 'Governor limits protect shared resources so one org cannot negatively impact others.', 'https://resources.docs.salesforce.com/latest/latest/en-us/sfdc/pdf/salesforce_apex_developer_guide.pdf', false, true, now(), now());
INSERT INTO "Answer" ("id", "questionId", "content", "isCorrect", "sortOrder", "createdAt", "updatedAt") VALUES ('657e4835-f358-4743-956b-8b83226d982c', 'afdbe7d3-8f2d-49a4-ad1f-48ee4115fb7f', 'Prevent one org from monopolizing shared resources', true, 0, now(), now());
INSERT INTO "Answer" ("id", "questionId", "content", "isCorrect", "sortOrder", "createdAt", "updatedAt") VALUES ('8cd80968-f064-4d48-80b5-dbd303c9e617', 'afdbe7d3-8f2d-49a4-ad1f-48ee4115fb7f', 'Increase the number of API calls per user', false, 1, now(), now());
INSERT INTO "Answer" ("id", "questionId", "content", "isCorrect", "sortOrder", "createdAt", "updatedAt") VALUES ('24a7af0f-ef0b-4595-a301-e0efb0922938', 'afdbe7d3-8f2d-49a4-ad1f-48ee4115fb7f', 'Allow unlimited CPU time for triggers', false, 2, now(), now());
INSERT INTO "Answer" ("id", "questionId", "content", "isCorrect", "sortOrder", "createdAt", "updatedAt") VALUES ('c7d3a363-5274-4b54-868f-ce502501a328', 'afdbe7d3-8f2d-49a4-ad1f-48ee4115fb7f', 'Disable validations during deployments', false, 3, now(), now());
INSERT INTO "Question" ("id", "examId", "topicId", "content", "codeSnippet", "type", "difficulty", "explanation", "referenceUrl", "isPremium", "isActive", "createdAt", "updatedAt") VALUES ('369c9937-7d9c-4849-814a-e6c96e973a54', '003f2098-cb83-416f-a53e-ff07cacd3c9c', '7e65de9e-a352-43b3-aa3c-a0534b7f2528', 'Governor limits primarily exist to ensure what? Choose 1 answer.', NULL, 'SINGLE_CHOICE', 2, 'Governor limits protect shared resources so one org cannot negatively impact others.', 'https://resources.docs.salesforce.com/latest/latest/en-us/sfdc/pdf/salesforce_apex_developer_guide.pdf', false, true, now(), now());
INSERT INTO "Answer" ("id", "questionId", "content", "isCorrect", "sortOrder", "createdAt", "updatedAt") VALUES ('cacb810b-bd27-470d-ab0e-6693f749ddcb', '369c9937-7d9c-4849-814a-e6c96e973a54', 'Prevent one org from monopolizing shared resources', true, 0, now(), now());
INSERT INTO "Answer" ("id", "questionId", "content", "isCorrect", "sortOrder", "createdAt", "updatedAt") VALUES ('d0f87f6e-0e9a-4945-8159-b0c45dc3ff1b', '369c9937-7d9c-4849-814a-e6c96e973a54', 'Increase the number of API calls per user', false, 1, now(), now());
INSERT INTO "Answer" ("id", "questionId", "content", "isCorrect", "sortOrder", "createdAt", "updatedAt") VALUES ('391f3404-d24c-4cf5-8d7c-143a8daaca5c', '369c9937-7d9c-4849-814a-e6c96e973a54', 'Allow unlimited CPU time for triggers', false, 2, now(), now());
INSERT INTO "Answer" ("id", "questionId", "content", "isCorrect", "sortOrder", "createdAt", "updatedAt") VALUES ('eb46a35a-3581-4b97-b9b9-94fbf2880c36', '369c9937-7d9c-4849-814a-e6c96e973a54', 'Disable validations during deployments', false, 3, now(), now());
INSERT INTO "Question" ("id", "examId", "topicId", "content", "codeSnippet", "type", "difficulty", "explanation", "referenceUrl", "isPremium", "isActive", "createdAt", "updatedAt") VALUES ('f18fc953-72a3-4755-9f9c-047c16b62747', '003f2098-cb83-416f-a53e-ff07cacd3c9c', '7e65de9e-a352-43b3-aa3c-a0534b7f2528', 'In a multi-tenant environment, governor limits help with what objective? Choose 1 answer.', NULL, 'SINGLE_CHOICE', 2, 'Governor limits protect shared resources so one org cannot negatively impact others.', 'https://resources.docs.salesforce.com/latest/latest/en-us/sfdc/pdf/salesforce_apex_developer_guide.pdf', false, true, now(), now());
INSERT INTO "Answer" ("id", "questionId", "content", "isCorrect", "sortOrder", "createdAt", "updatedAt") VALUES ('4abc30c2-d44f-4fa4-ac35-6c5d56848d54', 'f18fc953-72a3-4755-9f9c-047c16b62747', 'Prevent one org from monopolizing shared resources', true, 0, now(), now());
INSERT INTO "Answer" ("id", "questionId", "content", "isCorrect", "sortOrder", "createdAt", "updatedAt") VALUES ('a9496356-89fe-4284-81e7-d3c54c891919', 'f18fc953-72a3-4755-9f9c-047c16b62747', 'Increase the number of API calls per user', false, 1, now(), now());
INSERT INTO "Answer" ("id", "questionId", "content", "isCorrect", "sortOrder", "createdAt", "updatedAt") VALUES ('cfd67f59-95ff-4d54-853b-257f559ac708', 'f18fc953-72a3-4755-9f9c-047c16b62747', 'Allow unlimited CPU time for triggers', false, 2, now(), now());
INSERT INTO "Answer" ("id", "questionId", "content", "isCorrect", "sortOrder", "createdAt", "updatedAt") VALUES ('5150e043-bcad-4b9e-8370-d3a26970f788', 'f18fc953-72a3-4755-9f9c-047c16b62747', 'Disable validations during deployments', false, 3, now(), now());
INSERT INTO "Question" ("id", "examId", "topicId", "content", "codeSnippet", "type", "difficulty", "explanation", "referenceUrl", "isPremium", "isActive", "createdAt", "updatedAt") VALUES ('00e748d7-f0a7-429e-aa7f-258348b754e4', '003f2098-cb83-416f-a53e-ff07cacd3c9c', '7e65de9e-a352-43b3-aa3c-a0534b7f2528', 'What is the key benefit of governor limits? Choose 1 answer.', NULL, 'SINGLE_CHOICE', 2, 'Governor limits protect shared resources so one org cannot negatively impact others.', 'https://resources.docs.salesforce.com/latest/latest/en-us/sfdc/pdf/salesforce_apex_developer_guide.pdf', false, true, now(), now());
INSERT INTO "Answer" ("id", "questionId", "content", "isCorrect", "sortOrder", "createdAt", "updatedAt") VALUES ('562dae93-4f5e-4be9-999d-f1f32451e0aa', '00e748d7-f0a7-429e-aa7f-258348b754e4', 'Prevent one org from monopolizing shared resources', true, 0, now(), now());
INSERT INTO "Answer" ("id", "questionId", "content", "isCorrect", "sortOrder", "createdAt", "updatedAt") VALUES ('91b70596-e7f8-4a6e-b3e6-9895300838e7', '00e748d7-f0a7-429e-aa7f-258348b754e4', 'Increase the number of API calls per user', false, 1, now(), now());
INSERT INTO "Answer" ("id", "questionId", "content", "isCorrect", "sortOrder", "createdAt", "updatedAt") VALUES ('638efa2c-a24c-40ee-8a90-68dd7d1ec59e', '00e748d7-f0a7-429e-aa7f-258348b754e4', 'Allow unlimited CPU time for triggers', false, 2, now(), now());
INSERT INTO "Answer" ("id", "questionId", "content", "isCorrect", "sortOrder", "createdAt", "updatedAt") VALUES ('19fca118-d317-4a7b-8324-80171c1fdc1a', '00e748d7-f0a7-429e-aa7f-258348b754e4', 'Disable validations during deployments', false, 3, now(), now());
INSERT INTO "Question" ("id", "examId", "topicId", "content", "codeSnippet", "type", "difficulty", "explanation", "referenceUrl", "isPremium", "isActive", "createdAt", "updatedAt") VALUES ('05fb54ca-1469-4396-8487-09a55789ee2b', '003f2098-cb83-416f-a53e-ff07cacd3c9c', '7e65de9e-a352-43b3-aa3c-a0534b7f2528', 'Which practice helps Apex trigger code handle bulk data and avoid governor limits? Choose 1 answer.', NULL, 'SINGLE_CHOICE', 3, 'Bulkified code uses collections and minimizes SOQL/DML operations.', 'https://resources.docs.salesforce.com/latest/latest/en-us/sfdc/pdf/salesforce_apex_developer_guide.pdf', false, true, now(), now());
INSERT INTO "Answer" ("id", "questionId", "content", "isCorrect", "sortOrder", "createdAt", "updatedAt") VALUES ('1e173e0e-561c-44fd-b059-d33843163861', '05fb54ca-1469-4396-8487-09a55789ee2b', 'Use collections and a single DML statement', true, 0, now(), now());
INSERT INTO "Answer" ("id", "questionId", "content", "isCorrect", "sortOrder", "createdAt", "updatedAt") VALUES ('5de20675-ba31-40d4-b03a-a395c61f85dc', '05fb54ca-1469-4396-8487-09a55789ee2b', 'Execute SOQL inside a loop', false, 1, now(), now());
INSERT INTO "Answer" ("id", "questionId", "content", "isCorrect", "sortOrder", "createdAt", "updatedAt") VALUES ('393324aa-a7df-4f9f-9576-4157ce440e7e', '05fb54ca-1469-4396-8487-09a55789ee2b', 'Call System.debug for every record', false, 2, now(), now());
INSERT INTO "Answer" ("id", "questionId", "content", "isCorrect", "sortOrder", "createdAt", "updatedAt") VALUES ('92059edf-3a2a-4f01-a85e-b0e22bbef64d', '05fb54ca-1469-4396-8487-09a55789ee2b', 'Use a separate DML statement per record', false, 3, now(), now());
INSERT INTO "Question" ("id", "examId", "topicId", "content", "codeSnippet", "type", "difficulty", "explanation", "referenceUrl", "isPremium", "isActive", "createdAt", "updatedAt") VALUES ('f1ee2b6c-e0b3-475f-993c-5ebbe454d72b', '003f2098-cb83-416f-a53e-ff07cacd3c9c', '7e65de9e-a352-43b3-aa3c-a0534b7f2528', 'Which practice helps Apex class code handle bulk data and avoid governor limits? Choose 1 answer.', NULL, 'SINGLE_CHOICE', 3, 'Bulkified code uses collections and minimizes SOQL/DML operations.', 'https://resources.docs.salesforce.com/latest/latest/en-us/sfdc/pdf/salesforce_apex_developer_guide.pdf', false, true, now(), now());
INSERT INTO "Answer" ("id", "questionId", "content", "isCorrect", "sortOrder", "createdAt", "updatedAt") VALUES ('c232ed38-b67e-44be-8702-8424655bdb43', 'f1ee2b6c-e0b3-475f-993c-5ebbe454d72b', 'Use collections and a single DML statement', true, 0, now(), now());
INSERT INTO "Answer" ("id", "questionId", "content", "isCorrect", "sortOrder", "createdAt", "updatedAt") VALUES ('4f2b3c2a-1ffa-4210-b7bf-ef942a82b556', 'f1ee2b6c-e0b3-475f-993c-5ebbe454d72b', 'Execute SOQL inside a loop', false, 1, now(), now());
INSERT INTO "Answer" ("id", "questionId", "content", "isCorrect", "sortOrder", "createdAt", "updatedAt") VALUES ('25f49105-b13f-4e5c-956e-eb0fbb3c03ce', 'f1ee2b6c-e0b3-475f-993c-5ebbe454d72b', 'Call System.debug for every record', false, 2, now(), now());
INSERT INTO "Answer" ("id", "questionId", "content", "isCorrect", "sortOrder", "createdAt", "updatedAt") VALUES ('eefd18ee-eec6-454f-8eb7-0d0d6f99d58a', 'f1ee2b6c-e0b3-475f-993c-5ebbe454d72b', 'Use a separate DML statement per record', false, 3, now(), now());
INSERT INTO "Question" ("id", "examId", "topicId", "content", "codeSnippet", "type", "difficulty", "explanation", "referenceUrl", "isPremium", "isActive", "createdAt", "updatedAt") VALUES ('363770da-c1f5-4abc-b4dd-7876e26e6daa', '003f2098-cb83-416f-a53e-ff07cacd3c9c', '7e65de9e-a352-43b3-aa3c-a0534b7f2528', 'Which practice helps Apex batch code handle bulk data and avoid governor limits? Choose 1 answer.', NULL, 'SINGLE_CHOICE', 3, 'Bulkified code uses collections and minimizes SOQL/DML operations.', 'https://resources.docs.salesforce.com/latest/latest/en-us/sfdc/pdf/salesforce_apex_developer_guide.pdf', false, true, now(), now());
INSERT INTO "Answer" ("id", "questionId", "content", "isCorrect", "sortOrder", "createdAt", "updatedAt") VALUES ('de3f3f2a-d6df-49e4-937d-31cc36ebc050', '363770da-c1f5-4abc-b4dd-7876e26e6daa', 'Use collections and a single DML statement', true, 0, now(), now());
INSERT INTO "Answer" ("id", "questionId", "content", "isCorrect", "sortOrder", "createdAt", "updatedAt") VALUES ('82baf614-06fb-4622-bbaa-68c18dbc5770', '363770da-c1f5-4abc-b4dd-7876e26e6daa', 'Execute SOQL inside a loop', false, 1, now(), now());
INSERT INTO "Answer" ("id", "questionId", "content", "isCorrect", "sortOrder", "createdAt", "updatedAt") VALUES ('7bed2726-e1d6-48a1-bd0c-2fcba8d7bd4f', '363770da-c1f5-4abc-b4dd-7876e26e6daa', 'Call System.debug for every record', false, 2, now(), now());
INSERT INTO "Answer" ("id", "questionId", "content", "isCorrect", "sortOrder", "createdAt", "updatedAt") VALUES ('bf88ddc7-0be3-474b-b941-db3579c671f5', '363770da-c1f5-4abc-b4dd-7876e26e6daa', 'Use a separate DML statement per record', false, 3, now(), now());
INSERT INTO "Question" ("id", "examId", "topicId", "content", "codeSnippet", "type", "difficulty", "explanation", "referenceUrl", "isPremium", "isActive", "createdAt", "updatedAt") VALUES ('0f379a14-dc67-4c2d-96cb-2716e9fb26d5', '003f2098-cb83-416f-a53e-ff07cacd3c9c', '7e65de9e-a352-43b3-aa3c-a0534b7f2528', 'Which practice helps Apex controller code handle bulk data and avoid governor limits? Choose 1 answer.', NULL, 'SINGLE_CHOICE', 3, 'Bulkified code uses collections and minimizes SOQL/DML operations.', 'https://resources.docs.salesforce.com/latest/latest/en-us/sfdc/pdf/salesforce_apex_developer_guide.pdf', false, true, now(), now());
INSERT INTO "Answer" ("id", "questionId", "content", "isCorrect", "sortOrder", "createdAt", "updatedAt") VALUES ('9f3d0f43-6588-49b7-b4f5-69a920cf5e0c', '0f379a14-dc67-4c2d-96cb-2716e9fb26d5', 'Use collections and a single DML statement', true, 0, now(), now());
INSERT INTO "Answer" ("id", "questionId", "content", "isCorrect", "sortOrder", "createdAt", "updatedAt") VALUES ('0fc7c24d-5444-45ea-8768-12a046da0852', '0f379a14-dc67-4c2d-96cb-2716e9fb26d5', 'Execute SOQL inside a loop', false, 1, now(), now());
INSERT INTO "Answer" ("id", "questionId", "content", "isCorrect", "sortOrder", "createdAt", "updatedAt") VALUES ('e3acca27-f8ea-4bcf-a488-ac0a6c849124', '0f379a14-dc67-4c2d-96cb-2716e9fb26d5', 'Call System.debug for every record', false, 2, now(), now());
INSERT INTO "Answer" ("id", "questionId", "content", "isCorrect", "sortOrder", "createdAt", "updatedAt") VALUES ('10955802-170b-44d7-9fe8-ffbc982ff25e', '0f379a14-dc67-4c2d-96cb-2716e9fb26d5', 'Use a separate DML statement per record', false, 3, now(), now());
INSERT INTO "Question" ("id", "examId", "topicId", "content", "codeSnippet", "type", "difficulty", "explanation", "referenceUrl", "isPremium", "isActive", "createdAt", "updatedAt") VALUES ('42ee16d1-b61e-4ddf-82f1-232eab87af23', '003f2098-cb83-416f-a53e-ff07cacd3c9c', '7e65de9e-a352-43b3-aa3c-a0534b7f2528', 'Which practice helps Apex utility code handle bulk data and avoid governor limits? Choose 1 answer.', NULL, 'SINGLE_CHOICE', 3, 'Bulkified code uses collections and minimizes SOQL/DML operations.', 'https://resources.docs.salesforce.com/latest/latest/en-us/sfdc/pdf/salesforce_apex_developer_guide.pdf', false, true, now(), now());
INSERT INTO "Answer" ("id", "questionId", "content", "isCorrect", "sortOrder", "createdAt", "updatedAt") VALUES ('78fd0709-0415-4651-9998-da918e1b9d14', '42ee16d1-b61e-4ddf-82f1-232eab87af23', 'Use collections and a single DML statement', true, 0, now(), now());
INSERT INTO "Answer" ("id", "questionId", "content", "isCorrect", "sortOrder", "createdAt", "updatedAt") VALUES ('9be5a4b8-8146-44e7-941a-3325a4ebcf24', '42ee16d1-b61e-4ddf-82f1-232eab87af23', 'Execute SOQL inside a loop', false, 1, now(), now());
INSERT INTO "Answer" ("id", "questionId", "content", "isCorrect", "sortOrder", "createdAt", "updatedAt") VALUES ('e3c16808-c6ef-4f8f-a753-56d09da86b01', '42ee16d1-b61e-4ddf-82f1-232eab87af23', 'Call System.debug for every record', false, 2, now(), now());
INSERT INTO "Answer" ("id", "questionId", "content", "isCorrect", "sortOrder", "createdAt", "updatedAt") VALUES ('502070d5-ea1c-417a-a4bd-8f630af1d7d4', '42ee16d1-b61e-4ddf-82f1-232eab87af23', 'Use a separate DML statement per record', false, 3, now(), now());
INSERT INTO "Question" ("id", "examId", "topicId", "content", "codeSnippet", "type", "difficulty", "explanation", "referenceUrl", "isPremium", "isActive", "createdAt", "updatedAt") VALUES ('f5d2d045-b5a5-4026-a261-0abfa356543e', '003f2098-cb83-416f-a53e-ff07cacd3c9c', '7e65de9e-a352-43b3-aa3c-a0534b7f2528', 'In Visualforce development, which option best maps Salesforce features to the MVC design pattern? Choose 1 answer.', NULL, 'SINGLE_CHOICE', 2, 'The model is the data (objects), the view is the UI (pages/components), and controllers contain logic.', 'https://resources.docs.salesforce.com/latest/latest/en-us/sfdc/pdf/salesforce_apex_developer_guide.pdf', false, true, now(), now());
INSERT INTO "Answer" ("id", "questionId", "content", "isCorrect", "sortOrder", "createdAt", "updatedAt") VALUES ('60f990df-a4dc-4975-9254-3b3287fd1079', 'f5d2d045-b5a5-4026-a261-0abfa356543e', 'Model: Standard and Custom Objects; View: Pages and Components; Controller: Standard and Custom Controllers', true, 0, now(), now());
INSERT INTO "Answer" ("id", "questionId", "content", "isCorrect", "sortOrder", "createdAt", "updatedAt") VALUES ('d16fd14e-421f-4d7e-b262-6ce9f8faed46', 'f5d2d045-b5a5-4026-a261-0abfa356543e', 'Model: JavaScript; View: Apex; Controller: Objects', false, 1, now(), now());
INSERT INTO "Answer" ("id", "questionId", "content", "isCorrect", "sortOrder", "createdAt", "updatedAt") VALUES ('a478b31f-b257-47b1-b0d9-b57de7c774de', 'f5d2d045-b5a5-4026-a261-0abfa356543e', 'Model: Controllers; View: Objects; Controller: Pages', false, 2, now(), now());
INSERT INTO "Answer" ("id", "questionId", "content", "isCorrect", "sortOrder", "createdAt", "updatedAt") VALUES ('3eb1e9ad-7ec1-40df-9015-a2b155a268f2', 'f5d2d045-b5a5-4026-a261-0abfa356543e', 'Model: Visualforce; View: Apex; Controller: SOQL', false, 3, now(), now());
INSERT INTO "Question" ("id", "examId", "topicId", "content", "codeSnippet", "type", "difficulty", "explanation", "referenceUrl", "isPremium", "isActive", "createdAt", "updatedAt") VALUES ('98cb6f2a-28eb-4c77-a3b9-0bad3a484954', '003f2098-cb83-416f-a53e-ff07cacd3c9c', '7e65de9e-a352-43b3-aa3c-a0534b7f2528', 'In Lightning component development, which option best maps Salesforce features to the MVC design pattern? Choose 1 answer.', NULL, 'SINGLE_CHOICE', 2, 'The model is the data (objects), the view is the UI (pages/components), and controllers contain logic.', 'https://resources.docs.salesforce.com/latest/latest/en-us/sfdc/pdf/salesforce_apex_developer_guide.pdf', false, true, now(), now());
INSERT INTO "Answer" ("id", "questionId", "content", "isCorrect", "sortOrder", "createdAt", "updatedAt") VALUES ('015d172d-93be-400d-ade2-2b8ae6f2dadc', '98cb6f2a-28eb-4c77-a3b9-0bad3a484954', 'Model: Standard and Custom Objects; View: Pages and Components; Controller: Standard and Custom Controllers', true, 0, now(), now());
INSERT INTO "Answer" ("id", "questionId", "content", "isCorrect", "sortOrder", "createdAt", "updatedAt") VALUES ('c62f7566-54e5-4a37-8d8b-b1ee4d48d0b7', '98cb6f2a-28eb-4c77-a3b9-0bad3a484954', 'Model: JavaScript; View: Apex; Controller: Objects', false, 1, now(), now());
INSERT INTO "Answer" ("id", "questionId", "content", "isCorrect", "sortOrder", "createdAt", "updatedAt") VALUES ('cb10f27d-430c-49b8-9b7c-27ca8732355d', '98cb6f2a-28eb-4c77-a3b9-0bad3a484954', 'Model: Controllers; View: Objects; Controller: Pages', false, 2, now(), now());
INSERT INTO "Answer" ("id", "questionId", "content", "isCorrect", "sortOrder", "createdAt", "updatedAt") VALUES ('d665e2d0-485d-4ced-93ed-11728c48b2ed', '98cb6f2a-28eb-4c77-a3b9-0bad3a484954', 'Model: Visualforce; View: Apex; Controller: SOQL', false, 3, now(), now());
INSERT INTO "Question" ("id", "examId", "topicId", "content", "codeSnippet", "type", "difficulty", "explanation", "referenceUrl", "isPremium", "isActive", "createdAt", "updatedAt") VALUES ('7654c75c-d64c-4e21-9975-3d3186b97b7b', '003f2098-cb83-416f-a53e-ff07cacd3c9c', '7e65de9e-a352-43b3-aa3c-a0534b7f2528', 'In Salesforce UI architecture, which option best maps Salesforce features to the MVC design pattern? Choose 1 answer.', NULL, 'SINGLE_CHOICE', 2, 'The model is the data (objects), the view is the UI (pages/components), and controllers contain logic.', 'https://resources.docs.salesforce.com/latest/latest/en-us/sfdc/pdf/salesforce_apex_developer_guide.pdf', false, true, now(), now());
INSERT INTO "Answer" ("id", "questionId", "content", "isCorrect", "sortOrder", "createdAt", "updatedAt") VALUES ('8cd8f45f-fe95-42ac-a87a-0078c07ed580', '7654c75c-d64c-4e21-9975-3d3186b97b7b', 'Model: Standard and Custom Objects; View: Pages and Components; Controller: Standard and Custom Controllers', true, 0, now(), now());
INSERT INTO "Answer" ("id", "questionId", "content", "isCorrect", "sortOrder", "createdAt", "updatedAt") VALUES ('3132c255-61a6-4fcd-86a0-9e56463d9bbc', '7654c75c-d64c-4e21-9975-3d3186b97b7b', 'Model: JavaScript; View: Apex; Controller: Objects', false, 1, now(), now());
INSERT INTO "Answer" ("id", "questionId", "content", "isCorrect", "sortOrder", "createdAt", "updatedAt") VALUES ('f9171b9e-5b40-4910-8b37-cbe1b27237a3', '7654c75c-d64c-4e21-9975-3d3186b97b7b', 'Model: Controllers; View: Objects; Controller: Pages', false, 2, now(), now());
INSERT INTO "Answer" ("id", "questionId", "content", "isCorrect", "sortOrder", "createdAt", "updatedAt") VALUES ('fe1bfecf-8538-409a-841c-571a129abf42', '7654c75c-d64c-4e21-9975-3d3186b97b7b', 'Model: Visualforce; View: Apex; Controller: SOQL', false, 3, now(), now());
INSERT INTO "Question" ("id", "examId", "topicId", "content", "codeSnippet", "type", "difficulty", "explanation", "referenceUrl", "isPremium", "isActive", "createdAt", "updatedAt") VALUES ('12a73324-af19-4398-ba85-b09a349db3df', '003f2098-cb83-416f-a53e-ff07cacd3c9c', '7e65de9e-a352-43b3-aa3c-a0534b7f2528', 'In LWC-based pages, which option best maps Salesforce features to the MVC design pattern? Choose 1 answer.', NULL, 'SINGLE_CHOICE', 2, 'The model is the data (objects), the view is the UI (pages/components), and controllers contain logic.', 'https://resources.docs.salesforce.com/latest/latest/en-us/sfdc/pdf/salesforce_apex_developer_guide.pdf', false, true, now(), now());
INSERT INTO "Answer" ("id", "questionId", "content", "isCorrect", "sortOrder", "createdAt", "updatedAt") VALUES ('fca11f9f-2e2b-41e2-90d8-46bb4a96a582', '12a73324-af19-4398-ba85-b09a349db3df', 'Model: Standard and Custom Objects; View: Pages and Components; Controller: Standard and Custom Controllers', true, 0, now(), now());
INSERT INTO "Answer" ("id", "questionId", "content", "isCorrect", "sortOrder", "createdAt", "updatedAt") VALUES ('8de9f622-849c-431b-9467-eabcaec4ec3b', '12a73324-af19-4398-ba85-b09a349db3df', 'Model: JavaScript; View: Apex; Controller: Objects', false, 1, now(), now());
INSERT INTO "Answer" ("id", "questionId", "content", "isCorrect", "sortOrder", "createdAt", "updatedAt") VALUES ('33652dbd-cf60-4822-a341-bdfcd5702391', '12a73324-af19-4398-ba85-b09a349db3df', 'Model: Controllers; View: Objects; Controller: Pages', false, 2, now(), now());
INSERT INTO "Answer" ("id", "questionId", "content", "isCorrect", "sortOrder", "createdAt", "updatedAt") VALUES ('e2e64667-31da-4da3-b558-cac371854cff', '12a73324-af19-4398-ba85-b09a349db3df', 'Model: Visualforce; View: Apex; Controller: SOQL', false, 3, now(), now());
INSERT INTO "Question" ("id", "examId", "topicId", "content", "codeSnippet", "type", "difficulty", "explanation", "referenceUrl", "isPremium", "isActive", "createdAt", "updatedAt") VALUES ('d88e9578-963e-4503-bf4b-bc1ae10d2515', '003f2098-cb83-416f-a53e-ff07cacd3c9c', '7e65de9e-a352-43b3-aa3c-a0534b7f2528', 'In Visualforce pages, which option best maps Salesforce features to the MVC design pattern? Choose 1 answer.', NULL, 'SINGLE_CHOICE', 2, 'The model is the data (objects), the view is the UI (pages/components), and controllers contain logic.', 'https://resources.docs.salesforce.com/latest/latest/en-us/sfdc/pdf/salesforce_apex_developer_guide.pdf', false, true, now(), now());
INSERT INTO "Answer" ("id", "questionId", "content", "isCorrect", "sortOrder", "createdAt", "updatedAt") VALUES ('34a9ab49-8c2b-458d-9261-64aebc7710c3', 'd88e9578-963e-4503-bf4b-bc1ae10d2515', 'Model: Standard and Custom Objects; View: Pages and Components; Controller: Standard and Custom Controllers', true, 0, now(), now());
INSERT INTO "Answer" ("id", "questionId", "content", "isCorrect", "sortOrder", "createdAt", "updatedAt") VALUES ('735d30e6-b37e-4319-9160-05d5f4e123e3', 'd88e9578-963e-4503-bf4b-bc1ae10d2515', 'Model: JavaScript; View: Apex; Controller: Objects', false, 1, now(), now());
INSERT INTO "Answer" ("id", "questionId", "content", "isCorrect", "sortOrder", "createdAt", "updatedAt") VALUES ('9718e8f5-d88b-407e-b578-db349db56026', 'd88e9578-963e-4503-bf4b-bc1ae10d2515', 'Model: Controllers; View: Objects; Controller: Pages', false, 2, now(), now());
INSERT INTO "Answer" ("id", "questionId", "content", "isCorrect", "sortOrder", "createdAt", "updatedAt") VALUES ('1c765caa-4223-4d44-8541-cd0b95aab364', 'd88e9578-963e-4503-bf4b-bc1ae10d2515', 'Model: Visualforce; View: Apex; Controller: SOQL', false, 3, now(), now());
INSERT INTO "Question" ("id", "examId", "topicId", "content", "codeSnippet", "type", "difficulty", "explanation", "referenceUrl", "isPremium", "isActive", "createdAt", "updatedAt") VALUES ('0d4d4f5b-ea66-4766-9b4d-b477917d0548', '003f2098-cb83-416f-a53e-ff07cacd3c9c', '7e65de9e-a352-43b3-aa3c-a0534b7f2528', 'When writing an Apex service class, how can a developer enforce record-level sharing rules? Choose 1 answer.', NULL, 'SINGLE_CHOICE', 3, '''with sharing'' enforces the current user''s record-level access when the class runs.', 'https://resources.docs.salesforce.com/latest/latest/en-us/sfdc/pdf/salesforce_security_impl_guide.pdf', false, true, now(), now());
INSERT INTO "Answer" ("id", "questionId", "content", "isCorrect", "sortOrder", "createdAt", "updatedAt") VALUES ('59d805a8-b434-4f21-b69a-b929d4e30efc', '0d4d4f5b-ea66-4766-9b4d-b477917d0548', 'Declare the class with ''with sharing''', true, 0, now(), now());
INSERT INTO "Answer" ("id", "questionId", "content", "isCorrect", "sortOrder", "createdAt", "updatedAt") VALUES ('d35e792a-63be-49f7-9bd5-f074e364db79', '0d4d4f5b-ea66-4766-9b4d-b477917d0548', 'Use ''without sharing''', false, 1, now(), now());
INSERT INTO "Answer" ("id", "questionId", "content", "isCorrect", "sortOrder", "createdAt", "updatedAt") VALUES ('b9df077f-235d-416f-a987-0e80e4fbd65c', '0d4d4f5b-ea66-4766-9b4d-b477917d0548', 'Use @AuraEnabled(cacheable=true)', false, 2, now(), now());
INSERT INTO "Answer" ("id", "questionId", "content", "isCorrect", "sortOrder", "createdAt", "updatedAt") VALUES ('ce63415b-1a42-4686-9aab-ed60f91c7d20', '0d4d4f5b-ea66-4766-9b4d-b477917d0548', 'Use a validation rule', false, 3, now(), now());
INSERT INTO "Question" ("id", "examId", "topicId", "content", "codeSnippet", "type", "difficulty", "explanation", "referenceUrl", "isPremium", "isActive", "createdAt", "updatedAt") VALUES ('a87adcff-0017-49f6-b7dd-36e87cb9b7b7', '003f2098-cb83-416f-a53e-ff07cacd3c9c', '7e65de9e-a352-43b3-aa3c-a0534b7f2528', 'When writing a Visualforce controller, how can a developer enforce record-level sharing rules? Choose 1 answer.', NULL, 'SINGLE_CHOICE', 3, '''with sharing'' enforces the current user''s record-level access when the class runs.', 'https://resources.docs.salesforce.com/latest/latest/en-us/sfdc/pdf/salesforce_security_impl_guide.pdf', false, true, now(), now());
INSERT INTO "Answer" ("id", "questionId", "content", "isCorrect", "sortOrder", "createdAt", "updatedAt") VALUES ('916cf82b-faf5-42d0-a559-02a2cd7cac8e', 'a87adcff-0017-49f6-b7dd-36e87cb9b7b7', 'Declare the class with ''with sharing''', true, 0, now(), now());
INSERT INTO "Answer" ("id", "questionId", "content", "isCorrect", "sortOrder", "createdAt", "updatedAt") VALUES ('9978a6cb-3593-4ae8-bddd-1be1f1244c4d', 'a87adcff-0017-49f6-b7dd-36e87cb9b7b7', 'Use ''without sharing''', false, 1, now(), now());
INSERT INTO "Answer" ("id", "questionId", "content", "isCorrect", "sortOrder", "createdAt", "updatedAt") VALUES ('09d56b22-8475-43b6-9a91-35bf3eafb54b', 'a87adcff-0017-49f6-b7dd-36e87cb9b7b7', 'Use @AuraEnabled(cacheable=true)', false, 2, now(), now());
INSERT INTO "Answer" ("id", "questionId", "content", "isCorrect", "sortOrder", "createdAt", "updatedAt") VALUES ('1d189ea6-88cc-4d3a-94de-496c7336648b', 'a87adcff-0017-49f6-b7dd-36e87cb9b7b7', 'Use a validation rule', false, 3, now(), now());
INSERT INTO "Question" ("id", "examId", "topicId", "content", "codeSnippet", "type", "difficulty", "explanation", "referenceUrl", "isPremium", "isActive", "createdAt", "updatedAt") VALUES ('6375b94e-e23d-4c91-8870-f5aa417a0e34', '003f2098-cb83-416f-a53e-ff07cacd3c9c', '7e65de9e-a352-43b3-aa3c-a0534b7f2528', 'When writing an Apex trigger handler, how can a developer enforce record-level sharing rules? Choose 1 answer.', NULL, 'SINGLE_CHOICE', 3, '''with sharing'' enforces the current user''s record-level access when the class runs.', 'https://resources.docs.salesforce.com/latest/latest/en-us/sfdc/pdf/salesforce_security_impl_guide.pdf', false, true, now(), now());
INSERT INTO "Answer" ("id", "questionId", "content", "isCorrect", "sortOrder", "createdAt", "updatedAt") VALUES ('e1655e5e-f6b4-4d48-9dd8-d240a852bc50', '6375b94e-e23d-4c91-8870-f5aa417a0e34', 'Declare the class with ''with sharing''', true, 0, now(), now());
INSERT INTO "Answer" ("id", "questionId", "content", "isCorrect", "sortOrder", "createdAt", "updatedAt") VALUES ('d3c4b55f-a6ef-4d4f-9057-f271713624de', '6375b94e-e23d-4c91-8870-f5aa417a0e34', 'Use ''without sharing''', false, 1, now(), now());
INSERT INTO "Answer" ("id", "questionId", "content", "isCorrect", "sortOrder", "createdAt", "updatedAt") VALUES ('93b95839-00d0-4cd5-8ad9-b227eec16ab4', '6375b94e-e23d-4c91-8870-f5aa417a0e34', 'Use @AuraEnabled(cacheable=true)', false, 2, now(), now());
INSERT INTO "Answer" ("id", "questionId", "content", "isCorrect", "sortOrder", "createdAt", "updatedAt") VALUES ('a6c82910-b300-4a32-81a0-4ea54d0d1f91', '6375b94e-e23d-4c91-8870-f5aa417a0e34', 'Use a validation rule', false, 3, now(), now());
INSERT INTO "Question" ("id", "examId", "topicId", "content", "codeSnippet", "type", "difficulty", "explanation", "referenceUrl", "isPremium", "isActive", "createdAt", "updatedAt") VALUES ('43f7e6eb-8e06-48bb-94f0-e788faf677fc', '003f2098-cb83-416f-a53e-ff07cacd3c9c', '7e65de9e-a352-43b3-aa3c-a0534b7f2528', 'When writing an Apex utility class, how can a developer enforce record-level sharing rules? Choose 1 answer.', NULL, 'SINGLE_CHOICE', 3, '''with sharing'' enforces the current user''s record-level access when the class runs.', 'https://resources.docs.salesforce.com/latest/latest/en-us/sfdc/pdf/salesforce_security_impl_guide.pdf', false, true, now(), now());
INSERT INTO "Answer" ("id", "questionId", "content", "isCorrect", "sortOrder", "createdAt", "updatedAt") VALUES ('86a116c9-3522-4abf-908d-ab9464b067c8', '43f7e6eb-8e06-48bb-94f0-e788faf677fc', 'Declare the class with ''with sharing''', true, 0, now(), now());
INSERT INTO "Answer" ("id", "questionId", "content", "isCorrect", "sortOrder", "createdAt", "updatedAt") VALUES ('de530daa-97f3-4865-ad49-18467ad6550c', '43f7e6eb-8e06-48bb-94f0-e788faf677fc', 'Use ''without sharing''', false, 1, now(), now());
INSERT INTO "Answer" ("id", "questionId", "content", "isCorrect", "sortOrder", "createdAt", "updatedAt") VALUES ('32c60f0a-cd1b-4eff-9a59-cbf419863ca9', '43f7e6eb-8e06-48bb-94f0-e788faf677fc', 'Use @AuraEnabled(cacheable=true)', false, 2, now(), now());
INSERT INTO "Answer" ("id", "questionId", "content", "isCorrect", "sortOrder", "createdAt", "updatedAt") VALUES ('43a3450a-ae0e-4139-9c76-421d0bdc37c8', '43f7e6eb-8e06-48bb-94f0-e788faf677fc', 'Use a validation rule', false, 3, now(), now());
INSERT INTO "Question" ("id", "examId", "topicId", "content", "codeSnippet", "type", "difficulty", "explanation", "referenceUrl", "isPremium", "isActive", "createdAt", "updatedAt") VALUES ('7084a20f-d874-469e-b0cb-feca0e846b23', '003f2098-cb83-416f-a53e-ff07cacd3c9c', '7e65de9e-a352-43b3-aa3c-a0534b7f2528', 'When writing an Aura-enabled Apex controller, how can a developer enforce record-level sharing rules? Choose 1 answer.', NULL, 'SINGLE_CHOICE', 3, '''with sharing'' enforces the current user''s record-level access when the class runs.', 'https://resources.docs.salesforce.com/latest/latest/en-us/sfdc/pdf/salesforce_security_impl_guide.pdf', false, true, now(), now());
INSERT INTO "Answer" ("id", "questionId", "content", "isCorrect", "sortOrder", "createdAt", "updatedAt") VALUES ('1adad2ca-b362-466b-b929-5c9fb6e04f70', '7084a20f-d874-469e-b0cb-feca0e846b23', 'Declare the class with ''with sharing''', true, 0, now(), now());
INSERT INTO "Answer" ("id", "questionId", "content", "isCorrect", "sortOrder", "createdAt", "updatedAt") VALUES ('1429d034-b88f-419d-a7fa-e3912ef997c1', '7084a20f-d874-469e-b0cb-feca0e846b23', 'Use ''without sharing''', false, 1, now(), now());
INSERT INTO "Answer" ("id", "questionId", "content", "isCorrect", "sortOrder", "createdAt", "updatedAt") VALUES ('1a494e33-25ec-45e0-8879-424d00d04acd', '7084a20f-d874-469e-b0cb-feca0e846b23', 'Use @AuraEnabled(cacheable=true)', false, 2, now(), now());
INSERT INTO "Answer" ("id", "questionId", "content", "isCorrect", "sortOrder", "createdAt", "updatedAt") VALUES ('72a16efa-237c-43dc-a4ac-f6182b1c260b', '7084a20f-d874-469e-b0cb-feca0e846b23', 'Use a validation rule', false, 3, now(), now());
INSERT INTO "Question" ("id", "examId", "topicId", "content", "codeSnippet", "type", "difficulty", "explanation", "referenceUrl", "isPremium", "isActive", "createdAt", "updatedAt") VALUES ('f9a928fd-9315-4977-ba92-6f6ebf3f01d7', '003f2098-cb83-416f-a53e-ff07cacd3c9c', '7e65de9e-a352-43b3-aa3c-a0534b7f2528', 'Users need to grant Export Reports without changing their profile. What should an admin use? Choose 1 answer.', NULL, 'SINGLE_CHOICE', 2, 'Permission sets grant additional permissions without changing a user''s profile.', 'https://resources.docs.salesforce.com/latest/latest/en-us/sfdc/pdf/salesforce_security_impl_guide.pdf', false, true, now(), now());
INSERT INTO "Answer" ("id", "questionId", "content", "isCorrect", "sortOrder", "createdAt", "updatedAt") VALUES ('731ae673-39f1-436a-a53b-4d3d1d7bd6fd', 'f9a928fd-9315-4977-ba92-6f6ebf3f01d7', 'Permission set', true, 0, now(), now());
INSERT INTO "Answer" ("id", "questionId", "content", "isCorrect", "sortOrder", "createdAt", "updatedAt") VALUES ('56db406d-8b02-4e48-bc05-f0e915c62f58', 'f9a928fd-9315-4977-ba92-6f6ebf3f01d7', 'New profile for each user', false, 1, now(), now());
INSERT INTO "Answer" ("id", "questionId", "content", "isCorrect", "sortOrder", "createdAt", "updatedAt") VALUES ('eac17b02-820f-49ab-919d-7acb91611c47', 'f9a928fd-9315-4977-ba92-6f6ebf3f01d7', 'Role hierarchy', false, 2, now(), now());
INSERT INTO "Answer" ("id", "questionId", "content", "isCorrect", "sortOrder", "createdAt", "updatedAt") VALUES ('d0d3b3de-10e1-4ce0-832c-f7f68c55d4e4', 'f9a928fd-9315-4977-ba92-6f6ebf3f01d7', 'Sharing rule', false, 3, now(), now());
INSERT INTO "Question" ("id", "examId", "topicId", "content", "codeSnippet", "type", "difficulty", "explanation", "referenceUrl", "isPremium", "isActive", "createdAt", "updatedAt") VALUES ('3e3dca61-37bc-450f-aa60-70731bbde6a1', '003f2098-cb83-416f-a53e-ff07cacd3c9c', '7e65de9e-a352-43b3-aa3c-a0534b7f2528', 'Users need to grant Create on a custom object without changing their profile. What should an admin use? Choose 1 answer.', NULL, 'SINGLE_CHOICE', 2, 'Permission sets grant additional permissions without changing a user''s profile.', 'https://resources.docs.salesforce.com/latest/latest/en-us/sfdc/pdf/salesforce_security_impl_guide.pdf', false, true, now(), now());
INSERT INTO "Answer" ("id", "questionId", "content", "isCorrect", "sortOrder", "createdAt", "updatedAt") VALUES ('80a7e33e-a971-4a79-884e-7851ece12e20', '3e3dca61-37bc-450f-aa60-70731bbde6a1', 'Permission set', true, 0, now(), now());
INSERT INTO "Answer" ("id", "questionId", "content", "isCorrect", "sortOrder", "createdAt", "updatedAt") VALUES ('a6128d90-bc02-4399-9204-3b7aa3bf5fde', '3e3dca61-37bc-450f-aa60-70731bbde6a1', 'New profile for each user', false, 1, now(), now());
INSERT INTO "Answer" ("id", "questionId", "content", "isCorrect", "sortOrder", "createdAt", "updatedAt") VALUES ('a6e19431-efcc-4a86-9477-d26dfba65ea9', '3e3dca61-37bc-450f-aa60-70731bbde6a1', 'Role hierarchy', false, 2, now(), now());
INSERT INTO "Answer" ("id", "questionId", "content", "isCorrect", "sortOrder", "createdAt", "updatedAt") VALUES ('8ff68821-2d71-4b90-ae20-529dcfe1ffa5', '3e3dca61-37bc-450f-aa60-70731bbde6a1', 'Sharing rule', false, 3, now(), now());
INSERT INTO "Question" ("id", "examId", "topicId", "content", "codeSnippet", "type", "difficulty", "explanation", "referenceUrl", "isPremium", "isActive", "createdAt", "updatedAt") VALUES ('32086e2d-d39e-4c9c-b21f-2e669c54fa6e', '003f2098-cb83-416f-a53e-ff07cacd3c9c', '7e65de9e-a352-43b3-aa3c-a0534b7f2528', 'Users need to grant View All on Cases without changing their profile. What should an admin use? Choose 1 answer.', NULL, 'SINGLE_CHOICE', 2, 'Permission sets grant additional permissions without changing a user''s profile.', 'https://resources.docs.salesforce.com/latest/latest/en-us/sfdc/pdf/salesforce_security_impl_guide.pdf', false, true, now(), now());
INSERT INTO "Answer" ("id", "questionId", "content", "isCorrect", "sortOrder", "createdAt", "updatedAt") VALUES ('fa4215b5-6986-4025-8ce5-35fafc20b889', '32086e2d-d39e-4c9c-b21f-2e669c54fa6e', 'Permission set', true, 0, now(), now());
INSERT INTO "Answer" ("id", "questionId", "content", "isCorrect", "sortOrder", "createdAt", "updatedAt") VALUES ('8140b615-4112-4819-b78b-ccb8946515ce', '32086e2d-d39e-4c9c-b21f-2e669c54fa6e', 'New profile for each user', false, 1, now(), now());
INSERT INTO "Answer" ("id", "questionId", "content", "isCorrect", "sortOrder", "createdAt", "updatedAt") VALUES ('8e280820-800d-41be-9906-a3271ea835fc', '32086e2d-d39e-4c9c-b21f-2e669c54fa6e', 'Role hierarchy', false, 2, now(), now());
INSERT INTO "Answer" ("id", "questionId", "content", "isCorrect", "sortOrder", "createdAt", "updatedAt") VALUES ('5d6d8ddb-6780-4460-9f49-09153eed025f', '32086e2d-d39e-4c9c-b21f-2e669c54fa6e', 'Sharing rule', false, 3, now(), now());
INSERT INTO "Question" ("id", "examId", "topicId", "content", "codeSnippet", "type", "difficulty", "explanation", "referenceUrl", "isPremium", "isActive", "createdAt", "updatedAt") VALUES ('d80e0ec3-c61e-4f5a-9d95-ad2a21377956', '003f2098-cb83-416f-a53e-ff07cacd3c9c', '7e65de9e-a352-43b3-aa3c-a0534b7f2528', 'Users need to grant access to a new app without changing their profile. What should an admin use? Choose 1 answer.', NULL, 'SINGLE_CHOICE', 2, 'Permission sets grant additional permissions without changing a user''s profile.', 'https://resources.docs.salesforce.com/latest/latest/en-us/sfdc/pdf/salesforce_security_impl_guide.pdf', false, true, now(), now());
INSERT INTO "Answer" ("id", "questionId", "content", "isCorrect", "sortOrder", "createdAt", "updatedAt") VALUES ('ffb693db-ec2d-40f7-a158-fb0e02aadf4f', 'd80e0ec3-c61e-4f5a-9d95-ad2a21377956', 'Permission set', true, 0, now(), now());
INSERT INTO "Answer" ("id", "questionId", "content", "isCorrect", "sortOrder", "createdAt", "updatedAt") VALUES ('5586ca86-a84c-4d6b-9154-478f6cca8b05', 'd80e0ec3-c61e-4f5a-9d95-ad2a21377956', 'New profile for each user', false, 1, now(), now());
INSERT INTO "Answer" ("id", "questionId", "content", "isCorrect", "sortOrder", "createdAt", "updatedAt") VALUES ('d5c65285-6a19-4ef7-b65d-7739a7d808a3', 'd80e0ec3-c61e-4f5a-9d95-ad2a21377956', 'Role hierarchy', false, 2, now(), now());
INSERT INTO "Answer" ("id", "questionId", "content", "isCorrect", "sortOrder", "createdAt", "updatedAt") VALUES ('f18811b6-f9a9-477b-91c2-8c197e5e060a', 'd80e0ec3-c61e-4f5a-9d95-ad2a21377956', 'Sharing rule', false, 3, now(), now());
INSERT INTO "Question" ("id", "examId", "topicId", "content", "codeSnippet", "type", "difficulty", "explanation", "referenceUrl", "isPremium", "isActive", "createdAt", "updatedAt") VALUES ('9a40e6c3-f9ae-407e-9735-64505f6f5094', '003f2098-cb83-416f-a53e-ff07cacd3c9c', '7e65de9e-a352-43b3-aa3c-a0534b7f2528', 'Users need to grant a custom permission without changing their profile. What should an admin use? Choose 1 answer.', NULL, 'SINGLE_CHOICE', 2, 'Permission sets grant additional permissions without changing a user''s profile.', 'https://resources.docs.salesforce.com/latest/latest/en-us/sfdc/pdf/salesforce_security_impl_guide.pdf', false, true, now(), now());
INSERT INTO "Answer" ("id", "questionId", "content", "isCorrect", "sortOrder", "createdAt", "updatedAt") VALUES ('28d07b77-df36-40dc-9d29-ce720b86415a', '9a40e6c3-f9ae-407e-9735-64505f6f5094', 'Permission set', true, 0, now(), now());
INSERT INTO "Answer" ("id", "questionId", "content", "isCorrect", "sortOrder", "createdAt", "updatedAt") VALUES ('0805b939-92eb-4b7d-96fc-765ef5bb81e0', '9a40e6c3-f9ae-407e-9735-64505f6f5094', 'New profile for each user', false, 1, now(), now());
INSERT INTO "Answer" ("id", "questionId", "content", "isCorrect", "sortOrder", "createdAt", "updatedAt") VALUES ('02ac8544-b2cd-4165-85e4-5e2f445cb562', '9a40e6c3-f9ae-407e-9735-64505f6f5094', 'Role hierarchy', false, 2, now(), now());
INSERT INTO "Answer" ("id", "questionId", "content", "isCorrect", "sortOrder", "createdAt", "updatedAt") VALUES ('56482523-414b-4b99-9ddd-554c0068d0e9', '9a40e6c3-f9ae-407e-9735-64505f6f5094', 'Sharing rule', false, 3, now(), now());
INSERT INTO "Question" ("id", "examId", "topicId", "content", "codeSnippet", "type", "difficulty", "explanation", "referenceUrl", "isPremium", "isActive", "createdAt", "updatedAt") VALUES ('12977b15-46e7-424a-b995-36825055840a', '003f2098-cb83-416f-a53e-ff07cacd3c9c', '7e65de9e-a352-43b3-aa3c-a0534b7f2528', 'While troubleshooting an Apex trigger, which two debug log categories can be configured for logging levels? Choose 2 answers.', NULL, 'MULTIPLE_CHOICE', 2, 'Debug logs include categories like Apex Code and Visualforce; Reports and Lightning Components are not log categories.', 'https://resources.docs.salesforce.com/latest/latest/en-us/sfdc/pdf/salesforce_apex_developer_guide.pdf', false, true, now(), now());
INSERT INTO "Answer" ("id", "questionId", "content", "isCorrect", "sortOrder", "createdAt", "updatedAt") VALUES ('8f84cf0b-9e44-4a48-8f93-e1442cec415c', '12977b15-46e7-424a-b995-36825055840a', 'Apex Code', true, 0, now(), now());
INSERT INTO "Answer" ("id", "questionId", "content", "isCorrect", "sortOrder", "createdAt", "updatedAt") VALUES ('d54223d8-accf-4acd-a580-ed6fd3547ae8', '12977b15-46e7-424a-b995-36825055840a', 'Visualforce', true, 1, now(), now());
INSERT INTO "Answer" ("id", "questionId", "content", "isCorrect", "sortOrder", "createdAt", "updatedAt") VALUES ('9bb07234-8967-4667-b60b-a4492d81a3a5', '12977b15-46e7-424a-b995-36825055840a', 'Reports', false, 2, now(), now());
INSERT INTO "Answer" ("id", "questionId", "content", "isCorrect", "sortOrder", "createdAt", "updatedAt") VALUES ('5ffbd080-6aba-4465-ade6-d43d90938f7d', '12977b15-46e7-424a-b995-36825055840a', 'Lightning Components', false, 3, now(), now());
INSERT INTO "Question" ("id", "examId", "topicId", "content", "codeSnippet", "type", "difficulty", "explanation", "referenceUrl", "isPremium", "isActive", "createdAt", "updatedAt") VALUES ('236b1db4-2324-4235-b0aa-3ac2c4276ffc', '003f2098-cb83-416f-a53e-ff07cacd3c9c', '7e65de9e-a352-43b3-aa3c-a0534b7f2528', 'While debugging a Visualforce page, which two debug log categories can be configured for logging levels? Choose 2 answers.', NULL, 'MULTIPLE_CHOICE', 2, 'Debug logs include categories like Apex Code and Visualforce; Reports and Lightning Components are not log categories.', 'https://resources.docs.salesforce.com/latest/latest/en-us/sfdc/pdf/salesforce_apex_developer_guide.pdf', false, true, now(), now());
INSERT INTO "Answer" ("id", "questionId", "content", "isCorrect", "sortOrder", "createdAt", "updatedAt") VALUES ('d08a9935-140c-4d2b-87f0-b1c048f594ed', '236b1db4-2324-4235-b0aa-3ac2c4276ffc', 'Apex Code', true, 0, now(), now());
INSERT INTO "Answer" ("id", "questionId", "content", "isCorrect", "sortOrder", "createdAt", "updatedAt") VALUES ('11d24ea0-e84a-4e08-8e3b-699993f4e3ec', '236b1db4-2324-4235-b0aa-3ac2c4276ffc', 'Visualforce', true, 1, now(), now());
INSERT INTO "Answer" ("id", "questionId", "content", "isCorrect", "sortOrder", "createdAt", "updatedAt") VALUES ('ae63d613-e517-4a59-a943-21b291e0338b', '236b1db4-2324-4235-b0aa-3ac2c4276ffc', 'Reports', false, 2, now(), now());
INSERT INTO "Answer" ("id", "questionId", "content", "isCorrect", "sortOrder", "createdAt", "updatedAt") VALUES ('ff945fac-cbef-40ec-bfa4-5101ae7faeb7', '236b1db4-2324-4235-b0aa-3ac2c4276ffc', 'Lightning Components', false, 3, now(), now());
INSERT INTO "Question" ("id", "examId", "topicId", "content", "codeSnippet", "type", "difficulty", "explanation", "referenceUrl", "isPremium", "isActive", "createdAt", "updatedAt") VALUES ('5aa1a714-c440-4df3-8eb2-62f30d66fbfb', '003f2098-cb83-416f-a53e-ff07cacd3c9c', '7e65de9e-a352-43b3-aa3c-a0534b7f2528', 'While diagnosing a workflow issue, which two debug log categories can be configured for logging levels? Choose 2 answers.', NULL, 'MULTIPLE_CHOICE', 2, 'Debug logs include categories like Apex Code and Visualforce; Reports and Lightning Components are not log categories.', 'https://resources.docs.salesforce.com/latest/latest/en-us/sfdc/pdf/salesforce_apex_developer_guide.pdf', false, true, now(), now());
INSERT INTO "Answer" ("id", "questionId", "content", "isCorrect", "sortOrder", "createdAt", "updatedAt") VALUES ('c6d7c31f-ec68-40f6-a232-0731bcc3f59c', '5aa1a714-c440-4df3-8eb2-62f30d66fbfb', 'Apex Code', true, 0, now(), now());
INSERT INTO "Answer" ("id", "questionId", "content", "isCorrect", "sortOrder", "createdAt", "updatedAt") VALUES ('509a6557-84a1-4301-a337-14b1fa5985c8', '5aa1a714-c440-4df3-8eb2-62f30d66fbfb', 'Visualforce', true, 1, now(), now());
INSERT INTO "Answer" ("id", "questionId", "content", "isCorrect", "sortOrder", "createdAt", "updatedAt") VALUES ('067048f1-236f-462f-af7f-9a013616eb49', '5aa1a714-c440-4df3-8eb2-62f30d66fbfb', 'Reports', false, 2, now(), now());
INSERT INTO "Answer" ("id", "questionId", "content", "isCorrect", "sortOrder", "createdAt", "updatedAt") VALUES ('ed000b32-de33-4cc0-a8f7-ca3b8e02f4b2', '5aa1a714-c440-4df3-8eb2-62f30d66fbfb', 'Lightning Components', false, 3, now(), now());
INSERT INTO "Question" ("id", "examId", "topicId", "content", "codeSnippet", "type", "difficulty", "explanation", "referenceUrl", "isPremium", "isActive", "createdAt", "updatedAt") VALUES ('154e927a-d0a7-45e7-9298-fab8215d17b6', '003f2098-cb83-416f-a53e-ff07cacd3c9c', '7e65de9e-a352-43b3-aa3c-a0534b7f2528', 'While investigating a validation error, which two debug log categories can be configured for logging levels? Choose 2 answers.', NULL, 'MULTIPLE_CHOICE', 2, 'Debug logs include categories like Apex Code and Visualforce; Reports and Lightning Components are not log categories.', 'https://resources.docs.salesforce.com/latest/latest/en-us/sfdc/pdf/salesforce_apex_developer_guide.pdf', false, true, now(), now());
INSERT INTO "Answer" ("id", "questionId", "content", "isCorrect", "sortOrder", "createdAt", "updatedAt") VALUES ('070a9137-2076-4cc5-9311-0d5c82db0b60', '154e927a-d0a7-45e7-9298-fab8215d17b6', 'Apex Code', true, 0, now(), now());
INSERT INTO "Answer" ("id", "questionId", "content", "isCorrect", "sortOrder", "createdAt", "updatedAt") VALUES ('cd41d1c1-0855-4cd9-a694-0f3289973812', '154e927a-d0a7-45e7-9298-fab8215d17b6', 'Visualforce', true, 1, now(), now());
INSERT INTO "Answer" ("id", "questionId", "content", "isCorrect", "sortOrder", "createdAt", "updatedAt") VALUES ('a758faa4-407e-4d77-80c4-0b3b666722f4', '154e927a-d0a7-45e7-9298-fab8215d17b6', 'Reports', false, 2, now(), now());
INSERT INTO "Answer" ("id", "questionId", "content", "isCorrect", "sortOrder", "createdAt", "updatedAt") VALUES ('8cde3f94-3e5f-44ad-a2cd-b3b469f44aaa', '154e927a-d0a7-45e7-9298-fab8215d17b6', 'Lightning Components', false, 3, now(), now());
INSERT INTO "Question" ("id", "examId", "topicId", "content", "codeSnippet", "type", "difficulty", "explanation", "referenceUrl", "isPremium", "isActive", "createdAt", "updatedAt") VALUES ('ca1cdcdc-4f65-4ac3-811c-d7a663f1bc3f', '003f2098-cb83-416f-a53e-ff07cacd3c9c', '7e65de9e-a352-43b3-aa3c-a0534b7f2528', 'While profiling a callout, which two debug log categories can be configured for logging levels? Choose 2 answers.', NULL, 'MULTIPLE_CHOICE', 2, 'Debug logs include categories like Apex Code and Visualforce; Reports and Lightning Components are not log categories.', 'https://resources.docs.salesforce.com/latest/latest/en-us/sfdc/pdf/salesforce_apex_developer_guide.pdf', false, true, now(), now());
INSERT INTO "Answer" ("id", "questionId", "content", "isCorrect", "sortOrder", "createdAt", "updatedAt") VALUES ('60a8ace1-b1c5-4abc-805f-6e5212b6ffc5', 'ca1cdcdc-4f65-4ac3-811c-d7a663f1bc3f', 'Apex Code', true, 0, now(), now());
INSERT INTO "Answer" ("id", "questionId", "content", "isCorrect", "sortOrder", "createdAt", "updatedAt") VALUES ('51a9ab96-7c25-4712-82d6-c91c907ccea3', 'ca1cdcdc-4f65-4ac3-811c-d7a663f1bc3f', 'Visualforce', true, 1, now(), now());
INSERT INTO "Answer" ("id", "questionId", "content", "isCorrect", "sortOrder", "createdAt", "updatedAt") VALUES ('adaf0e01-87a4-4fb0-841a-20e3f50d3150', 'ca1cdcdc-4f65-4ac3-811c-d7a663f1bc3f', 'Reports', false, 2, now(), now());
INSERT INTO "Answer" ("id", "questionId", "content", "isCorrect", "sortOrder", "createdAt", "updatedAt") VALUES ('77293d92-3b71-4e24-94d1-1c14e58a38a6', 'ca1cdcdc-4f65-4ac3-811c-d7a663f1bc3f', 'Lightning Components', false, 3, now(), now());
INSERT INTO "Question" ("id", "examId", "topicId", "content", "codeSnippet", "type", "difficulty", "explanation", "referenceUrl", "isPremium", "isActive", "createdAt", "updatedAt") VALUES ('4a9d5f66-d764-4763-b981-015b8149c5b2', '003f2098-cb83-416f-a53e-ff07cacd3c9c', '7e65de9e-a352-43b3-aa3c-a0534b7f2528', 'During a production deployment, which two statements are true about Apex tests? Choose 2 answers.', NULL, 'MULTIPLE_CHOICE', 3, 'Production deployments require 75% overall code coverage and all tests must pass.', 'https://resources.docs.salesforce.com/latest/latest/en-us/sfdc/pdf/salesforce_apex_developer_guide.pdf', false, true, now(), now());
INSERT INTO "Answer" ("id", "questionId", "content", "isCorrect", "sortOrder", "createdAt", "updatedAt") VALUES ('92d4a9a3-3c2c-4236-b8be-913a78211993', '4a9d5f66-d764-4763-b981-015b8149c5b2', 'Overall Apex code coverage must be at least 75%', true, 0, now(), now());
INSERT INTO "Answer" ("id", "questionId", "content", "isCorrect", "sortOrder", "createdAt", "updatedAt") VALUES ('e3f4d720-6623-4a0e-be23-3dc9e64873b8', '4a9d5f66-d764-4763-b981-015b8149c5b2', 'All tests must pass for the deployment to succeed', true, 1, now(), now());
INSERT INTO "Answer" ("id", "questionId", "content", "isCorrect", "sortOrder", "createdAt", "updatedAt") VALUES ('637de8b9-aa09-46d8-b475-0357c34a4c21', '4a9d5f66-d764-4763-b981-015b8149c5b2', 'Test methods can access production data by default', false, 2, now(), now());
INSERT INTO "Answer" ("id", "questionId", "content", "isCorrect", "sortOrder", "createdAt", "updatedAt") VALUES ('88602be6-a125-48dc-9926-d0c1d0ce5068', '4a9d5f66-d764-4763-b981-015b8149c5b2', 'Only specified tests run for change set deployments', false, 3, now(), now());
INSERT INTO "Question" ("id", "examId", "topicId", "content", "codeSnippet", "type", "difficulty", "explanation", "referenceUrl", "isPremium", "isActive", "createdAt", "updatedAt") VALUES ('c04dfcb2-8c24-4e7e-96bb-c34087a620b8', '003f2098-cb83-416f-a53e-ff07cacd3c9c', '7e65de9e-a352-43b3-aa3c-a0534b7f2528', 'When deploying Apex via change sets, which two statements are true about Apex tests? Choose 2 answers.', NULL, 'MULTIPLE_CHOICE', 3, 'Production deployments require 75% overall code coverage and all tests must pass.', 'https://resources.docs.salesforce.com/latest/latest/en-us/sfdc/pdf/salesforce_apex_developer_guide.pdf', false, true, now(), now());
INSERT INTO "Answer" ("id", "questionId", "content", "isCorrect", "sortOrder", "createdAt", "updatedAt") VALUES ('78537b33-5cd8-45e5-9e04-54fb584be788', 'c04dfcb2-8c24-4e7e-96bb-c34087a620b8', 'Overall Apex code coverage must be at least 75%', true, 0, now(), now());
INSERT INTO "Answer" ("id", "questionId", "content", "isCorrect", "sortOrder", "createdAt", "updatedAt") VALUES ('0211aace-dc9f-429c-a3a2-94dd5ebb9144', 'c04dfcb2-8c24-4e7e-96bb-c34087a620b8', 'All tests must pass for the deployment to succeed', true, 1, now(), now());
INSERT INTO "Answer" ("id", "questionId", "content", "isCorrect", "sortOrder", "createdAt", "updatedAt") VALUES ('a034726c-18a4-4d65-90ad-5214cd46b95a', 'c04dfcb2-8c24-4e7e-96bb-c34087a620b8', 'Test methods can access production data by default', false, 2, now(), now());
INSERT INTO "Answer" ("id", "questionId", "content", "isCorrect", "sortOrder", "createdAt", "updatedAt") VALUES ('b549a605-cd1d-4b02-aaf5-0e6da305232c', 'c04dfcb2-8c24-4e7e-96bb-c34087a620b8', 'Only specified tests run for change set deployments', false, 3, now(), now());
INSERT INTO "Question" ("id", "examId", "topicId", "content", "codeSnippet", "type", "difficulty", "explanation", "referenceUrl", "isPremium", "isActive", "createdAt", "updatedAt") VALUES ('03eb58ae-cd9e-4667-8722-912ddb5071e1', '003f2098-cb83-416f-a53e-ff07cacd3c9c', '7e65de9e-a352-43b3-aa3c-a0534b7f2528', 'When deploying Apex classes to production, which two statements are true about Apex tests? Choose 2 answers.', NULL, 'MULTIPLE_CHOICE', 3, 'Production deployments require 75% overall code coverage and all tests must pass.', 'https://resources.docs.salesforce.com/latest/latest/en-us/sfdc/pdf/salesforce_apex_developer_guide.pdf', false, true, now(), now());
INSERT INTO "Answer" ("id", "questionId", "content", "isCorrect", "sortOrder", "createdAt", "updatedAt") VALUES ('1a83ed70-7f4d-45ca-bb28-7145c22c82dd', '03eb58ae-cd9e-4667-8722-912ddb5071e1', 'Overall Apex code coverage must be at least 75%', true, 0, now(), now());
INSERT INTO "Answer" ("id", "questionId", "content", "isCorrect", "sortOrder", "createdAt", "updatedAt") VALUES ('e8c93279-c86a-4a19-986b-dcb7b8d5020a', '03eb58ae-cd9e-4667-8722-912ddb5071e1', 'All tests must pass for the deployment to succeed', true, 1, now(), now());
INSERT INTO "Answer" ("id", "questionId", "content", "isCorrect", "sortOrder", "createdAt", "updatedAt") VALUES ('5deca4ca-8632-4b07-b325-d89b7504c477', '03eb58ae-cd9e-4667-8722-912ddb5071e1', 'Test methods can access production data by default', false, 2, now(), now());
INSERT INTO "Answer" ("id", "questionId", "content", "isCorrect", "sortOrder", "createdAt", "updatedAt") VALUES ('929531ff-9296-4901-8cb1-787725e7deda', '03eb58ae-cd9e-4667-8722-912ddb5071e1', 'Only specified tests run for change set deployments', false, 3, now(), now());
INSERT INTO "Question" ("id", "examId", "topicId", "content", "codeSnippet", "type", "difficulty", "explanation", "referenceUrl", "isPremium", "isActive", "createdAt", "updatedAt") VALUES ('8d8ed217-8af2-418b-b04f-4edd649a2e71', '003f2098-cb83-416f-a53e-ff07cacd3c9c', '7e65de9e-a352-43b3-aa3c-a0534b7f2528', 'When validating a deployment, which two statements are true about Apex tests? Choose 2 answers.', NULL, 'MULTIPLE_CHOICE', 3, 'Production deployments require 75% overall code coverage and all tests must pass.', 'https://resources.docs.salesforce.com/latest/latest/en-us/sfdc/pdf/salesforce_apex_developer_guide.pdf', false, true, now(), now());
INSERT INTO "Answer" ("id", "questionId", "content", "isCorrect", "sortOrder", "createdAt", "updatedAt") VALUES ('23e52b51-09ed-4a51-b4b4-c01655a4d03f', '8d8ed217-8af2-418b-b04f-4edd649a2e71', 'Overall Apex code coverage must be at least 75%', true, 0, now(), now());
INSERT INTO "Answer" ("id", "questionId", "content", "isCorrect", "sortOrder", "createdAt", "updatedAt") VALUES ('51c367cd-c70a-4bd3-aac7-57264b23024f', '8d8ed217-8af2-418b-b04f-4edd649a2e71', 'All tests must pass for the deployment to succeed', true, 1, now(), now());
INSERT INTO "Answer" ("id", "questionId", "content", "isCorrect", "sortOrder", "createdAt", "updatedAt") VALUES ('95f27859-a8ff-4537-8d0a-44e2454778f7', '8d8ed217-8af2-418b-b04f-4edd649a2e71', 'Test methods can access production data by default', false, 2, now(), now());
INSERT INTO "Answer" ("id", "questionId", "content", "isCorrect", "sortOrder", "createdAt", "updatedAt") VALUES ('0723ee58-efa3-41c1-a4c2-d1cf0d6b2d5a', '8d8ed217-8af2-418b-b04f-4edd649a2e71', 'Only specified tests run for change set deployments', false, 3, now(), now());
INSERT INTO "Question" ("id", "examId", "topicId", "content", "codeSnippet", "type", "difficulty", "explanation", "referenceUrl", "isPremium", "isActive", "createdAt", "updatedAt") VALUES ('47c8e8de-9d5c-4ffd-82a3-21477949f5be', '003f2098-cb83-416f-a53e-ff07cacd3c9c', '7e65de9e-a352-43b3-aa3c-a0534b7f2528', 'When pushing Apex to a production org, which two statements are true about Apex tests? Choose 2 answers.', NULL, 'MULTIPLE_CHOICE', 3, 'Production deployments require 75% overall code coverage and all tests must pass.', 'https://resources.docs.salesforce.com/latest/latest/en-us/sfdc/pdf/salesforce_apex_developer_guide.pdf', false, true, now(), now());
INSERT INTO "Answer" ("id", "questionId", "content", "isCorrect", "sortOrder", "createdAt", "updatedAt") VALUES ('ecbf4042-562e-4d91-9bf6-8e8084a95690', '47c8e8de-9d5c-4ffd-82a3-21477949f5be', 'Overall Apex code coverage must be at least 75%', true, 0, now(), now());
INSERT INTO "Answer" ("id", "questionId", "content", "isCorrect", "sortOrder", "createdAt", "updatedAt") VALUES ('f86c74be-2be9-4cca-9c1d-39537413ec02', '47c8e8de-9d5c-4ffd-82a3-21477949f5be', 'All tests must pass for the deployment to succeed', true, 1, now(), now());
INSERT INTO "Answer" ("id", "questionId", "content", "isCorrect", "sortOrder", "createdAt", "updatedAt") VALUES ('054fc008-1604-4933-a34a-944b7544ab48', '47c8e8de-9d5c-4ffd-82a3-21477949f5be', 'Test methods can access production data by default', false, 2, now(), now());
INSERT INTO "Answer" ("id", "questionId", "content", "isCorrect", "sortOrder", "createdAt", "updatedAt") VALUES ('8e0945d3-3e9f-465b-9e94-009490817424', '47c8e8de-9d5c-4ffd-82a3-21477949f5be', 'Only specified tests run for change set deployments', false, 3, now(), now());
INSERT INTO "Question" ("id", "examId", "topicId", "content", "codeSnippet", "type", "difficulty", "explanation", "referenceUrl", "isPremium", "isActive", "createdAt", "updatedAt") VALUES ('ab05e7ef-e4d7-41ab-9260-4bceccba8c09', '003f2098-cb83-416f-a53e-ff07cacd3c9c', '7e65de9e-a352-43b3-aa3c-a0534b7f2528', 'Which tool is the built-in way to move metadata between related orgs? Choose 1 answer.', NULL, 'SINGLE_CHOICE', 2, 'Change sets are the native metadata deployment tool between related orgs.', 'https://trailhead.salesforce.com/content/learn/modules/flow-implementation-2/deploy-your-flow-to-production', false, true, now(), now());
INSERT INTO "Answer" ("id", "questionId", "content", "isCorrect", "sortOrder", "createdAt", "updatedAt") VALUES ('59ac2d89-5d44-45ea-8e2c-6d07a2d22187', 'ab05e7ef-e4d7-41ab-9260-4bceccba8c09', 'Change Sets', true, 0, now(), now());
INSERT INTO "Answer" ("id", "questionId", "content", "isCorrect", "sortOrder", "createdAt", "updatedAt") VALUES ('82f9cafb-bcfc-448d-8185-b6fd125892e6', 'ab05e7ef-e4d7-41ab-9260-4bceccba8c09', 'Data Import Wizard', false, 1, now(), now());
INSERT INTO "Answer" ("id", "questionId", "content", "isCorrect", "sortOrder", "createdAt", "updatedAt") VALUES ('ff8c649c-1882-4197-98a8-287979b4ffe3', 'ab05e7ef-e4d7-41ab-9260-4bceccba8c09', 'Reports', false, 2, now(), now());
INSERT INTO "Answer" ("id", "questionId", "content", "isCorrect", "sortOrder", "createdAt", "updatedAt") VALUES ('9b003db0-5b41-4260-957e-619b992f2933', 'ab05e7ef-e4d7-41ab-9260-4bceccba8c09', 'Schema Builder', false, 3, now(), now());
INSERT INTO "Question" ("id", "examId", "topicId", "content", "codeSnippet", "type", "difficulty", "explanation", "referenceUrl", "isPremium", "isActive", "createdAt", "updatedAt") VALUES ('b2e40b04-dab1-4d2e-a796-75028775e47e', '003f2098-cb83-416f-a53e-ff07cacd3c9c', '7e65de9e-a352-43b3-aa3c-a0534b7f2528', 'Which tool is the built-in way to move configuration from sandbox to production? Choose 1 answer.', NULL, 'SINGLE_CHOICE', 2, 'Change sets are the native metadata deployment tool between related orgs.', 'https://trailhead.salesforce.com/content/learn/modules/flow-implementation-2/deploy-your-flow-to-production', false, true, now(), now());
INSERT INTO "Answer" ("id", "questionId", "content", "isCorrect", "sortOrder", "createdAt", "updatedAt") VALUES ('fc179f56-0b30-4b4c-b48c-3fefd205853e', 'b2e40b04-dab1-4d2e-a796-75028775e47e', 'Change Sets', true, 0, now(), now());
INSERT INTO "Answer" ("id", "questionId", "content", "isCorrect", "sortOrder", "createdAt", "updatedAt") VALUES ('dfd88f6d-9115-41de-a412-0edade7c61e8', 'b2e40b04-dab1-4d2e-a796-75028775e47e', 'Data Import Wizard', false, 1, now(), now());
INSERT INTO "Answer" ("id", "questionId", "content", "isCorrect", "sortOrder", "createdAt", "updatedAt") VALUES ('09f70b9e-4889-4bdc-94b5-49664864741a', 'b2e40b04-dab1-4d2e-a796-75028775e47e', 'Reports', false, 2, now(), now());
INSERT INTO "Answer" ("id", "questionId", "content", "isCorrect", "sortOrder", "createdAt", "updatedAt") VALUES ('ecd5c9fc-a618-4652-919b-60583af9f5d8', 'b2e40b04-dab1-4d2e-a796-75028775e47e', 'Schema Builder', false, 3, now(), now());
INSERT INTO "Question" ("id", "examId", "topicId", "content", "codeSnippet", "type", "difficulty", "explanation", "referenceUrl", "isPremium", "isActive", "createdAt", "updatedAt") VALUES ('b2cf7b7d-6ee6-48f5-b18e-46df9bbeb7cb', '003f2098-cb83-416f-a53e-ff07cacd3c9c', '7e65de9e-a352-43b3-aa3c-a0534b7f2528', 'Which tool is the built-in way to move custom object changes between a sandbox and its production org? Choose 1 answer.', NULL, 'SINGLE_CHOICE', 2, 'Change sets are the native metadata deployment tool between related orgs.', 'https://trailhead.salesforce.com/content/learn/modules/flow-implementation-2/deploy-your-flow-to-production', false, true, now(), now());
INSERT INTO "Answer" ("id", "questionId", "content", "isCorrect", "sortOrder", "createdAt", "updatedAt") VALUES ('13032c37-18e6-4fdf-a61c-c1c9e11de488', 'b2cf7b7d-6ee6-48f5-b18e-46df9bbeb7cb', 'Change Sets', true, 0, now(), now());
INSERT INTO "Answer" ("id", "questionId", "content", "isCorrect", "sortOrder", "createdAt", "updatedAt") VALUES ('b0777514-36c2-4f20-866e-94d7bbc997fd', 'b2cf7b7d-6ee6-48f5-b18e-46df9bbeb7cb', 'Data Import Wizard', false, 1, now(), now());
INSERT INTO "Answer" ("id", "questionId", "content", "isCorrect", "sortOrder", "createdAt", "updatedAt") VALUES ('15533aa3-3375-49a3-9ff2-0b0811f18111', 'b2cf7b7d-6ee6-48f5-b18e-46df9bbeb7cb', 'Reports', false, 2, now(), now());
INSERT INTO "Answer" ("id", "questionId", "content", "isCorrect", "sortOrder", "createdAt", "updatedAt") VALUES ('f9d67453-badf-4563-bb53-64ae238f7a81', 'b2cf7b7d-6ee6-48f5-b18e-46df9bbeb7cb', 'Schema Builder', false, 3, now(), now());
INSERT INTO "Question" ("id", "examId", "topicId", "content", "codeSnippet", "type", "difficulty", "explanation", "referenceUrl", "isPremium", "isActive", "createdAt", "updatedAt") VALUES ('38f523bf-60b9-4d0a-93b7-7df1f926c3f7', '003f2098-cb83-416f-a53e-ff07cacd3c9c', '7e65de9e-a352-43b3-aa3c-a0534b7f2528', 'Which tool is the built-in way to move Lightning page updates between related orgs? Choose 1 answer.', NULL, 'SINGLE_CHOICE', 2, 'Change sets are the native metadata deployment tool between related orgs.', 'https://trailhead.salesforce.com/content/learn/modules/flow-implementation-2/deploy-your-flow-to-production', false, true, now(), now());
INSERT INTO "Answer" ("id", "questionId", "content", "isCorrect", "sortOrder", "createdAt", "updatedAt") VALUES ('c968c5c6-6c57-4dce-850e-f0b521709987', '38f523bf-60b9-4d0a-93b7-7df1f926c3f7', 'Change Sets', true, 0, now(), now());
INSERT INTO "Answer" ("id", "questionId", "content", "isCorrect", "sortOrder", "createdAt", "updatedAt") VALUES ('d7fa5e28-c755-4346-8fc6-39f8088e9658', '38f523bf-60b9-4d0a-93b7-7df1f926c3f7', 'Data Import Wizard', false, 1, now(), now());
INSERT INTO "Answer" ("id", "questionId", "content", "isCorrect", "sortOrder", "createdAt", "updatedAt") VALUES ('8d730832-266f-4361-b9b2-07415dd69c00', '38f523bf-60b9-4d0a-93b7-7df1f926c3f7', 'Reports', false, 2, now(), now());
INSERT INTO "Answer" ("id", "questionId", "content", "isCorrect", "sortOrder", "createdAt", "updatedAt") VALUES ('7cba16d8-5de0-4483-a402-96db6cc364a8', '38f523bf-60b9-4d0a-93b7-7df1f926c3f7', 'Schema Builder', false, 3, now(), now());
INSERT INTO "Question" ("id", "examId", "topicId", "content", "codeSnippet", "type", "difficulty", "explanation", "referenceUrl", "isPremium", "isActive", "createdAt", "updatedAt") VALUES ('3fc26419-02c8-41b0-a6f5-a470e75fa124', '003f2098-cb83-416f-a53e-ff07cacd3c9c', '7e65de9e-a352-43b3-aa3c-a0534b7f2528', 'Which tool is the built-in way to move Apex metadata between a sandbox and production? Choose 1 answer.', NULL, 'SINGLE_CHOICE', 2, 'Change sets are the native metadata deployment tool between related orgs.', 'https://trailhead.salesforce.com/content/learn/modules/flow-implementation-2/deploy-your-flow-to-production', false, true, now(), now());
INSERT INTO "Answer" ("id", "questionId", "content", "isCorrect", "sortOrder", "createdAt", "updatedAt") VALUES ('40df7075-7732-4aad-969d-4fb574e2555c', '3fc26419-02c8-41b0-a6f5-a470e75fa124', 'Change Sets', true, 0, now(), now());
INSERT INTO "Answer" ("id", "questionId", "content", "isCorrect", "sortOrder", "createdAt", "updatedAt") VALUES ('71bb2e07-f4d1-4881-bb70-1b75c3d9a141', '3fc26419-02c8-41b0-a6f5-a470e75fa124', 'Data Import Wizard', false, 1, now(), now());
INSERT INTO "Answer" ("id", "questionId", "content", "isCorrect", "sortOrder", "createdAt", "updatedAt") VALUES ('9b25a643-f644-4d4c-94d9-6791fbc15d35', '3fc26419-02c8-41b0-a6f5-a470e75fa124', 'Reports', false, 2, now(), now());
INSERT INTO "Answer" ("id", "questionId", "content", "isCorrect", "sortOrder", "createdAt", "updatedAt") VALUES ('1536c8b0-b75b-4a7e-907c-a262e62adbb1', '3fc26419-02c8-41b0-a6f5-a470e75fa124', 'Schema Builder', false, 3, now(), now());
INSERT INTO "Question" ("id", "examId", "topicId", "content", "codeSnippet", "type", "difficulty", "explanation", "referenceUrl", "isPremium", "isActive", "createdAt", "updatedAt") VALUES ('1601f7d4-c3ed-4ed0-bde5-9877b342e7bd', '003f2098-cb83-416f-a53e-ff07cacd3c9c', '7e65de9e-a352-43b3-aa3c-a0534b7f2528', 'Why should a developer use a sandbox to test new automation instead of production? Choose 1 answer.', NULL, 'SINGLE_CHOICE', 1, 'Sandboxes provide isolated environments for development, testing, and training.', 'https://resources.docs.salesforce.com/latest/latest/en-us/sfdc/pdf/salesforce_apex_developer_guide.pdf', false, true, now(), now());
INSERT INTO "Answer" ("id", "questionId", "content", "isCorrect", "sortOrder", "createdAt", "updatedAt") VALUES ('462ca1e3-345c-4357-854e-b3a6f41a7908', '1601f7d4-c3ed-4ed0-bde5-9877b342e7bd', 'It isolates development and testing from production data and users', true, 0, now(), now());
INSERT INTO "Answer" ("id", "questionId", "content", "isCorrect", "sortOrder", "createdAt", "updatedAt") VALUES ('967abeb0-69ef-453a-89c8-b276eb6ea271', '1601f7d4-c3ed-4ed0-bde5-9877b342e7bd', 'It provides unlimited governor limits', false, 1, now(), now());
INSERT INTO "Answer" ("id", "questionId", "content", "isCorrect", "sortOrder", "createdAt", "updatedAt") VALUES ('4430d82c-4082-4d59-8eb0-6eae92200873', '1601f7d4-c3ed-4ed0-bde5-9877b342e7bd', 'It automatically deploys changes to production', false, 2, now(), now());
INSERT INTO "Answer" ("id", "questionId", "content", "isCorrect", "sortOrder", "createdAt", "updatedAt") VALUES ('53e6c5b7-ee23-4a15-aa62-3339f7c24631', '1601f7d4-c3ed-4ed0-bde5-9877b342e7bd', 'It bypasses security controls', false, 3, now(), now());
INSERT INTO "Question" ("id", "examId", "topicId", "content", "codeSnippet", "type", "difficulty", "explanation", "referenceUrl", "isPremium", "isActive", "createdAt", "updatedAt") VALUES ('3b06b676-67df-49e8-9207-2e5b8e8a7695', '003f2098-cb83-416f-a53e-ff07cacd3c9c', '7e65de9e-a352-43b3-aa3c-a0534b7f2528', 'Why should a developer use a sandbox to build a new feature instead of production? Choose 1 answer.', NULL, 'SINGLE_CHOICE', 1, 'Sandboxes provide isolated environments for development, testing, and training.', 'https://resources.docs.salesforce.com/latest/latest/en-us/sfdc/pdf/salesforce_apex_developer_guide.pdf', false, true, now(), now());
INSERT INTO "Answer" ("id", "questionId", "content", "isCorrect", "sortOrder", "createdAt", "updatedAt") VALUES ('3b3e0f0e-d01d-4800-a269-01a987b95665', '3b06b676-67df-49e8-9207-2e5b8e8a7695', 'It isolates development and testing from production data and users', true, 0, now(), now());
INSERT INTO "Answer" ("id", "questionId", "content", "isCorrect", "sortOrder", "createdAt", "updatedAt") VALUES ('7f8df3eb-8506-4837-b69d-a0fbad1d9b17', '3b06b676-67df-49e8-9207-2e5b8e8a7695', 'It provides unlimited governor limits', false, 1, now(), now());
INSERT INTO "Answer" ("id", "questionId", "content", "isCorrect", "sortOrder", "createdAt", "updatedAt") VALUES ('94345948-d7e4-4fdf-ae5e-33fec7fa18f6', '3b06b676-67df-49e8-9207-2e5b8e8a7695', 'It automatically deploys changes to production', false, 2, now(), now());
INSERT INTO "Answer" ("id", "questionId", "content", "isCorrect", "sortOrder", "createdAt", "updatedAt") VALUES ('c6a84ecd-a97f-49b6-a478-a6730fb85c07', '3b06b676-67df-49e8-9207-2e5b8e8a7695', 'It bypasses security controls', false, 3, now(), now());
INSERT INTO "Question" ("id", "examId", "topicId", "content", "codeSnippet", "type", "difficulty", "explanation", "referenceUrl", "isPremium", "isActive", "createdAt", "updatedAt") VALUES ('507cd635-83eb-4c59-9ce9-50f483ff26f2', '003f2098-cb83-416f-a53e-ff07cacd3c9c', '7e65de9e-a352-43b3-aa3c-a0534b7f2528', 'Why should a developer use a sandbox to run regression tests instead of production? Choose 1 answer.', NULL, 'SINGLE_CHOICE', 1, 'Sandboxes provide isolated environments for development, testing, and training.', 'https://resources.docs.salesforce.com/latest/latest/en-us/sfdc/pdf/salesforce_apex_developer_guide.pdf', false, true, now(), now());
INSERT INTO "Answer" ("id", "questionId", "content", "isCorrect", "sortOrder", "createdAt", "updatedAt") VALUES ('65ee87e7-11a1-4dc8-add1-66a49debb5ae', '507cd635-83eb-4c59-9ce9-50f483ff26f2', 'It isolates development and testing from production data and users', true, 0, now(), now());
INSERT INTO "Answer" ("id", "questionId", "content", "isCorrect", "sortOrder", "createdAt", "updatedAt") VALUES ('aa889fab-8860-4402-9374-927ad8880907', '507cd635-83eb-4c59-9ce9-50f483ff26f2', 'It provides unlimited governor limits', false, 1, now(), now());
INSERT INTO "Answer" ("id", "questionId", "content", "isCorrect", "sortOrder", "createdAt", "updatedAt") VALUES ('9988f870-f7be-4579-9bfc-aa556f519d1e', '507cd635-83eb-4c59-9ce9-50f483ff26f2', 'It automatically deploys changes to production', false, 2, now(), now());
INSERT INTO "Answer" ("id", "questionId", "content", "isCorrect", "sortOrder", "createdAt", "updatedAt") VALUES ('8be8856c-e352-4c8f-93e4-86e3d303cc79', '507cd635-83eb-4c59-9ce9-50f483ff26f2', 'It bypasses security controls', false, 3, now(), now());
INSERT INTO "Question" ("id", "examId", "topicId", "content", "codeSnippet", "type", "difficulty", "explanation", "referenceUrl", "isPremium", "isActive", "createdAt", "updatedAt") VALUES ('361d9326-9f59-4c3f-8e82-2cf49235443d', '003f2098-cb83-416f-a53e-ff07cacd3c9c', '7e65de9e-a352-43b3-aa3c-a0534b7f2528', 'Why should a developer use a sandbox to train users on new changes instead of production? Choose 1 answer.', NULL, 'SINGLE_CHOICE', 1, 'Sandboxes provide isolated environments for development, testing, and training.', 'https://resources.docs.salesforce.com/latest/latest/en-us/sfdc/pdf/salesforce_apex_developer_guide.pdf', false, true, now(), now());
INSERT INTO "Answer" ("id", "questionId", "content", "isCorrect", "sortOrder", "createdAt", "updatedAt") VALUES ('1c2478b6-4439-495c-b0f4-0c1f5ec5507e', '361d9326-9f59-4c3f-8e82-2cf49235443d', 'It isolates development and testing from production data and users', true, 0, now(), now());
INSERT INTO "Answer" ("id", "questionId", "content", "isCorrect", "sortOrder", "createdAt", "updatedAt") VALUES ('7571f5c4-5575-4098-8a28-6b884486ba83', '361d9326-9f59-4c3f-8e82-2cf49235443d', 'It provides unlimited governor limits', false, 1, now(), now());
INSERT INTO "Answer" ("id", "questionId", "content", "isCorrect", "sortOrder", "createdAt", "updatedAt") VALUES ('66c5792e-35bc-480c-95be-3d8326916a09', '361d9326-9f59-4c3f-8e82-2cf49235443d', 'It automatically deploys changes to production', false, 2, now(), now());
INSERT INTO "Answer" ("id", "questionId", "content", "isCorrect", "sortOrder", "createdAt", "updatedAt") VALUES ('de25b82d-7c18-4de7-b525-349ab9e3dff8', '361d9326-9f59-4c3f-8e82-2cf49235443d', 'It bypasses security controls', false, 3, now(), now());
INSERT INTO "Question" ("id", "examId", "topicId", "content", "codeSnippet", "type", "difficulty", "explanation", "referenceUrl", "isPremium", "isActive", "createdAt", "updatedAt") VALUES ('627275b5-087e-4f6b-a996-d8ffb741b98f', '003f2098-cb83-416f-a53e-ff07cacd3c9c', '7e65de9e-a352-43b3-aa3c-a0534b7f2528', 'Why should a developer use a sandbox to try a new integration instead of production? Choose 1 answer.', NULL, 'SINGLE_CHOICE', 1, 'Sandboxes provide isolated environments for development, testing, and training.', 'https://resources.docs.salesforce.com/latest/latest/en-us/sfdc/pdf/salesforce_apex_developer_guide.pdf', false, true, now(), now());
INSERT INTO "Answer" ("id", "questionId", "content", "isCorrect", "sortOrder", "createdAt", "updatedAt") VALUES ('65d02c10-4738-4217-b7ba-529fe6a4d803', '627275b5-087e-4f6b-a996-d8ffb741b98f', 'It isolates development and testing from production data and users', true, 0, now(), now());
INSERT INTO "Answer" ("id", "questionId", "content", "isCorrect", "sortOrder", "createdAt", "updatedAt") VALUES ('0961a915-8cb3-4074-9976-294302b4494c', '627275b5-087e-4f6b-a996-d8ffb741b98f', 'It provides unlimited governor limits', false, 1, now(), now());
INSERT INTO "Answer" ("id", "questionId", "content", "isCorrect", "sortOrder", "createdAt", "updatedAt") VALUES ('2eca52cb-e7cc-479d-93e3-d78eab87df39', '627275b5-087e-4f6b-a996-d8ffb741b98f', 'It automatically deploys changes to production', false, 2, now(), now());
INSERT INTO "Answer" ("id", "questionId", "content", "isCorrect", "sortOrder", "createdAt", "updatedAt") VALUES ('736dbf3c-a440-4302-88b9-f4a9ea90a4c0', '627275b5-087e-4f6b-a996-d8ffb741b98f', 'It bypasses security controls', false, 3, now(), now());
INSERT INTO "Question" ("id", "examId", "topicId", "content", "codeSnippet", "type", "difficulty", "explanation", "referenceUrl", "isPremium", "isActive", "createdAt", "updatedAt") VALUES ('1140e0dc-ca33-4680-ab07-0a89882356bd', '003f2098-cb83-416f-a53e-ff07cacd3c9c', '7e65de9e-a352-43b3-aa3c-a0534b7f2528', 'Before updating Account.AnnualRevenue in Apex, how can a developer check field-level security? Choose 1 answer.', NULL, 'SINGLE_CHOICE', 3, 'DescribeFieldResult.isUpdateable() checks whether the current user can edit a field.', 'https://resources.docs.salesforce.com/latest/latest/en-us/sfdc/pdf/salesforce_security_impl_guide.pdf', false, true, now(), now());
INSERT INTO "Answer" ("id", "questionId", "content", "isCorrect", "sortOrder", "createdAt", "updatedAt") VALUES ('5c1f3ecf-f750-4086-afc7-ac721dd2cc00', '1140e0dc-ca33-4680-ab07-0a89882356bd', 'Use DescribeFieldResult.isUpdateable()', true, 0, now(), now());
INSERT INTO "Answer" ("id", "questionId", "content", "isCorrect", "sortOrder", "createdAt", "updatedAt") VALUES ('ffe4fd98-fe70-4674-8b4e-ce191a9fb00b', '1140e0dc-ca33-4680-ab07-0a89882356bd', 'Use DescribeSObjectResult.isQueryable()', false, 1, now(), now());
INSERT INTO "Answer" ("id", "questionId", "content", "isCorrect", "sortOrder", "createdAt", "updatedAt") VALUES ('6c979c4d-77c5-40c1-9f29-6021c5293a27', '1140e0dc-ca33-4680-ab07-0a89882356bd', 'Use @future(callout=true)', false, 2, now(), now());
INSERT INTO "Answer" ("id", "questionId", "content", "isCorrect", "sortOrder", "createdAt", "updatedAt") VALUES ('06c8ab0b-4a0c-4e44-8536-c807e22bc0fc', '1140e0dc-ca33-4680-ab07-0a89882356bd', 'Use System.isBatch()', false, 3, now(), now());
INSERT INTO "Question" ("id", "examId", "topicId", "content", "codeSnippet", "type", "difficulty", "explanation", "referenceUrl", "isPremium", "isActive", "createdAt", "updatedAt") VALUES ('0b891ad6-66ae-4809-b5ee-6aaefb8d6498', '003f2098-cb83-416f-a53e-ff07cacd3c9c', '7e65de9e-a352-43b3-aa3c-a0534b7f2528', 'Before updating Case.Status in Apex, how can a developer check field-level security? Choose 1 answer.', NULL, 'SINGLE_CHOICE', 3, 'DescribeFieldResult.isUpdateable() checks whether the current user can edit a field.', 'https://resources.docs.salesforce.com/latest/latest/en-us/sfdc/pdf/salesforce_security_impl_guide.pdf', false, true, now(), now());
INSERT INTO "Answer" ("id", "questionId", "content", "isCorrect", "sortOrder", "createdAt", "updatedAt") VALUES ('ecb53f1e-39c0-46e4-8c9e-feb378e4bf34', '0b891ad6-66ae-4809-b5ee-6aaefb8d6498', 'Use DescribeFieldResult.isUpdateable()', true, 0, now(), now());
INSERT INTO "Answer" ("id", "questionId", "content", "isCorrect", "sortOrder", "createdAt", "updatedAt") VALUES ('06b46f30-5f87-4e39-9c65-270659f273e7', '0b891ad6-66ae-4809-b5ee-6aaefb8d6498', 'Use DescribeSObjectResult.isQueryable()', false, 1, now(), now());
INSERT INTO "Answer" ("id", "questionId", "content", "isCorrect", "sortOrder", "createdAt", "updatedAt") VALUES ('c4789bfc-5444-40bb-a130-d0dcd22fd44b', '0b891ad6-66ae-4809-b5ee-6aaefb8d6498', 'Use @future(callout=true)', false, 2, now(), now());
INSERT INTO "Answer" ("id", "questionId", "content", "isCorrect", "sortOrder", "createdAt", "updatedAt") VALUES ('66fd041c-2e0a-46fa-85a7-1f4fe6aa2779', '0b891ad6-66ae-4809-b5ee-6aaefb8d6498', 'Use System.isBatch()', false, 3, now(), now());
INSERT INTO "Question" ("id", "examId", "topicId", "content", "codeSnippet", "type", "difficulty", "explanation", "referenceUrl", "isPremium", "isActive", "createdAt", "updatedAt") VALUES ('d3e1b6f5-7cb8-4e67-b7a1-1b196d331d82', '003f2098-cb83-416f-a53e-ff07cacd3c9c', '7e65de9e-a352-43b3-aa3c-a0534b7f2528', 'Before updating Contact.Email in Apex, how can a developer check field-level security? Choose 1 answer.', NULL, 'SINGLE_CHOICE', 3, 'DescribeFieldResult.isUpdateable() checks whether the current user can edit a field.', 'https://resources.docs.salesforce.com/latest/latest/en-us/sfdc/pdf/salesforce_security_impl_guide.pdf', false, true, now(), now());
INSERT INTO "Answer" ("id", "questionId", "content", "isCorrect", "sortOrder", "createdAt", "updatedAt") VALUES ('57391e50-a07d-4690-9495-02612413a12d', 'd3e1b6f5-7cb8-4e67-b7a1-1b196d331d82', 'Use DescribeFieldResult.isUpdateable()', true, 0, now(), now());
INSERT INTO "Answer" ("id", "questionId", "content", "isCorrect", "sortOrder", "createdAt", "updatedAt") VALUES ('e7ef02c5-2875-469c-8c77-2a258e5181bc', 'd3e1b6f5-7cb8-4e67-b7a1-1b196d331d82', 'Use DescribeSObjectResult.isQueryable()', false, 1, now(), now());
INSERT INTO "Answer" ("id", "questionId", "content", "isCorrect", "sortOrder", "createdAt", "updatedAt") VALUES ('9aa6f877-c5d7-4315-a845-53afd530d3ba', 'd3e1b6f5-7cb8-4e67-b7a1-1b196d331d82', 'Use @future(callout=true)', false, 2, now(), now());
INSERT INTO "Answer" ("id", "questionId", "content", "isCorrect", "sortOrder", "createdAt", "updatedAt") VALUES ('d328eeaa-e246-445a-8b5e-0f9ba39281e7', 'd3e1b6f5-7cb8-4e67-b7a1-1b196d331d82', 'Use System.isBatch()', false, 3, now(), now());
INSERT INTO "Question" ("id", "examId", "topicId", "content", "codeSnippet", "type", "difficulty", "explanation", "referenceUrl", "isPremium", "isActive", "createdAt", "updatedAt") VALUES ('559f34a7-a4fc-48d7-8620-78b127359419', '003f2098-cb83-416f-a53e-ff07cacd3c9c', '7e65de9e-a352-43b3-aa3c-a0534b7f2528', 'Before updating Opportunity.Amount in Apex, how can a developer check field-level security? Choose 1 answer.', NULL, 'SINGLE_CHOICE', 3, 'DescribeFieldResult.isUpdateable() checks whether the current user can edit a field.', 'https://resources.docs.salesforce.com/latest/latest/en-us/sfdc/pdf/salesforce_security_impl_guide.pdf', false, true, now(), now());
INSERT INTO "Answer" ("id", "questionId", "content", "isCorrect", "sortOrder", "createdAt", "updatedAt") VALUES ('1d3ee846-e03e-42ee-8c54-43d9978a3d1c', '559f34a7-a4fc-48d7-8620-78b127359419', 'Use DescribeFieldResult.isUpdateable()', true, 0, now(), now());
INSERT INTO "Answer" ("id", "questionId", "content", "isCorrect", "sortOrder", "createdAt", "updatedAt") VALUES ('fb7b26f6-bde8-45bc-98de-5f5763794d03', '559f34a7-a4fc-48d7-8620-78b127359419', 'Use DescribeSObjectResult.isQueryable()', false, 1, now(), now());
INSERT INTO "Answer" ("id", "questionId", "content", "isCorrect", "sortOrder", "createdAt", "updatedAt") VALUES ('44ed8b62-71bf-4eb3-b6a4-a4eb8af57e47', '559f34a7-a4fc-48d7-8620-78b127359419', 'Use @future(callout=true)', false, 2, now(), now());
INSERT INTO "Answer" ("id", "questionId", "content", "isCorrect", "sortOrder", "createdAt", "updatedAt") VALUES ('e25653d3-b12b-406e-b281-d024f0c3cce4', '559f34a7-a4fc-48d7-8620-78b127359419', 'Use System.isBatch()', false, 3, now(), now());
INSERT INTO "Question" ("id", "examId", "topicId", "content", "codeSnippet", "type", "difficulty", "explanation", "referenceUrl", "isPremium", "isActive", "createdAt", "updatedAt") VALUES ('48911101-9bbb-42ef-abdf-d0954280e094', '003f2098-cb83-416f-a53e-ff07cacd3c9c', '7e65de9e-a352-43b3-aa3c-a0534b7f2528', 'Before updating Custom_Object__c.Sensitive__c in Apex, how can a developer check field-level security? Choose 1 answer.', NULL, 'SINGLE_CHOICE', 3, 'DescribeFieldResult.isUpdateable() checks whether the current user can edit a field.', 'https://resources.docs.salesforce.com/latest/latest/en-us/sfdc/pdf/salesforce_security_impl_guide.pdf', false, true, now(), now());
INSERT INTO "Answer" ("id", "questionId", "content", "isCorrect", "sortOrder", "createdAt", "updatedAt") VALUES ('ec8dc92b-af09-4a71-a3ed-2ce94e358180', '48911101-9bbb-42ef-abdf-d0954280e094', 'Use DescribeFieldResult.isUpdateable()', true, 0, now(), now());
INSERT INTO "Answer" ("id", "questionId", "content", "isCorrect", "sortOrder", "createdAt", "updatedAt") VALUES ('378fe3e0-519c-490e-96e2-800c49b05b72', '48911101-9bbb-42ef-abdf-d0954280e094', 'Use DescribeSObjectResult.isQueryable()', false, 1, now(), now());
INSERT INTO "Answer" ("id", "questionId", "content", "isCorrect", "sortOrder", "createdAt", "updatedAt") VALUES ('3c48f030-f434-46c0-8804-3d4726a558f0', '48911101-9bbb-42ef-abdf-d0954280e094', 'Use @future(callout=true)', false, 2, now(), now());
INSERT INTO "Answer" ("id", "questionId", "content", "isCorrect", "sortOrder", "createdAt", "updatedAt") VALUES ('1ac73801-fb42-4865-850a-48146d415224', '48911101-9bbb-42ef-abdf-d0954280e094', 'Use System.isBatch()', false, 3, now(), now());
INSERT INTO "Question" ("id", "examId", "topicId", "content", "codeSnippet", "type", "difficulty", "explanation", "referenceUrl", "isPremium", "isActive", "createdAt", "updatedAt") VALUES ('c2f99e8c-d8e3-4f60-8469-f88566560974', '003f2098-cb83-416f-a53e-ff07cacd3c9c', 'd3e530b9-c6c8-4aa8-aba2-614d52131a85', 'A developer needs to build a new Lightning Experience page. Which framework is recommended for new development? Choose 1 answer.', NULL, 'SINGLE_CHOICE', 2, 'LWC is the preferred framework for new UI development in Lightning Experience.', 'https://developer.salesforce.com/docs/platform/lwc/guide/get-started-introduction', false, true, now(), now());
INSERT INTO "Answer" ("id", "questionId", "content", "isCorrect", "sortOrder", "createdAt", "updatedAt") VALUES ('cb6bffd8-d1cc-4d5a-8d4f-24af7238f399', 'c2f99e8c-d8e3-4f60-8469-f88566560974', 'Lightning Web Components', true, 0, now(), now());
INSERT INTO "Answer" ("id", "questionId", "content", "isCorrect", "sortOrder", "createdAt", "updatedAt") VALUES ('32426f87-2900-48f0-89eb-92324ef6ba1c', 'c2f99e8c-d8e3-4f60-8469-f88566560974', 'Aura Components', false, 1, now(), now());
INSERT INTO "Answer" ("id", "questionId", "content", "isCorrect", "sortOrder", "createdAt", "updatedAt") VALUES ('b6fc85ae-fae5-4252-9b74-f5502c66eef6', 'c2f99e8c-d8e3-4f60-8469-f88566560974', 'Visualforce', false, 2, now(), now());
INSERT INTO "Answer" ("id", "questionId", "content", "isCorrect", "sortOrder", "createdAt", "updatedAt") VALUES ('62303ca7-eeb0-4d4b-981f-53f1da53564c', 'c2f99e8c-d8e3-4f60-8469-f88566560974', 'S-control', false, 3, now(), now());
INSERT INTO "Question" ("id", "examId", "topicId", "content", "codeSnippet", "type", "difficulty", "explanation", "referenceUrl", "isPremium", "isActive", "createdAt", "updatedAt") VALUES ('701d9dea-4d8f-4b70-b68d-ed410587dcee', '003f2098-cb83-416f-a53e-ff07cacd3c9c', 'd3e530b9-c6c8-4aa8-aba2-614d52131a85', 'A developer needs to build a custom tab in Lightning. Which framework is recommended for new development? Choose 1 answer.', NULL, 'SINGLE_CHOICE', 2, 'LWC is the preferred framework for new UI development in Lightning Experience.', 'https://developer.salesforce.com/docs/platform/lwc/guide/get-started-introduction', false, true, now(), now());
INSERT INTO "Answer" ("id", "questionId", "content", "isCorrect", "sortOrder", "createdAt", "updatedAt") VALUES ('d3427daf-b58b-47dc-bc6c-a5ca351a62d0', '701d9dea-4d8f-4b70-b68d-ed410587dcee', 'Lightning Web Components', true, 0, now(), now());
INSERT INTO "Answer" ("id", "questionId", "content", "isCorrect", "sortOrder", "createdAt", "updatedAt") VALUES ('b0a38f2c-438a-4d54-b2ce-44d724e885e7', '701d9dea-4d8f-4b70-b68d-ed410587dcee', 'Aura Components', false, 1, now(), now());
INSERT INTO "Answer" ("id", "questionId", "content", "isCorrect", "sortOrder", "createdAt", "updatedAt") VALUES ('4a74e7bb-a4d4-4890-bf81-9aa6c198e2bf', '701d9dea-4d8f-4b70-b68d-ed410587dcee', 'Visualforce', false, 2, now(), now());
INSERT INTO "Answer" ("id", "questionId", "content", "isCorrect", "sortOrder", "createdAt", "updatedAt") VALUES ('87a23941-6cad-4f11-b06e-b23ce16d5153', '701d9dea-4d8f-4b70-b68d-ed410587dcee', 'S-control', false, 3, now(), now());
INSERT INTO "Question" ("id", "examId", "topicId", "content", "codeSnippet", "type", "difficulty", "explanation", "referenceUrl", "isPremium", "isActive", "createdAt", "updatedAt") VALUES ('1ed4415c-e20e-4d09-842a-4dc7d7285102', '003f2098-cb83-416f-a53e-ff07cacd3c9c', 'd3e530b9-c6c8-4aa8-aba2-614d52131a85', 'A developer needs to build a modern UI for Salesforce mobile. Which framework is recommended for new development? Choose 1 answer.', NULL, 'SINGLE_CHOICE', 2, 'LWC is the preferred framework for new UI development in Lightning Experience.', 'https://developer.salesforce.com/docs/platform/lwc/guide/get-started-introduction', false, true, now(), now());
INSERT INTO "Answer" ("id", "questionId", "content", "isCorrect", "sortOrder", "createdAt", "updatedAt") VALUES ('bcf18077-6220-4a8a-ae6d-ecdfd5ea7ddb', '1ed4415c-e20e-4d09-842a-4dc7d7285102', 'Lightning Web Components', true, 0, now(), now());
INSERT INTO "Answer" ("id", "questionId", "content", "isCorrect", "sortOrder", "createdAt", "updatedAt") VALUES ('73737551-0845-4fa0-b030-194898da2baf', '1ed4415c-e20e-4d09-842a-4dc7d7285102', 'Aura Components', false, 1, now(), now());
INSERT INTO "Answer" ("id", "questionId", "content", "isCorrect", "sortOrder", "createdAt", "updatedAt") VALUES ('9d58065e-abc2-4048-b699-b0f9c0ab53ce', '1ed4415c-e20e-4d09-842a-4dc7d7285102', 'Visualforce', false, 2, now(), now());
INSERT INTO "Answer" ("id", "questionId", "content", "isCorrect", "sortOrder", "createdAt", "updatedAt") VALUES ('511342c2-19a7-48e2-9e55-d72a56f85768', '1ed4415c-e20e-4d09-842a-4dc7d7285102', 'S-control', false, 3, now(), now());
INSERT INTO "Question" ("id", "examId", "topicId", "content", "codeSnippet", "type", "difficulty", "explanation", "referenceUrl", "isPremium", "isActive", "createdAt", "updatedAt") VALUES ('81191494-ba7b-41a0-aa75-2a947ad2516e', '003f2098-cb83-416f-a53e-ff07cacd3c9c', 'd3e530b9-c6c8-4aa8-aba2-614d52131a85', 'A developer needs to build a Lightning record page component. Which framework is recommended for new development? Choose 1 answer.', NULL, 'SINGLE_CHOICE', 2, 'LWC is the preferred framework for new UI development in Lightning Experience.', 'https://developer.salesforce.com/docs/platform/lwc/guide/get-started-introduction', false, true, now(), now());
INSERT INTO "Answer" ("id", "questionId", "content", "isCorrect", "sortOrder", "createdAt", "updatedAt") VALUES ('c60e8ef1-04f9-4666-a7e4-4dfe6f9342fa', '81191494-ba7b-41a0-aa75-2a947ad2516e', 'Lightning Web Components', true, 0, now(), now());
INSERT INTO "Answer" ("id", "questionId", "content", "isCorrect", "sortOrder", "createdAt", "updatedAt") VALUES ('c9c313be-e6d9-4643-a00d-f8ed5a57c5cd', '81191494-ba7b-41a0-aa75-2a947ad2516e', 'Aura Components', false, 1, now(), now());
INSERT INTO "Answer" ("id", "questionId", "content", "isCorrect", "sortOrder", "createdAt", "updatedAt") VALUES ('929ea5fa-3238-45d8-b7e2-c2f638cdc57d', '81191494-ba7b-41a0-aa75-2a947ad2516e', 'Visualforce', false, 2, now(), now());
INSERT INTO "Answer" ("id", "questionId", "content", "isCorrect", "sortOrder", "createdAt", "updatedAt") VALUES ('b11439ca-ce3f-424f-9bf9-06db072a3858', '81191494-ba7b-41a0-aa75-2a947ad2516e', 'S-control', false, 3, now(), now());
INSERT INTO "Question" ("id", "examId", "topicId", "content", "codeSnippet", "type", "difficulty", "explanation", "referenceUrl", "isPremium", "isActive", "createdAt", "updatedAt") VALUES ('99da3eb4-2525-4a88-91e9-3492d22f819c', '003f2098-cb83-416f-a53e-ff07cacd3c9c', 'd3e530b9-c6c8-4aa8-aba2-614d52131a85', 'A developer needs to build a reusable UI widget in Lightning. Which framework is recommended for new development? Choose 1 answer.', NULL, 'SINGLE_CHOICE', 2, 'LWC is the preferred framework for new UI development in Lightning Experience.', 'https://developer.salesforce.com/docs/platform/lwc/guide/get-started-introduction', false, true, now(), now());
INSERT INTO "Answer" ("id", "questionId", "content", "isCorrect", "sortOrder", "createdAt", "updatedAt") VALUES ('8535ff5b-ba69-4389-b31c-306ccf55f044', '99da3eb4-2525-4a88-91e9-3492d22f819c', 'Lightning Web Components', true, 0, now(), now());
INSERT INTO "Answer" ("id", "questionId", "content", "isCorrect", "sortOrder", "createdAt", "updatedAt") VALUES ('adb818ac-edcc-49a9-bbe6-ab7bb87910a8', '99da3eb4-2525-4a88-91e9-3492d22f819c', 'Aura Components', false, 1, now(), now());
INSERT INTO "Answer" ("id", "questionId", "content", "isCorrect", "sortOrder", "createdAt", "updatedAt") VALUES ('5dca9dae-9abc-4bea-8cbb-15586f01567d', '99da3eb4-2525-4a88-91e9-3492d22f819c', 'Visualforce', false, 2, now(), now());
INSERT INTO "Answer" ("id", "questionId", "content", "isCorrect", "sortOrder", "createdAt", "updatedAt") VALUES ('4b710027-dbac-49c6-939e-68c540e46f8a', '99da3eb4-2525-4a88-91e9-3492d22f819c', 'S-control', false, 3, now(), now());
INSERT INTO "Question" ("id", "examId", "topicId", "content", "codeSnippet", "type", "difficulty", "explanation", "referenceUrl", "isPremium", "isActive", "createdAt", "updatedAt") VALUES ('3446eca0-c16c-4b1a-b9e1-e2c0c17121b4', '003f2098-cb83-416f-a53e-ff07cacd3c9c', 'd3e530b9-c6c8-4aa8-aba2-614d52131a85', 'A developer needs to generate a PDF invoice from Salesforce. Which technology is best suited? Choose 1 answer.', NULL, 'SINGLE_CHOICE', 3, 'Visualforce supports rendering pages as PDFs using the renderAs=pdf attribute.', 'https://resources.docs.salesforce.com/latest/latest/en-us/sfdc/pdf/salesforce_apex_developer_guide.pdf', false, true, now(), now());
INSERT INTO "Answer" ("id", "questionId", "content", "isCorrect", "sortOrder", "createdAt", "updatedAt") VALUES ('7430450e-a43e-411f-b95a-879ae8d57080', '3446eca0-c16c-4b1a-b9e1-e2c0c17121b4', 'Visualforce page rendered as PDF', true, 0, now(), now());
INSERT INTO "Answer" ("id", "questionId", "content", "isCorrect", "sortOrder", "createdAt", "updatedAt") VALUES ('3bf2e2d1-9e99-4c77-a76f-6ab53fa1e730', '3446eca0-c16c-4b1a-b9e1-e2c0c17121b4', 'Lightning Web Component', false, 1, now(), now());
INSERT INTO "Answer" ("id", "questionId", "content", "isCorrect", "sortOrder", "createdAt", "updatedAt") VALUES ('05fe3cce-a71d-40e6-ab2f-108334f37bbb', '3446eca0-c16c-4b1a-b9e1-e2c0c17121b4', 'Flow Builder screen flow', false, 2, now(), now());
INSERT INTO "Answer" ("id", "questionId", "content", "isCorrect", "sortOrder", "createdAt", "updatedAt") VALUES ('5c1202db-7e90-4d75-b6da-6f599c2364c9', '3446eca0-c16c-4b1a-b9e1-e2c0c17121b4', 'Schema Builder', false, 3, now(), now());
INSERT INTO "Question" ("id", "examId", "topicId", "content", "codeSnippet", "type", "difficulty", "explanation", "referenceUrl", "isPremium", "isActive", "createdAt", "updatedAt") VALUES ('5599df60-ac0f-4d99-84d6-9946a34d93b7', '003f2098-cb83-416f-a53e-ff07cacd3c9c', 'd3e530b9-c6c8-4aa8-aba2-614d52131a85', 'A developer needs to create a printable contract document from Salesforce. Which technology is best suited? Choose 1 answer.', NULL, 'SINGLE_CHOICE', 3, 'Visualforce supports rendering pages as PDFs using the renderAs=pdf attribute.', 'https://resources.docs.salesforce.com/latest/latest/en-us/sfdc/pdf/salesforce_apex_developer_guide.pdf', false, true, now(), now());
INSERT INTO "Answer" ("id", "questionId", "content", "isCorrect", "sortOrder", "createdAt", "updatedAt") VALUES ('3cf9b21f-3cc8-45a9-bc1a-9c7793591356', '5599df60-ac0f-4d99-84d6-9946a34d93b7', 'Visualforce page rendered as PDF', true, 0, now(), now());
INSERT INTO "Answer" ("id", "questionId", "content", "isCorrect", "sortOrder", "createdAt", "updatedAt") VALUES ('0e04e984-bf3d-43f0-8896-56636e40811a', '5599df60-ac0f-4d99-84d6-9946a34d93b7', 'Lightning Web Component', false, 1, now(), now());
INSERT INTO "Answer" ("id", "questionId", "content", "isCorrect", "sortOrder", "createdAt", "updatedAt") VALUES ('97da3170-1647-4a04-9537-19b0be70164d', '5599df60-ac0f-4d99-84d6-9946a34d93b7', 'Flow Builder screen flow', false, 2, now(), now());
INSERT INTO "Answer" ("id", "questionId", "content", "isCorrect", "sortOrder", "createdAt", "updatedAt") VALUES ('f73a9264-62b2-44d6-8cdb-46b60e03b5b3', '5599df60-ac0f-4d99-84d6-9946a34d93b7', 'Schema Builder', false, 3, now(), now());
INSERT INTO "Question" ("id", "examId", "topicId", "content", "codeSnippet", "type", "difficulty", "explanation", "referenceUrl", "isPremium", "isActive", "createdAt", "updatedAt") VALUES ('f9fbd595-8137-4951-80d4-804dac358a7a', '003f2098-cb83-416f-a53e-ff07cacd3c9c', 'd3e530b9-c6c8-4aa8-aba2-614d52131a85', 'A developer needs to render a PDF quote from Salesforce. Which technology is best suited? Choose 1 answer.', NULL, 'SINGLE_CHOICE', 3, 'Visualforce supports rendering pages as PDFs using the renderAs=pdf attribute.', 'https://resources.docs.salesforce.com/latest/latest/en-us/sfdc/pdf/salesforce_apex_developer_guide.pdf', false, true, now(), now());
INSERT INTO "Answer" ("id", "questionId", "content", "isCorrect", "sortOrder", "createdAt", "updatedAt") VALUES ('ba67c73c-b1be-4270-9fd8-0036c1b06ee6', 'f9fbd595-8137-4951-80d4-804dac358a7a', 'Visualforce page rendered as PDF', true, 0, now(), now());
INSERT INTO "Answer" ("id", "questionId", "content", "isCorrect", "sortOrder", "createdAt", "updatedAt") VALUES ('9c45604e-362f-40a1-b96f-a96033f7f1ec', 'f9fbd595-8137-4951-80d4-804dac358a7a', 'Lightning Web Component', false, 1, now(), now());
INSERT INTO "Answer" ("id", "questionId", "content", "isCorrect", "sortOrder", "createdAt", "updatedAt") VALUES ('37891c5f-e326-4dfc-890f-39ca494dac96', 'f9fbd595-8137-4951-80d4-804dac358a7a', 'Flow Builder screen flow', false, 2, now(), now());
INSERT INTO "Answer" ("id", "questionId", "content", "isCorrect", "sortOrder", "createdAt", "updatedAt") VALUES ('8c5fa844-87ae-4800-90d9-8fe4020a2ff2', 'f9fbd595-8137-4951-80d4-804dac358a7a', 'Schema Builder', false, 3, now(), now());
INSERT INTO "Question" ("id", "examId", "topicId", "content", "codeSnippet", "type", "difficulty", "explanation", "referenceUrl", "isPremium", "isActive", "createdAt", "updatedAt") VALUES ('2690191e-744e-4859-ac53-5ee8d4e73869', '003f2098-cb83-416f-a53e-ff07cacd3c9c', 'd3e530b9-c6c8-4aa8-aba2-614d52131a85', 'A developer needs to export a PDF summary report from Salesforce. Which technology is best suited? Choose 1 answer.', NULL, 'SINGLE_CHOICE', 3, 'Visualforce supports rendering pages as PDFs using the renderAs=pdf attribute.', 'https://resources.docs.salesforce.com/latest/latest/en-us/sfdc/pdf/salesforce_apex_developer_guide.pdf', false, true, now(), now());
INSERT INTO "Answer" ("id", "questionId", "content", "isCorrect", "sortOrder", "createdAt", "updatedAt") VALUES ('320d812b-41e1-4e16-bae5-bd00d2fa4a8a', '2690191e-744e-4859-ac53-5ee8d4e73869', 'Visualforce page rendered as PDF', true, 0, now(), now());
INSERT INTO "Answer" ("id", "questionId", "content", "isCorrect", "sortOrder", "createdAt", "updatedAt") VALUES ('bcf8b58d-7fbe-435e-bce9-d0e5ea141fe2', '2690191e-744e-4859-ac53-5ee8d4e73869', 'Lightning Web Component', false, 1, now(), now());
INSERT INTO "Answer" ("id", "questionId", "content", "isCorrect", "sortOrder", "createdAt", "updatedAt") VALUES ('80fb4984-75b3-4df6-842f-46746b024fb8', '2690191e-744e-4859-ac53-5ee8d4e73869', 'Flow Builder screen flow', false, 2, now(), now());
INSERT INTO "Answer" ("id", "questionId", "content", "isCorrect", "sortOrder", "createdAt", "updatedAt") VALUES ('a4f4c12a-cb74-4796-88e0-c79dc9f41067', '2690191e-744e-4859-ac53-5ee8d4e73869', 'Schema Builder', false, 3, now(), now());
INSERT INTO "Question" ("id", "examId", "topicId", "content", "codeSnippet", "type", "difficulty", "explanation", "referenceUrl", "isPremium", "isActive", "createdAt", "updatedAt") VALUES ('50ebe4ad-ec6e-4f78-a5e2-b263bf6ce3b5', '003f2098-cb83-416f-a53e-ff07cacd3c9c', 'd3e530b9-c6c8-4aa8-aba2-614d52131a85', 'A developer needs to produce a PDF packing slip from Salesforce. Which technology is best suited? Choose 1 answer.', NULL, 'SINGLE_CHOICE', 3, 'Visualforce supports rendering pages as PDFs using the renderAs=pdf attribute.', 'https://resources.docs.salesforce.com/latest/latest/en-us/sfdc/pdf/salesforce_apex_developer_guide.pdf', false, true, now(), now());
INSERT INTO "Answer" ("id", "questionId", "content", "isCorrect", "sortOrder", "createdAt", "updatedAt") VALUES ('fc39604c-7e8a-4b36-907b-cae5a86a1a4e', '50ebe4ad-ec6e-4f78-a5e2-b263bf6ce3b5', 'Visualforce page rendered as PDF', true, 0, now(), now());
INSERT INTO "Answer" ("id", "questionId", "content", "isCorrect", "sortOrder", "createdAt", "updatedAt") VALUES ('d0ab60f2-3fb3-4a03-9bae-efbf5de9de16', '50ebe4ad-ec6e-4f78-a5e2-b263bf6ce3b5', 'Lightning Web Component', false, 1, now(), now());
INSERT INTO "Answer" ("id", "questionId", "content", "isCorrect", "sortOrder", "createdAt", "updatedAt") VALUES ('91dfcad7-28e5-4270-bcf0-6215e1702b3c', '50ebe4ad-ec6e-4f78-a5e2-b263bf6ce3b5', 'Flow Builder screen flow', false, 2, now(), now());
INSERT INTO "Answer" ("id", "questionId", "content", "isCorrect", "sortOrder", "createdAt", "updatedAt") VALUES ('601ffb61-9f2a-468b-a43c-206f76110c56', '50ebe4ad-ec6e-4f78-a5e2-b263bf6ce3b5', 'Schema Builder', false, 3, now(), now());
INSERT INTO "Question" ("id", "examId", "topicId", "content", "codeSnippet", "type", "difficulty", "explanation", "referenceUrl", "isPremium", "isActive", "createdAt", "updatedAt") VALUES ('3a1cbc05-37bd-450e-aa63-8f606708b37c', '003f2098-cb83-416f-a53e-ff07cacd3c9c', 'd3e530b9-c6c8-4aa8-aba2-614d52131a85', 'A parent component needs to pass the value ''recordId'' into a child Lightning Web Component. Which decorator should be used on the child property? Choose 1 answer.', NULL, 'SINGLE_CHOICE', 2, 'Use @api to expose a public property so a parent can set it.', 'https://developer.salesforce.com/docs/platform/lwc/guide/get-started-introduction', false, true, now(), now());
INSERT INTO "Answer" ("id", "questionId", "content", "isCorrect", "sortOrder", "createdAt", "updatedAt") VALUES ('a2c782e2-0158-4d70-aa49-b548ba77e7fa', '3a1cbc05-37bd-450e-aa63-8f606708b37c', '@api', true, 0, now(), now());
INSERT INTO "Answer" ("id", "questionId", "content", "isCorrect", "sortOrder", "createdAt", "updatedAt") VALUES ('faaa5100-f632-4d35-8f4e-88b2d75d548b', '3a1cbc05-37bd-450e-aa63-8f606708b37c', '@wire', false, 1, now(), now());
INSERT INTO "Answer" ("id", "questionId", "content", "isCorrect", "sortOrder", "createdAt", "updatedAt") VALUES ('698deeca-969a-48aa-ac6a-ed340de28c47', '3a1cbc05-37bd-450e-aa63-8f606708b37c', '@track', false, 2, now(), now());
INSERT INTO "Answer" ("id", "questionId", "content", "isCorrect", "sortOrder", "createdAt", "updatedAt") VALUES ('48dbf0c4-ae11-4146-a884-b46adf9d5120', '3a1cbc05-37bd-450e-aa63-8f606708b37c', '@future', false, 3, now(), now());
INSERT INTO "Question" ("id", "examId", "topicId", "content", "codeSnippet", "type", "difficulty", "explanation", "referenceUrl", "isPremium", "isActive", "createdAt", "updatedAt") VALUES ('dc239fcf-dc8a-4c46-99f7-297c152a14ce', '003f2098-cb83-416f-a53e-ff07cacd3c9c', 'd3e530b9-c6c8-4aa8-aba2-614d52131a85', 'A parent component needs to pass the value ''status'' into a child Lightning Web Component. Which decorator should be used on the child property? Choose 1 answer.', NULL, 'SINGLE_CHOICE', 2, 'Use @api to expose a public property so a parent can set it.', 'https://developer.salesforce.com/docs/platform/lwc/guide/get-started-introduction', false, true, now(), now());
INSERT INTO "Answer" ("id", "questionId", "content", "isCorrect", "sortOrder", "createdAt", "updatedAt") VALUES ('4286f1eb-3ec2-4d4e-b297-666ecc2a0f8f', 'dc239fcf-dc8a-4c46-99f7-297c152a14ce', '@api', true, 0, now(), now());
INSERT INTO "Answer" ("id", "questionId", "content", "isCorrect", "sortOrder", "createdAt", "updatedAt") VALUES ('df7cb210-10f6-47df-8c92-b67da2b1f99b', 'dc239fcf-dc8a-4c46-99f7-297c152a14ce', '@wire', false, 1, now(), now());
INSERT INTO "Answer" ("id", "questionId", "content", "isCorrect", "sortOrder", "createdAt", "updatedAt") VALUES ('d41e910a-c8db-4572-a2d5-bbdf5782f870', 'dc239fcf-dc8a-4c46-99f7-297c152a14ce', '@track', false, 2, now(), now());
INSERT INTO "Answer" ("id", "questionId", "content", "isCorrect", "sortOrder", "createdAt", "updatedAt") VALUES ('d535963d-765f-444e-b3c1-551175aa62e7', 'dc239fcf-dc8a-4c46-99f7-297c152a14ce', '@future', false, 3, now(), now());
INSERT INTO "Question" ("id", "examId", "topicId", "content", "codeSnippet", "type", "difficulty", "explanation", "referenceUrl", "isPremium", "isActive", "createdAt", "updatedAt") VALUES ('86a66d9f-d95e-48f3-b073-4e33c196ba2e', '003f2098-cb83-416f-a53e-ff07cacd3c9c', 'd3e530b9-c6c8-4aa8-aba2-614d52131a85', 'A parent component needs to pass the value ''accountId'' into a child Lightning Web Component. Which decorator should be used on the child property? Choose 1 answer.', NULL, 'SINGLE_CHOICE', 2, 'Use @api to expose a public property so a parent can set it.', 'https://developer.salesforce.com/docs/platform/lwc/guide/get-started-introduction', false, true, now(), now());
INSERT INTO "Answer" ("id", "questionId", "content", "isCorrect", "sortOrder", "createdAt", "updatedAt") VALUES ('17a56265-38e2-48c7-a0cb-344ad30e60c1', '86a66d9f-d95e-48f3-b073-4e33c196ba2e', '@api', true, 0, now(), now());
INSERT INTO "Answer" ("id", "questionId", "content", "isCorrect", "sortOrder", "createdAt", "updatedAt") VALUES ('223733b8-4a6e-426d-88ef-a0c9067ac8bc', '86a66d9f-d95e-48f3-b073-4e33c196ba2e', '@wire', false, 1, now(), now());
INSERT INTO "Answer" ("id", "questionId", "content", "isCorrect", "sortOrder", "createdAt", "updatedAt") VALUES ('977f9076-c884-45af-b978-af219fee8a2f', '86a66d9f-d95e-48f3-b073-4e33c196ba2e', '@track', false, 2, now(), now());
INSERT INTO "Answer" ("id", "questionId", "content", "isCorrect", "sortOrder", "createdAt", "updatedAt") VALUES ('01131382-e84b-417b-96f1-a97911e1d93f', '86a66d9f-d95e-48f3-b073-4e33c196ba2e', '@future', false, 3, now(), now());
INSERT INTO "Question" ("id", "examId", "topicId", "content", "codeSnippet", "type", "difficulty", "explanation", "referenceUrl", "isPremium", "isActive", "createdAt", "updatedAt") VALUES ('30752821-b64d-4116-9d9c-6321804eec9a', '003f2098-cb83-416f-a53e-ff07cacd3c9c', 'd3e530b9-c6c8-4aa8-aba2-614d52131a85', 'A parent component needs to pass the value ''filter'' into a child Lightning Web Component. Which decorator should be used on the child property? Choose 1 answer.', NULL, 'SINGLE_CHOICE', 2, 'Use @api to expose a public property so a parent can set it.', 'https://developer.salesforce.com/docs/platform/lwc/guide/get-started-introduction', false, true, now(), now());
INSERT INTO "Answer" ("id", "questionId", "content", "isCorrect", "sortOrder", "createdAt", "updatedAt") VALUES ('efa32694-7f4d-4e85-ba3f-69688ae2572a', '30752821-b64d-4116-9d9c-6321804eec9a', '@api', true, 0, now(), now());
INSERT INTO "Answer" ("id", "questionId", "content", "isCorrect", "sortOrder", "createdAt", "updatedAt") VALUES ('be1ff3fc-af2d-496a-a0ad-de2c0cd99380', '30752821-b64d-4116-9d9c-6321804eec9a', '@wire', false, 1, now(), now());
INSERT INTO "Answer" ("id", "questionId", "content", "isCorrect", "sortOrder", "createdAt", "updatedAt") VALUES ('eee5a880-5aa4-481f-b263-d7f64d5331a3', '30752821-b64d-4116-9d9c-6321804eec9a', '@track', false, 2, now(), now());
INSERT INTO "Answer" ("id", "questionId", "content", "isCorrect", "sortOrder", "createdAt", "updatedAt") VALUES ('4cdceab5-96c2-423c-9b23-9342e11dcac1', '30752821-b64d-4116-9d9c-6321804eec9a', '@future', false, 3, now(), now());
INSERT INTO "Question" ("id", "examId", "topicId", "content", "codeSnippet", "type", "difficulty", "explanation", "referenceUrl", "isPremium", "isActive", "createdAt", "updatedAt") VALUES ('fc256061-77ab-4416-b2de-8cbb9845ada1', '003f2098-cb83-416f-a53e-ff07cacd3c9c', 'd3e530b9-c6c8-4aa8-aba2-614d52131a85', 'A parent component needs to pass the value ''title'' into a child Lightning Web Component. Which decorator should be used on the child property? Choose 1 answer.', NULL, 'SINGLE_CHOICE', 2, 'Use @api to expose a public property so a parent can set it.', 'https://developer.salesforce.com/docs/platform/lwc/guide/get-started-introduction', false, true, now(), now());
INSERT INTO "Answer" ("id", "questionId", "content", "isCorrect", "sortOrder", "createdAt", "updatedAt") VALUES ('5e586116-a94b-43c2-b891-aeb0795c23f6', 'fc256061-77ab-4416-b2de-8cbb9845ada1', '@api', true, 0, now(), now());
INSERT INTO "Answer" ("id", "questionId", "content", "isCorrect", "sortOrder", "createdAt", "updatedAt") VALUES ('4421f665-3bcd-4f82-9779-fe3ca683cbfe', 'fc256061-77ab-4416-b2de-8cbb9845ada1', '@wire', false, 1, now(), now());
INSERT INTO "Answer" ("id", "questionId", "content", "isCorrect", "sortOrder", "createdAt", "updatedAt") VALUES ('c8a201f7-1661-4106-9ff4-da2c3c78f5d0', 'fc256061-77ab-4416-b2de-8cbb9845ada1', '@track', false, 2, now(), now());
INSERT INTO "Answer" ("id", "questionId", "content", "isCorrect", "sortOrder", "createdAt", "updatedAt") VALUES ('e5441285-032f-45d9-a86c-c622fac516cf', 'fc256061-77ab-4416-b2de-8cbb9845ada1', '@future', false, 3, now(), now());
INSERT INTO "Question" ("id", "examId", "topicId", "content", "codeSnippet", "type", "difficulty", "explanation", "referenceUrl", "isPremium", "isActive", "createdAt", "updatedAt") VALUES ('ed3de9ec-5c5a-4a58-972c-62c29ed931e6', '003f2098-cb83-416f-a53e-ff07cacd3c9c', 'd3e530b9-c6c8-4aa8-aba2-614d52131a85', 'A Lightning Web Component needs to read Account data and refresh automatically when the record changes. Which approach should be used? Choose 1 answer.', NULL, 'SINGLE_CHOICE', 3, 'The @wire getRecord adapter provides reactive data from UI API.', 'https://developer.salesforce.com/docs/platform/lwc/guide/get-started-introduction', false, true, now(), now());
INSERT INTO "Answer" ("id", "questionId", "content", "isCorrect", "sortOrder", "createdAt", "updatedAt") VALUES ('6afc5ce4-a22b-4c30-baa7-0e0f760243ca', 'ed3de9ec-5c5a-4a58-972c-62c29ed931e6', 'Use @wire with getRecord from lightning/uiRecordApi', true, 0, now(), now());
INSERT INTO "Answer" ("id", "questionId", "content", "isCorrect", "sortOrder", "createdAt", "updatedAt") VALUES ('990f8f54-7d26-4a94-bc51-be494cb7e7ec', 'ed3de9ec-5c5a-4a58-972c-62c29ed931e6', 'Use a Visualforce controller', false, 1, now(), now());
INSERT INTO "Answer" ("id", "questionId", "content", "isCorrect", "sortOrder", "createdAt", "updatedAt") VALUES ('043eee78-ad4f-4268-b4a1-49019bede267', 'ed3de9ec-5c5a-4a58-972c-62c29ed931e6', 'Use an Apex trigger', false, 2, now(), now());
INSERT INTO "Answer" ("id", "questionId", "content", "isCorrect", "sortOrder", "createdAt", "updatedAt") VALUES ('caedf7c1-1deb-4943-a7b0-88ece6f46bed', 'ed3de9ec-5c5a-4a58-972c-62c29ed931e6', 'Use a batch job', false, 3, now(), now());
INSERT INTO "Question" ("id", "examId", "topicId", "content", "codeSnippet", "type", "difficulty", "explanation", "referenceUrl", "isPremium", "isActive", "createdAt", "updatedAt") VALUES ('42fcfd66-c33e-42bd-83fe-47912d51ebf3', '003f2098-cb83-416f-a53e-ff07cacd3c9c', 'd3e530b9-c6c8-4aa8-aba2-614d52131a85', 'A Lightning Web Component needs to read Contact data and refresh automatically when the record changes. Which approach should be used? Choose 1 answer.', NULL, 'SINGLE_CHOICE', 3, 'The @wire getRecord adapter provides reactive data from UI API.', 'https://developer.salesforce.com/docs/platform/lwc/guide/get-started-introduction', false, true, now(), now());
INSERT INTO "Answer" ("id", "questionId", "content", "isCorrect", "sortOrder", "createdAt", "updatedAt") VALUES ('9147a58a-7c81-45ed-9188-3970477c8993', '42fcfd66-c33e-42bd-83fe-47912d51ebf3', 'Use @wire with getRecord from lightning/uiRecordApi', true, 0, now(), now());
INSERT INTO "Answer" ("id", "questionId", "content", "isCorrect", "sortOrder", "createdAt", "updatedAt") VALUES ('d98da624-4ec6-4acd-8cd4-252651cc37f0', '42fcfd66-c33e-42bd-83fe-47912d51ebf3', 'Use a Visualforce controller', false, 1, now(), now());
INSERT INTO "Answer" ("id", "questionId", "content", "isCorrect", "sortOrder", "createdAt", "updatedAt") VALUES ('24d8bec2-0b8a-4408-8b43-9f3e888eb92a', '42fcfd66-c33e-42bd-83fe-47912d51ebf3', 'Use an Apex trigger', false, 2, now(), now());
INSERT INTO "Answer" ("id", "questionId", "content", "isCorrect", "sortOrder", "createdAt", "updatedAt") VALUES ('3a82f342-4537-4f3d-a0d2-8f99923552e5', '42fcfd66-c33e-42bd-83fe-47912d51ebf3', 'Use a batch job', false, 3, now(), now());
INSERT INTO "Question" ("id", "examId", "topicId", "content", "codeSnippet", "type", "difficulty", "explanation", "referenceUrl", "isPremium", "isActive", "createdAt", "updatedAt") VALUES ('79e08bfb-8c42-4ae2-aff2-5f1ec213c154', '003f2098-cb83-416f-a53e-ff07cacd3c9c', 'd3e530b9-c6c8-4aa8-aba2-614d52131a85', 'A Lightning Web Component needs to read Opportunity data and refresh automatically when the record changes. Which approach should be used? Choose 1 answer.', NULL, 'SINGLE_CHOICE', 3, 'The @wire getRecord adapter provides reactive data from UI API.', 'https://developer.salesforce.com/docs/platform/lwc/guide/get-started-introduction', false, true, now(), now());
INSERT INTO "Answer" ("id", "questionId", "content", "isCorrect", "sortOrder", "createdAt", "updatedAt") VALUES ('b0e1ee77-d7c1-44b5-a5af-bf3adb18b332', '79e08bfb-8c42-4ae2-aff2-5f1ec213c154', 'Use @wire with getRecord from lightning/uiRecordApi', true, 0, now(), now());
INSERT INTO "Answer" ("id", "questionId", "content", "isCorrect", "sortOrder", "createdAt", "updatedAt") VALUES ('377aa8d2-6065-49d9-8c9c-fb970698d3ec', '79e08bfb-8c42-4ae2-aff2-5f1ec213c154', 'Use a Visualforce controller', false, 1, now(), now());
INSERT INTO "Answer" ("id", "questionId", "content", "isCorrect", "sortOrder", "createdAt", "updatedAt") VALUES ('c3447f30-0cb1-4eef-9d7a-f4ae6592d899', '79e08bfb-8c42-4ae2-aff2-5f1ec213c154', 'Use an Apex trigger', false, 2, now(), now());
INSERT INTO "Answer" ("id", "questionId", "content", "isCorrect", "sortOrder", "createdAt", "updatedAt") VALUES ('981f149c-71db-411d-ab6d-92b500a89b40', '79e08bfb-8c42-4ae2-aff2-5f1ec213c154', 'Use a batch job', false, 3, now(), now());
INSERT INTO "Question" ("id", "examId", "topicId", "content", "codeSnippet", "type", "difficulty", "explanation", "referenceUrl", "isPremium", "isActive", "createdAt", "updatedAt") VALUES ('a2b742a6-a048-45b7-ad79-987315c5b79e', '003f2098-cb83-416f-a53e-ff07cacd3c9c', 'd3e530b9-c6c8-4aa8-aba2-614d52131a85', 'A Lightning Web Component needs to read Case data and refresh automatically when the record changes. Which approach should be used? Choose 1 answer.', NULL, 'SINGLE_CHOICE', 3, 'The @wire getRecord adapter provides reactive data from UI API.', 'https://developer.salesforce.com/docs/platform/lwc/guide/get-started-introduction', false, true, now(), now());
INSERT INTO "Answer" ("id", "questionId", "content", "isCorrect", "sortOrder", "createdAt", "updatedAt") VALUES ('23390995-0148-48f6-9d1b-b7c32a740e9d', 'a2b742a6-a048-45b7-ad79-987315c5b79e', 'Use @wire with getRecord from lightning/uiRecordApi', true, 0, now(), now());
INSERT INTO "Answer" ("id", "questionId", "content", "isCorrect", "sortOrder", "createdAt", "updatedAt") VALUES ('9e70ab4b-79cb-4aa3-91bc-9141d9b1652f', 'a2b742a6-a048-45b7-ad79-987315c5b79e', 'Use a Visualforce controller', false, 1, now(), now());
INSERT INTO "Answer" ("id", "questionId", "content", "isCorrect", "sortOrder", "createdAt", "updatedAt") VALUES ('f7db568d-6472-4c7a-9154-3e098c961e7c', 'a2b742a6-a048-45b7-ad79-987315c5b79e', 'Use an Apex trigger', false, 2, now(), now());
INSERT INTO "Answer" ("id", "questionId", "content", "isCorrect", "sortOrder", "createdAt", "updatedAt") VALUES ('24f7900f-dbc1-4a76-a04c-38a26d6e7075', 'a2b742a6-a048-45b7-ad79-987315c5b79e', 'Use a batch job', false, 3, now(), now());
INSERT INTO "Question" ("id", "examId", "topicId", "content", "codeSnippet", "type", "difficulty", "explanation", "referenceUrl", "isPremium", "isActive", "createdAt", "updatedAt") VALUES ('437a40b3-11e8-42c6-9da9-16b0d8274c64', '003f2098-cb83-416f-a53e-ff07cacd3c9c', 'd3e530b9-c6c8-4aa8-aba2-614d52131a85', 'A Lightning Web Component needs to read Custom_Object__c data and refresh automatically when the record changes. Which approach should be used? Choose 1 answer.', NULL, 'SINGLE_CHOICE', 3, 'The @wire getRecord adapter provides reactive data from UI API.', 'https://developer.salesforce.com/docs/platform/lwc/guide/get-started-introduction', false, true, now(), now());
INSERT INTO "Answer" ("id", "questionId", "content", "isCorrect", "sortOrder", "createdAt", "updatedAt") VALUES ('17f844bb-c62e-46c4-8bf3-d2d161fb7ee4', '437a40b3-11e8-42c6-9da9-16b0d8274c64', 'Use @wire with getRecord from lightning/uiRecordApi', true, 0, now(), now());
INSERT INTO "Answer" ("id", "questionId", "content", "isCorrect", "sortOrder", "createdAt", "updatedAt") VALUES ('c3f29ad1-bb26-4cf0-a0cf-8a26bcb84821', '437a40b3-11e8-42c6-9da9-16b0d8274c64', 'Use a Visualforce controller', false, 1, now(), now());
INSERT INTO "Answer" ("id", "questionId", "content", "isCorrect", "sortOrder", "createdAt", "updatedAt") VALUES ('74ed0dc7-2b5a-4250-9450-c9eee05d21cc', '437a40b3-11e8-42c6-9da9-16b0d8274c64', 'Use an Apex trigger', false, 2, now(), now());
INSERT INTO "Answer" ("id", "questionId", "content", "isCorrect", "sortOrder", "createdAt", "updatedAt") VALUES ('d69e1c3c-1818-424f-9569-2410949b4d3b', '437a40b3-11e8-42c6-9da9-16b0d8274c64', 'Use a batch job', false, 3, now(), now());
INSERT INTO "Question" ("id", "examId", "topicId", "content", "codeSnippet", "type", "difficulty", "explanation", "referenceUrl", "isPremium", "isActive", "createdAt", "updatedAt") VALUES ('4e65968d-7c76-4b51-8376-c9b9429ed355', '003f2098-cb83-416f-a53e-ff07cacd3c9c', 'd3e530b9-c6c8-4aa8-aba2-614d52131a85', 'A developer needs to call an Apex method from a Lightning Web Component to retrieve a list of Accounts. Which annotation is required on the Apex method? Choose 1 answer.', NULL, 'SINGLE_CHOICE', 2, '@AuraEnabled exposes Apex methods to Lightning Web Components.', 'https://developer.salesforce.com/docs/platform/lwc/guide/get-started-introduction', false, true, now(), now());
INSERT INTO "Answer" ("id", "questionId", "content", "isCorrect", "sortOrder", "createdAt", "updatedAt") VALUES ('0f90bc0b-1e6f-4dce-b7e1-87d3c4d65bce', '4e65968d-7c76-4b51-8376-c9b9429ed355', '@AuraEnabled', true, 0, now(), now());
INSERT INTO "Answer" ("id", "questionId", "content", "isCorrect", "sortOrder", "createdAt", "updatedAt") VALUES ('a94c37cd-2586-4194-b3c9-02d5bb2a3a63', '4e65968d-7c76-4b51-8376-c9b9429ed355', '@InvocableMethod', false, 1, now(), now());
INSERT INTO "Answer" ("id", "questionId", "content", "isCorrect", "sortOrder", "createdAt", "updatedAt") VALUES ('0bae8cad-affa-4ead-a64a-a9a4d72d619c', '4e65968d-7c76-4b51-8376-c9b9429ed355', '@RemoteAction', false, 2, now(), now());
INSERT INTO "Answer" ("id", "questionId", "content", "isCorrect", "sortOrder", "createdAt", "updatedAt") VALUES ('f46252ab-6b69-4243-9de6-a2fa2e0cb438', '4e65968d-7c76-4b51-8376-c9b9429ed355', '@TestVisible', false, 3, now(), now());
INSERT INTO "Question" ("id", "examId", "topicId", "content", "codeSnippet", "type", "difficulty", "explanation", "referenceUrl", "isPremium", "isActive", "createdAt", "updatedAt") VALUES ('a6fb8a54-b1d0-41ff-b995-aedf7a490fda', '003f2098-cb83-416f-a53e-ff07cacd3c9c', 'd3e530b9-c6c8-4aa8-aba2-614d52131a85', 'A developer needs to call an Apex method from a Lightning Web Component to calculate a discount. Which annotation is required on the Apex method? Choose 1 answer.', NULL, 'SINGLE_CHOICE', 2, '@AuraEnabled exposes Apex methods to Lightning Web Components.', 'https://developer.salesforce.com/docs/platform/lwc/guide/get-started-introduction', false, true, now(), now());
INSERT INTO "Answer" ("id", "questionId", "content", "isCorrect", "sortOrder", "createdAt", "updatedAt") VALUES ('cb411ee7-df70-44a0-a6f9-22f45c85b206', 'a6fb8a54-b1d0-41ff-b995-aedf7a490fda', '@AuraEnabled', true, 0, now(), now());
INSERT INTO "Answer" ("id", "questionId", "content", "isCorrect", "sortOrder", "createdAt", "updatedAt") VALUES ('b9e5b0b9-e8e4-4ca3-80bd-98527dbd718a', 'a6fb8a54-b1d0-41ff-b995-aedf7a490fda', '@InvocableMethod', false, 1, now(), now());
INSERT INTO "Answer" ("id", "questionId", "content", "isCorrect", "sortOrder", "createdAt", "updatedAt") VALUES ('870ba048-01bb-47d5-8142-39570de3bdc8', 'a6fb8a54-b1d0-41ff-b995-aedf7a490fda', '@RemoteAction', false, 2, now(), now());
INSERT INTO "Answer" ("id", "questionId", "content", "isCorrect", "sortOrder", "createdAt", "updatedAt") VALUES ('393d435a-676c-46eb-9087-1f0389ec7156', 'a6fb8a54-b1d0-41ff-b995-aedf7a490fda', '@TestVisible', false, 3, now(), now());
INSERT INTO "Question" ("id", "examId", "topicId", "content", "codeSnippet", "type", "difficulty", "explanation", "referenceUrl", "isPremium", "isActive", "createdAt", "updatedAt") VALUES ('e69270ac-66e2-4ed1-9812-a3eedfccc2ae', '003f2098-cb83-416f-a53e-ff07cacd3c9c', 'd3e530b9-c6c8-4aa8-aba2-614d52131a85', 'A developer needs to call an Apex method from a Lightning Web Component to fetch related Contacts. Which annotation is required on the Apex method? Choose 1 answer.', NULL, 'SINGLE_CHOICE', 2, '@AuraEnabled exposes Apex methods to Lightning Web Components.', 'https://developer.salesforce.com/docs/platform/lwc/guide/get-started-introduction', false, true, now(), now());
INSERT INTO "Answer" ("id", "questionId", "content", "isCorrect", "sortOrder", "createdAt", "updatedAt") VALUES ('5c3bb140-3afa-4b90-a7dc-f4753f7ff518', 'e69270ac-66e2-4ed1-9812-a3eedfccc2ae', '@AuraEnabled', true, 0, now(), now());
INSERT INTO "Answer" ("id", "questionId", "content", "isCorrect", "sortOrder", "createdAt", "updatedAt") VALUES ('a214e503-7956-4a47-af43-d290c9283144', 'e69270ac-66e2-4ed1-9812-a3eedfccc2ae', '@InvocableMethod', false, 1, now(), now());
INSERT INTO "Answer" ("id", "questionId", "content", "isCorrect", "sortOrder", "createdAt", "updatedAt") VALUES ('47108dd8-c9c5-4ba9-a260-6dd0ecea08c7', 'e69270ac-66e2-4ed1-9812-a3eedfccc2ae', '@RemoteAction', false, 2, now(), now());
INSERT INTO "Answer" ("id", "questionId", "content", "isCorrect", "sortOrder", "createdAt", "updatedAt") VALUES ('69f47adb-ff6b-4974-b241-82538be980ab', 'e69270ac-66e2-4ed1-9812-a3eedfccc2ae', '@TestVisible', false, 3, now(), now());
INSERT INTO "Question" ("id", "examId", "topicId", "content", "codeSnippet", "type", "difficulty", "explanation", "referenceUrl", "isPremium", "isActive", "createdAt", "updatedAt") VALUES ('9285a220-b72c-4572-a7be-e908f7be046c', '003f2098-cb83-416f-a53e-ff07cacd3c9c', 'd3e530b9-c6c8-4aa8-aba2-614d52131a85', 'A developer needs to call an Apex method from a Lightning Web Component to validate a custom rule. Which annotation is required on the Apex method? Choose 1 answer.', NULL, 'SINGLE_CHOICE', 2, '@AuraEnabled exposes Apex methods to Lightning Web Components.', 'https://developer.salesforce.com/docs/platform/lwc/guide/get-started-introduction', false, true, now(), now());
INSERT INTO "Answer" ("id", "questionId", "content", "isCorrect", "sortOrder", "createdAt", "updatedAt") VALUES ('a59d0568-d762-47b3-a4e7-20ecd44eb990', '9285a220-b72c-4572-a7be-e908f7be046c', '@AuraEnabled', true, 0, now(), now());
INSERT INTO "Answer" ("id", "questionId", "content", "isCorrect", "sortOrder", "createdAt", "updatedAt") VALUES ('0a042baa-9069-46d3-ba64-30888a3abb78', '9285a220-b72c-4572-a7be-e908f7be046c', '@InvocableMethod', false, 1, now(), now());
INSERT INTO "Answer" ("id", "questionId", "content", "isCorrect", "sortOrder", "createdAt", "updatedAt") VALUES ('80899d60-dfd8-4bfa-a9ed-e09ca2ff70f8', '9285a220-b72c-4572-a7be-e908f7be046c', '@RemoteAction', false, 2, now(), now());
INSERT INTO "Answer" ("id", "questionId", "content", "isCorrect", "sortOrder", "createdAt", "updatedAt") VALUES ('9689f067-6e38-430e-9bbd-55e9141e0ed4', '9285a220-b72c-4572-a7be-e908f7be046c', '@TestVisible', false, 3, now(), now());
INSERT INTO "Question" ("id", "examId", "topicId", "content", "codeSnippet", "type", "difficulty", "explanation", "referenceUrl", "isPremium", "isActive", "createdAt", "updatedAt") VALUES ('785c4361-1021-4e5f-a1be-e868c413b2d7', '003f2098-cb83-416f-a53e-ff07cacd3c9c', 'd3e530b9-c6c8-4aa8-aba2-614d52131a85', 'A developer needs to call an Apex method from a Lightning Web Component to return summary metrics. Which annotation is required on the Apex method? Choose 1 answer.', NULL, 'SINGLE_CHOICE', 2, '@AuraEnabled exposes Apex methods to Lightning Web Components.', 'https://developer.salesforce.com/docs/platform/lwc/guide/get-started-introduction', false, true, now(), now());
INSERT INTO "Answer" ("id", "questionId", "content", "isCorrect", "sortOrder", "createdAt", "updatedAt") VALUES ('8630e385-dabc-4ec9-83a4-1c47f5132176', '785c4361-1021-4e5f-a1be-e868c413b2d7', '@AuraEnabled', true, 0, now(), now());
INSERT INTO "Answer" ("id", "questionId", "content", "isCorrect", "sortOrder", "createdAt", "updatedAt") VALUES ('b88ff6d5-6be6-44a7-8a6c-d1a37494ee75', '785c4361-1021-4e5f-a1be-e868c413b2d7', '@InvocableMethod', false, 1, now(), now());
INSERT INTO "Answer" ("id", "questionId", "content", "isCorrect", "sortOrder", "createdAt", "updatedAt") VALUES ('beeea637-adda-4952-91ba-abe24baa295c', '785c4361-1021-4e5f-a1be-e868c413b2d7', '@RemoteAction', false, 2, now(), now());
INSERT INTO "Answer" ("id", "questionId", "content", "isCorrect", "sortOrder", "createdAt", "updatedAt") VALUES ('19534d62-8407-41aa-98c4-7d7ed33a282b', '785c4361-1021-4e5f-a1be-e868c413b2d7', '@TestVisible', false, 3, now(), now());
INSERT INTO "Question" ("id", "examId", "topicId", "content", "codeSnippet", "type", "difficulty", "explanation", "referenceUrl", "isPremium", "isActive", "createdAt", "updatedAt") VALUES ('803b4da2-5bb6-4870-bd88-de0cdf8d73e9', '003f2098-cb83-416f-a53e-ff07cacd3c9c', 'd3e530b9-c6c8-4aa8-aba2-614d52131a85', 'A developer needs a simple UI to edit a record while respecting CRUD/FLS without writing Apex. Which option is best? Choose 1 answer.', NULL, 'SINGLE_CHOICE', 3, 'Lightning Data Service and base record form components handle CRUD/FLS automatically.', 'https://developer.salesforce.com/docs/platform/lwc/guide/get-started-introduction', false, true, now(), now());
INSERT INTO "Answer" ("id", "questionId", "content", "isCorrect", "sortOrder", "createdAt", "updatedAt") VALUES ('90ecf3c9-c124-4617-8844-4b964bd97d8e', '803b4da2-5bb6-4870-bd88-de0cdf8d73e9', 'Use Lightning Data Service (e.g., lightning-record-form)', true, 0, now(), now());
INSERT INTO "Answer" ("id", "questionId", "content", "isCorrect", "sortOrder", "createdAt", "updatedAt") VALUES ('da3202be-a199-4c50-83e4-a06d5659ce61', '803b4da2-5bb6-4870-bd88-de0cdf8d73e9', 'Use a custom Apex controller', false, 1, now(), now());
INSERT INTO "Answer" ("id", "questionId", "content", "isCorrect", "sortOrder", "createdAt", "updatedAt") VALUES ('f48467b5-7daa-4a39-bb7a-f081e1657d34', '803b4da2-5bb6-4870-bd88-de0cdf8d73e9', 'Use a trigger', false, 2, now(), now());
INSERT INTO "Answer" ("id", "questionId", "content", "isCorrect", "sortOrder", "createdAt", "updatedAt") VALUES ('1dc025bd-ac93-41d2-92ea-f731ac44cca6', '803b4da2-5bb6-4870-bd88-de0cdf8d73e9', 'Use a batch job', false, 3, now(), now());
INSERT INTO "Question" ("id", "examId", "topicId", "content", "codeSnippet", "type", "difficulty", "explanation", "referenceUrl", "isPremium", "isActive", "createdAt", "updatedAt") VALUES ('57ad57a6-3192-4d3b-95d9-448c3e20f90c', '003f2098-cb83-416f-a53e-ff07cacd3c9c', 'd3e530b9-c6c8-4aa8-aba2-614d52131a85', 'A developer needs a simple UI to create a record while respecting CRUD/FLS without writing Apex. Which option is best? Choose 1 answer.', NULL, 'SINGLE_CHOICE', 3, 'Lightning Data Service and base record form components handle CRUD/FLS automatically.', 'https://developer.salesforce.com/docs/platform/lwc/guide/get-started-introduction', false, true, now(), now());
INSERT INTO "Answer" ("id", "questionId", "content", "isCorrect", "sortOrder", "createdAt", "updatedAt") VALUES ('ab1f8d3d-46ad-4dd1-a6d9-801fd8a73a69', '57ad57a6-3192-4d3b-95d9-448c3e20f90c', 'Use Lightning Data Service (e.g., lightning-record-form)', true, 0, now(), now());
INSERT INTO "Answer" ("id", "questionId", "content", "isCorrect", "sortOrder", "createdAt", "updatedAt") VALUES ('89c61ae5-66e2-4d87-9e87-163711cb2044', '57ad57a6-3192-4d3b-95d9-448c3e20f90c', 'Use a custom Apex controller', false, 1, now(), now());
INSERT INTO "Answer" ("id", "questionId", "content", "isCorrect", "sortOrder", "createdAt", "updatedAt") VALUES ('52240885-fe4f-4e58-babf-52f5836b155b', '57ad57a6-3192-4d3b-95d9-448c3e20f90c', 'Use a trigger', false, 2, now(), now());
INSERT INTO "Answer" ("id", "questionId", "content", "isCorrect", "sortOrder", "createdAt", "updatedAt") VALUES ('be538156-9a73-4b53-9ea2-7c3a6121d6de', '57ad57a6-3192-4d3b-95d9-448c3e20f90c', 'Use a batch job', false, 3, now(), now());
INSERT INTO "Question" ("id", "examId", "topicId", "content", "codeSnippet", "type", "difficulty", "explanation", "referenceUrl", "isPremium", "isActive", "createdAt", "updatedAt") VALUES ('5b238870-f0a4-48c9-b63f-096b33e3aece', '003f2098-cb83-416f-a53e-ff07cacd3c9c', 'd3e530b9-c6c8-4aa8-aba2-614d52131a85', 'A developer needs a simple UI to view a record while respecting CRUD/FLS without writing Apex. Which option is best? Choose 1 answer.', NULL, 'SINGLE_CHOICE', 3, 'Lightning Data Service and base record form components handle CRUD/FLS automatically.', 'https://developer.salesforce.com/docs/platform/lwc/guide/get-started-introduction', false, true, now(), now());
INSERT INTO "Answer" ("id", "questionId", "content", "isCorrect", "sortOrder", "createdAt", "updatedAt") VALUES ('b857fa19-e0ae-48bf-ac76-9d7714214ec2', '5b238870-f0a4-48c9-b63f-096b33e3aece', 'Use Lightning Data Service (e.g., lightning-record-form)', true, 0, now(), now());
INSERT INTO "Answer" ("id", "questionId", "content", "isCorrect", "sortOrder", "createdAt", "updatedAt") VALUES ('50971d67-0443-4c67-93d5-4c71010b8dcd', '5b238870-f0a4-48c9-b63f-096b33e3aece', 'Use a custom Apex controller', false, 1, now(), now());
INSERT INTO "Answer" ("id", "questionId", "content", "isCorrect", "sortOrder", "createdAt", "updatedAt") VALUES ('be1a9742-5cfa-46c9-8985-554c2c7c95b2', '5b238870-f0a4-48c9-b63f-096b33e3aece', 'Use a trigger', false, 2, now(), now());
INSERT INTO "Answer" ("id", "questionId", "content", "isCorrect", "sortOrder", "createdAt", "updatedAt") VALUES ('59f07608-70cb-486f-b218-75badd32b7e5', '5b238870-f0a4-48c9-b63f-096b33e3aece', 'Use a batch job', false, 3, now(), now());
INSERT INTO "Question" ("id", "examId", "topicId", "content", "codeSnippet", "type", "difficulty", "explanation", "referenceUrl", "isPremium", "isActive", "createdAt", "updatedAt") VALUES ('d0784fa7-ba59-40dd-8f20-83e9a8ba8a7a', '003f2098-cb83-416f-a53e-ff07cacd3c9c', 'd3e530b9-c6c8-4aa8-aba2-614d52131a85', 'A developer needs a simple UI to update a record while respecting CRUD/FLS without writing Apex. Which option is best? Choose 1 answer.', NULL, 'SINGLE_CHOICE', 3, 'Lightning Data Service and base record form components handle CRUD/FLS automatically.', 'https://developer.salesforce.com/docs/platform/lwc/guide/get-started-introduction', false, true, now(), now());
INSERT INTO "Answer" ("id", "questionId", "content", "isCorrect", "sortOrder", "createdAt", "updatedAt") VALUES ('c3d6896e-c603-4ab6-885a-25accba0f1b6', 'd0784fa7-ba59-40dd-8f20-83e9a8ba8a7a', 'Use Lightning Data Service (e.g., lightning-record-form)', true, 0, now(), now());
INSERT INTO "Answer" ("id", "questionId", "content", "isCorrect", "sortOrder", "createdAt", "updatedAt") VALUES ('7bdb0313-087d-4370-ac7b-c106066f63a7', 'd0784fa7-ba59-40dd-8f20-83e9a8ba8a7a', 'Use a custom Apex controller', false, 1, now(), now());
INSERT INTO "Answer" ("id", "questionId", "content", "isCorrect", "sortOrder", "createdAt", "updatedAt") VALUES ('b0f56357-c5d6-4da9-89a0-e3a6f5643861', 'd0784fa7-ba59-40dd-8f20-83e9a8ba8a7a', 'Use a trigger', false, 2, now(), now());
INSERT INTO "Answer" ("id", "questionId", "content", "isCorrect", "sortOrder", "createdAt", "updatedAt") VALUES ('f2b6ec95-b1b6-4153-ad4d-7b72d2ac6a70', 'd0784fa7-ba59-40dd-8f20-83e9a8ba8a7a', 'Use a batch job', false, 3, now(), now());
INSERT INTO "Question" ("id", "examId", "topicId", "content", "codeSnippet", "type", "difficulty", "explanation", "referenceUrl", "isPremium", "isActive", "createdAt", "updatedAt") VALUES ('5b438152-3c64-481b-a8a7-8b288a19ce29', '003f2098-cb83-416f-a53e-ff07cacd3c9c', 'd3e530b9-c6c8-4aa8-aba2-614d52131a85', 'A developer needs a simple UI to delete a record while respecting CRUD/FLS without writing Apex. Which option is best? Choose 1 answer.', NULL, 'SINGLE_CHOICE', 3, 'Lightning Data Service and base record form components handle CRUD/FLS automatically.', 'https://developer.salesforce.com/docs/platform/lwc/guide/get-started-introduction', false, true, now(), now());
INSERT INTO "Answer" ("id", "questionId", "content", "isCorrect", "sortOrder", "createdAt", "updatedAt") VALUES ('042f58f5-c83c-4372-96bc-6eaca8c4b7f3', '5b438152-3c64-481b-a8a7-8b288a19ce29', 'Use Lightning Data Service (e.g., lightning-record-form)', true, 0, now(), now());
INSERT INTO "Answer" ("id", "questionId", "content", "isCorrect", "sortOrder", "createdAt", "updatedAt") VALUES ('e5e30a8c-81ec-4215-a1f9-7c92077c8104', '5b438152-3c64-481b-a8a7-8b288a19ce29', 'Use a custom Apex controller', false, 1, now(), now());
INSERT INTO "Answer" ("id", "questionId", "content", "isCorrect", "sortOrder", "createdAt", "updatedAt") VALUES ('8c4375c9-1202-43a0-a68e-7db620f11521', '5b438152-3c64-481b-a8a7-8b288a19ce29', 'Use a trigger', false, 2, now(), now());
INSERT INTO "Answer" ("id", "questionId", "content", "isCorrect", "sortOrder", "createdAt", "updatedAt") VALUES ('4dbb7006-603a-4e74-abc1-7d3d20a8f3be', '5b438152-3c64-481b-a8a7-8b288a19ce29', 'Use a batch job', false, 3, now(), now());
INSERT INTO "Question" ("id", "examId", "topicId", "content", "codeSnippet", "type", "difficulty", "explanation", "referenceUrl", "isPremium", "isActive", "createdAt", "updatedAt") VALUES ('510d0bd5-fee9-4095-989a-fecc19d2dfb2', '003f2098-cb83-416f-a53e-ff07cacd3c9c', 'd3e530b9-c6c8-4aa8-aba2-614d52131a85', 'From an LWC button click, a user should be navigated to a Account record page. Which API should be used? Choose 1 answer.', NULL, 'SINGLE_CHOICE', 3, 'NavigationMixin provides standard navigation behavior in LWC.', 'https://developer.salesforce.com/docs/platform/lwc/guide/get-started-introduction', false, true, now(), now());
INSERT INTO "Answer" ("id", "questionId", "content", "isCorrect", "sortOrder", "createdAt", "updatedAt") VALUES ('0c09fae9-7910-47a1-b538-b7c879fcb951', '510d0bd5-fee9-4095-989a-fecc19d2dfb2', 'NavigationMixin', true, 0, now(), now());
INSERT INTO "Answer" ("id", "questionId", "content", "isCorrect", "sortOrder", "createdAt", "updatedAt") VALUES ('daafd93d-2ae0-409d-9dba-083edbd629c1', '510d0bd5-fee9-4095-989a-fecc19d2dfb2', 'Lightning Data Service', false, 1, now(), now());
INSERT INTO "Answer" ("id", "questionId", "content", "isCorrect", "sortOrder", "createdAt", "updatedAt") VALUES ('83c1ee94-bcbe-4e93-8126-801d42e70fb0', '510d0bd5-fee9-4095-989a-fecc19d2dfb2', '@wire', false, 2, now(), now());
INSERT INTO "Answer" ("id", "questionId", "content", "isCorrect", "sortOrder", "createdAt", "updatedAt") VALUES ('888eae73-287b-432a-a5ec-9d207fb2dff2', '510d0bd5-fee9-4095-989a-fecc19d2dfb2', 'Apex @future', false, 3, now(), now());
INSERT INTO "Question" ("id", "examId", "topicId", "content", "codeSnippet", "type", "difficulty", "explanation", "referenceUrl", "isPremium", "isActive", "createdAt", "updatedAt") VALUES ('8a5b4579-9315-4aad-a985-9f33bb5337a6', '003f2098-cb83-416f-a53e-ff07cacd3c9c', 'd3e530b9-c6c8-4aa8-aba2-614d52131a85', 'From an LWC button click, a user should be navigated to a Contact record page. Which API should be used? Choose 1 answer.', NULL, 'SINGLE_CHOICE', 3, 'NavigationMixin provides standard navigation behavior in LWC.', 'https://developer.salesforce.com/docs/platform/lwc/guide/get-started-introduction', false, true, now(), now());
INSERT INTO "Answer" ("id", "questionId", "content", "isCorrect", "sortOrder", "createdAt", "updatedAt") VALUES ('49995305-7ef0-433c-bf32-b0f78c85b851', '8a5b4579-9315-4aad-a985-9f33bb5337a6', 'NavigationMixin', true, 0, now(), now());
INSERT INTO "Answer" ("id", "questionId", "content", "isCorrect", "sortOrder", "createdAt", "updatedAt") VALUES ('2166bfb0-f81e-47c7-8f03-6794bb9c1698', '8a5b4579-9315-4aad-a985-9f33bb5337a6', 'Lightning Data Service', false, 1, now(), now());
INSERT INTO "Answer" ("id", "questionId", "content", "isCorrect", "sortOrder", "createdAt", "updatedAt") VALUES ('637da08d-c762-401c-9fbe-a042042e5bd9', '8a5b4579-9315-4aad-a985-9f33bb5337a6', '@wire', false, 2, now(), now());
INSERT INTO "Answer" ("id", "questionId", "content", "isCorrect", "sortOrder", "createdAt", "updatedAt") VALUES ('fa657936-0d90-4ed7-b725-6a619c46d5d6', '8a5b4579-9315-4aad-a985-9f33bb5337a6', 'Apex @future', false, 3, now(), now());
INSERT INTO "Question" ("id", "examId", "topicId", "content", "codeSnippet", "type", "difficulty", "explanation", "referenceUrl", "isPremium", "isActive", "createdAt", "updatedAt") VALUES ('4b74e639-4bec-457b-a48c-5a9e556addd1', '003f2098-cb83-416f-a53e-ff07cacd3c9c', 'd3e530b9-c6c8-4aa8-aba2-614d52131a85', 'From an LWC button click, a user should be navigated to a Opportunity record page. Which API should be used? Choose 1 answer.', NULL, 'SINGLE_CHOICE', 3, 'NavigationMixin provides standard navigation behavior in LWC.', 'https://developer.salesforce.com/docs/platform/lwc/guide/get-started-introduction', false, true, now(), now());
INSERT INTO "Answer" ("id", "questionId", "content", "isCorrect", "sortOrder", "createdAt", "updatedAt") VALUES ('4b6ecb97-081d-480e-b9a2-23b1e8c25475', '4b74e639-4bec-457b-a48c-5a9e556addd1', 'NavigationMixin', true, 0, now(), now());
INSERT INTO "Answer" ("id", "questionId", "content", "isCorrect", "sortOrder", "createdAt", "updatedAt") VALUES ('7fba8529-7c17-47cd-8ed4-22ceb914966c', '4b74e639-4bec-457b-a48c-5a9e556addd1', 'Lightning Data Service', false, 1, now(), now());
INSERT INTO "Answer" ("id", "questionId", "content", "isCorrect", "sortOrder", "createdAt", "updatedAt") VALUES ('be6df534-4c14-4027-893a-99fd15495282', '4b74e639-4bec-457b-a48c-5a9e556addd1', '@wire', false, 2, now(), now());
INSERT INTO "Answer" ("id", "questionId", "content", "isCorrect", "sortOrder", "createdAt", "updatedAt") VALUES ('f589e49f-3eb5-4fa4-8f4a-11cd4df16bfc', '4b74e639-4bec-457b-a48c-5a9e556addd1', 'Apex @future', false, 3, now(), now());
INSERT INTO "Question" ("id", "examId", "topicId", "content", "codeSnippet", "type", "difficulty", "explanation", "referenceUrl", "isPremium", "isActive", "createdAt", "updatedAt") VALUES ('18090419-ca73-48c6-9684-dc71990a67da', '003f2098-cb83-416f-a53e-ff07cacd3c9c', 'd3e530b9-c6c8-4aa8-aba2-614d52131a85', 'From an LWC button click, a user should be navigated to a Case record page. Which API should be used? Choose 1 answer.', NULL, 'SINGLE_CHOICE', 3, 'NavigationMixin provides standard navigation behavior in LWC.', 'https://developer.salesforce.com/docs/platform/lwc/guide/get-started-introduction', false, true, now(), now());
INSERT INTO "Answer" ("id", "questionId", "content", "isCorrect", "sortOrder", "createdAt", "updatedAt") VALUES ('a71a25ad-8def-4e78-9400-50733a7db383', '18090419-ca73-48c6-9684-dc71990a67da', 'NavigationMixin', true, 0, now(), now());
INSERT INTO "Answer" ("id", "questionId", "content", "isCorrect", "sortOrder", "createdAt", "updatedAt") VALUES ('c28a351a-6ee5-46a9-9f98-bc9e9effc6fc', '18090419-ca73-48c6-9684-dc71990a67da', 'Lightning Data Service', false, 1, now(), now());
INSERT INTO "Answer" ("id", "questionId", "content", "isCorrect", "sortOrder", "createdAt", "updatedAt") VALUES ('17c3b461-d838-4829-9717-55e0ce6e5033', '18090419-ca73-48c6-9684-dc71990a67da', '@wire', false, 2, now(), now());
INSERT INTO "Answer" ("id", "questionId", "content", "isCorrect", "sortOrder", "createdAt", "updatedAt") VALUES ('2502bf27-0950-4c6d-b2e6-0a4874334c76', '18090419-ca73-48c6-9684-dc71990a67da', 'Apex @future', false, 3, now(), now());
INSERT INTO "Question" ("id", "examId", "topicId", "content", "codeSnippet", "type", "difficulty", "explanation", "referenceUrl", "isPremium", "isActive", "createdAt", "updatedAt") VALUES ('be2abf68-1d13-4515-a226-b55ab2ea5e3d', '003f2098-cb83-416f-a53e-ff07cacd3c9c', 'd3e530b9-c6c8-4aa8-aba2-614d52131a85', 'From an LWC button click, a user should be navigated to a Custom_Object__c record page. Which API should be used? Choose 1 answer.', NULL, 'SINGLE_CHOICE', 3, 'NavigationMixin provides standard navigation behavior in LWC.', 'https://developer.salesforce.com/docs/platform/lwc/guide/get-started-introduction', false, true, now(), now());
INSERT INTO "Answer" ("id", "questionId", "content", "isCorrect", "sortOrder", "createdAt", "updatedAt") VALUES ('f7fcb014-987e-461f-b983-9994161e05dc', 'be2abf68-1d13-4515-a226-b55ab2ea5e3d', 'NavigationMixin', true, 0, now(), now());
INSERT INTO "Answer" ("id", "questionId", "content", "isCorrect", "sortOrder", "createdAt", "updatedAt") VALUES ('5bc1a4d8-4906-4103-998f-46da2fb9aef2', 'be2abf68-1d13-4515-a226-b55ab2ea5e3d', 'Lightning Data Service', false, 1, now(), now());
INSERT INTO "Answer" ("id", "questionId", "content", "isCorrect", "sortOrder", "createdAt", "updatedAt") VALUES ('af66cf03-89a4-4330-8749-dcef2b7ca542', 'be2abf68-1d13-4515-a226-b55ab2ea5e3d', '@wire', false, 2, now(), now());
INSERT INTO "Answer" ("id", "questionId", "content", "isCorrect", "sortOrder", "createdAt", "updatedAt") VALUES ('af2faa98-4e20-42df-affd-3159a9a2f86e', 'be2abf68-1d13-4515-a226-b55ab2ea5e3d', 'Apex @future', false, 3, now(), now());
INSERT INTO "Question" ("id", "examId", "topicId", "content", "codeSnippet", "type", "difficulty", "explanation", "referenceUrl", "isPremium", "isActive", "createdAt", "updatedAt") VALUES ('02abeaa5-50a9-459b-89ad-802f04883fae', '003f2098-cb83-416f-a53e-ff07cacd3c9c', 'd3e530b9-c6c8-4aa8-aba2-614d52131a85', 'A developer needs to communicate between two LWCs on the same page. Which feature should be used? Choose 1 answer.', NULL, 'SINGLE_CHOICE', 3, 'Lightning Message Service enables communication between Lightning components across the DOM.', 'https://developer.salesforce.com/docs/platform/lwc/guide/get-started-introduction', false, true, now(), now());
INSERT INTO "Answer" ("id", "questionId", "content", "isCorrect", "sortOrder", "createdAt", "updatedAt") VALUES ('74bfc7c0-4e1a-4a88-9011-09dc4f658428', '02abeaa5-50a9-459b-89ad-802f04883fae', 'Lightning Message Service', true, 0, now(), now());
INSERT INTO "Answer" ("id", "questionId", "content", "isCorrect", "sortOrder", "createdAt", "updatedAt") VALUES ('fe5c0dac-005c-4846-878c-a24abfe8e615', '02abeaa5-50a9-459b-89ad-802f04883fae', 'Apex trigger', false, 1, now(), now());
INSERT INTO "Answer" ("id", "questionId", "content", "isCorrect", "sortOrder", "createdAt", "updatedAt") VALUES ('4c82c13d-e5cb-49ee-a30e-11584fb9a16d', '02abeaa5-50a9-459b-89ad-802f04883fae', 'Workflow rule', false, 2, now(), now());
INSERT INTO "Answer" ("id", "questionId", "content", "isCorrect", "sortOrder", "createdAt", "updatedAt") VALUES ('a7966c3b-d817-4f84-8ae2-a11696b80f66', '02abeaa5-50a9-459b-89ad-802f04883fae', 'Schema Builder', false, 3, now(), now());
INSERT INTO "Question" ("id", "examId", "topicId", "content", "codeSnippet", "type", "difficulty", "explanation", "referenceUrl", "isPremium", "isActive", "createdAt", "updatedAt") VALUES ('d97d4c27-1d88-4acc-a4b2-f9652cab222f', '003f2098-cb83-416f-a53e-ff07cacd3c9c', 'd3e530b9-c6c8-4aa8-aba2-614d52131a85', 'A developer needs to communicate between an LWC and a Visualforce page. Which feature should be used? Choose 1 answer.', NULL, 'SINGLE_CHOICE', 3, 'Lightning Message Service enables communication between Lightning components across the DOM.', 'https://developer.salesforce.com/docs/platform/lwc/guide/get-started-introduction', false, true, now(), now());
INSERT INTO "Answer" ("id", "questionId", "content", "isCorrect", "sortOrder", "createdAt", "updatedAt") VALUES ('c0a6a3e8-9fef-4690-987e-5d7a139e24b8', 'd97d4c27-1d88-4acc-a4b2-f9652cab222f', 'Lightning Message Service', true, 0, now(), now());
INSERT INTO "Answer" ("id", "questionId", "content", "isCorrect", "sortOrder", "createdAt", "updatedAt") VALUES ('3f07a974-b2d5-4d5c-b76b-0b7688d018a8', 'd97d4c27-1d88-4acc-a4b2-f9652cab222f', 'Apex trigger', false, 1, now(), now());
INSERT INTO "Answer" ("id", "questionId", "content", "isCorrect", "sortOrder", "createdAt", "updatedAt") VALUES ('bacad003-ff87-422d-882b-25950508514d', 'd97d4c27-1d88-4acc-a4b2-f9652cab222f', 'Workflow rule', false, 2, now(), now());
INSERT INTO "Answer" ("id", "questionId", "content", "isCorrect", "sortOrder", "createdAt", "updatedAt") VALUES ('af37deb4-4b47-471f-b220-de67084583b5', 'd97d4c27-1d88-4acc-a4b2-f9652cab222f', 'Schema Builder', false, 3, now(), now());
INSERT INTO "Question" ("id", "examId", "topicId", "content", "codeSnippet", "type", "difficulty", "explanation", "referenceUrl", "isPremium", "isActive", "createdAt", "updatedAt") VALUES ('91463c23-6a7d-4ab5-a4bf-4ec51eb3f213', '003f2098-cb83-416f-a53e-ff07cacd3c9c', 'd3e530b9-c6c8-4aa8-aba2-614d52131a85', 'A developer needs to communicate between an LWC in a utility bar and one on a record page. Which feature should be used? Choose 1 answer.', NULL, 'SINGLE_CHOICE', 3, 'Lightning Message Service enables communication between Lightning components across the DOM.', 'https://developer.salesforce.com/docs/platform/lwc/guide/get-started-introduction', false, true, now(), now());
INSERT INTO "Answer" ("id", "questionId", "content", "isCorrect", "sortOrder", "createdAt", "updatedAt") VALUES ('8504620a-9850-4388-a0a4-24671250273d', '91463c23-6a7d-4ab5-a4bf-4ec51eb3f213', 'Lightning Message Service', true, 0, now(), now());
INSERT INTO "Answer" ("id", "questionId", "content", "isCorrect", "sortOrder", "createdAt", "updatedAt") VALUES ('df46d078-6476-47ee-b2fb-11328d73aa23', '91463c23-6a7d-4ab5-a4bf-4ec51eb3f213', 'Apex trigger', false, 1, now(), now());
INSERT INTO "Answer" ("id", "questionId", "content", "isCorrect", "sortOrder", "createdAt", "updatedAt") VALUES ('34264b68-2859-4137-bf0e-7c0c87226d2e', '91463c23-6a7d-4ab5-a4bf-4ec51eb3f213', 'Workflow rule', false, 2, now(), now());
INSERT INTO "Answer" ("id", "questionId", "content", "isCorrect", "sortOrder", "createdAt", "updatedAt") VALUES ('13d92496-813d-464d-b5fb-4cddab381c2e', '91463c23-6a7d-4ab5-a4bf-4ec51eb3f213', 'Schema Builder', false, 3, now(), now());
INSERT INTO "Question" ("id", "examId", "topicId", "content", "codeSnippet", "type", "difficulty", "explanation", "referenceUrl", "isPremium", "isActive", "createdAt", "updatedAt") VALUES ('c93388d5-c155-4e7d-81c9-9fac3bb1bf44', '003f2098-cb83-416f-a53e-ff07cacd3c9c', 'd3e530b9-c6c8-4aa8-aba2-614d52131a85', 'A developer needs to communicate between two LWCs that are not in the same DOM tree. Which feature should be used? Choose 1 answer.', NULL, 'SINGLE_CHOICE', 3, 'Lightning Message Service enables communication between Lightning components across the DOM.', 'https://developer.salesforce.com/docs/platform/lwc/guide/get-started-introduction', false, true, now(), now());
INSERT INTO "Answer" ("id", "questionId", "content", "isCorrect", "sortOrder", "createdAt", "updatedAt") VALUES ('faf2ddbf-690a-41c0-b72a-6f03ee2893fe', 'c93388d5-c155-4e7d-81c9-9fac3bb1bf44', 'Lightning Message Service', true, 0, now(), now());
INSERT INTO "Answer" ("id", "questionId", "content", "isCorrect", "sortOrder", "createdAt", "updatedAt") VALUES ('ce4b2fd9-a32b-42c4-990c-2f265664b3db', 'c93388d5-c155-4e7d-81c9-9fac3bb1bf44', 'Apex trigger', false, 1, now(), now());
INSERT INTO "Answer" ("id", "questionId", "content", "isCorrect", "sortOrder", "createdAt", "updatedAt") VALUES ('77bb1d56-2ed7-4fe7-8451-34c9bfe66317', 'c93388d5-c155-4e7d-81c9-9fac3bb1bf44', 'Workflow rule', false, 2, now(), now());
INSERT INTO "Answer" ("id", "questionId", "content", "isCorrect", "sortOrder", "createdAt", "updatedAt") VALUES ('177a2445-d28d-4477-9a90-6e0ab4ea3615', 'c93388d5-c155-4e7d-81c9-9fac3bb1bf44', 'Schema Builder', false, 3, now(), now());
INSERT INTO "Question" ("id", "examId", "topicId", "content", "codeSnippet", "type", "difficulty", "explanation", "referenceUrl", "isPremium", "isActive", "createdAt", "updatedAt") VALUES ('14d2fa3e-230c-498b-83cd-230a4a8f4b74', '003f2098-cb83-416f-a53e-ff07cacd3c9c', 'd3e530b9-c6c8-4aa8-aba2-614d52131a85', 'A developer needs to communicate between an LWC in a console app and one in a subtab. Which feature should be used? Choose 1 answer.', NULL, 'SINGLE_CHOICE', 3, 'Lightning Message Service enables communication between Lightning components across the DOM.', 'https://developer.salesforce.com/docs/platform/lwc/guide/get-started-introduction', false, true, now(), now());
INSERT INTO "Answer" ("id", "questionId", "content", "isCorrect", "sortOrder", "createdAt", "updatedAt") VALUES ('84a5856d-ec90-4022-b533-0921bbf88fa6', '14d2fa3e-230c-498b-83cd-230a4a8f4b74', 'Lightning Message Service', true, 0, now(), now());
INSERT INTO "Answer" ("id", "questionId", "content", "isCorrect", "sortOrder", "createdAt", "updatedAt") VALUES ('0e1264dd-2618-4654-94aa-8157e52cb3c8', '14d2fa3e-230c-498b-83cd-230a4a8f4b74', 'Apex trigger', false, 1, now(), now());
INSERT INTO "Answer" ("id", "questionId", "content", "isCorrect", "sortOrder", "createdAt", "updatedAt") VALUES ('4b4fa39d-bbd2-46b5-a990-36b479c123fc', '14d2fa3e-230c-498b-83cd-230a4a8f4b74', 'Workflow rule', false, 2, now(), now());
INSERT INTO "Answer" ("id", "questionId", "content", "isCorrect", "sortOrder", "createdAt", "updatedAt") VALUES ('193697a4-0e40-4e90-878d-ddb711ddaa88', '14d2fa3e-230c-498b-83cd-230a4a8f4b74', 'Schema Builder', false, 3, now(), now());
INSERT INTO "Question" ("id", "examId", "topicId", "content", "codeSnippet", "type", "difficulty", "explanation", "referenceUrl", "isPremium", "isActive", "createdAt", "updatedAt") VALUES ('247cbb57-0bc6-448b-a412-9aa9c8620b56', '003f2098-cb83-416f-a53e-ff07cacd3c9c', 'd3e530b9-c6c8-4aa8-aba2-614d52131a85', 'An admin wants to add a component to a record page without code. Which tool should be used? Choose 1 answer.', NULL, 'SINGLE_CHOICE', 2, 'Lightning App Builder lets admins compose pages declaratively.', 'https://developer.salesforce.com/docs/platform/lwc/guide/get-started-introduction', false, true, now(), now());
INSERT INTO "Answer" ("id", "questionId", "content", "isCorrect", "sortOrder", "createdAt", "updatedAt") VALUES ('e81c0783-d55d-4ce4-9b11-b35bb9e1ac9e', '247cbb57-0bc6-448b-a412-9aa9c8620b56', 'Lightning App Builder', true, 0, now(), now());
INSERT INTO "Answer" ("id", "questionId", "content", "isCorrect", "sortOrder", "createdAt", "updatedAt") VALUES ('601a9db6-fbe4-43dc-8562-79198bf439e6', '247cbb57-0bc6-448b-a412-9aa9c8620b56', 'Apex triggers', false, 1, now(), now());
INSERT INTO "Answer" ("id", "questionId", "content", "isCorrect", "sortOrder", "createdAt", "updatedAt") VALUES ('f43e6c5e-9af2-4197-b278-52101182ca83', '247cbb57-0bc6-448b-a412-9aa9c8620b56', 'Data Loader', false, 2, now(), now());
INSERT INTO "Answer" ("id", "questionId", "content", "isCorrect", "sortOrder", "createdAt", "updatedAt") VALUES ('cfd408aa-9ffe-4c3e-ac5d-b42edee0566c', '247cbb57-0bc6-448b-a412-9aa9c8620b56', 'Developer Console', false, 3, now(), now());
INSERT INTO "Question" ("id", "examId", "topicId", "content", "codeSnippet", "type", "difficulty", "explanation", "referenceUrl", "isPremium", "isActive", "createdAt", "updatedAt") VALUES ('2facdda5-fb98-4659-8a76-29716aa3c308', '003f2098-cb83-416f-a53e-ff07cacd3c9c', 'd3e530b9-c6c8-4aa8-aba2-614d52131a85', 'An admin wants to reorder fields on a Lightning record page without code. Which tool should be used? Choose 1 answer.', NULL, 'SINGLE_CHOICE', 2, 'Lightning App Builder lets admins compose pages declaratively.', 'https://developer.salesforce.com/docs/platform/lwc/guide/get-started-introduction', false, true, now(), now());
INSERT INTO "Answer" ("id", "questionId", "content", "isCorrect", "sortOrder", "createdAt", "updatedAt") VALUES ('a6129eaf-40a2-4c5d-9935-9ca5f61b43ae', '2facdda5-fb98-4659-8a76-29716aa3c308', 'Lightning App Builder', true, 0, now(), now());
INSERT INTO "Answer" ("id", "questionId", "content", "isCorrect", "sortOrder", "createdAt", "updatedAt") VALUES ('284df539-1835-4627-a433-c333c0d1c642', '2facdda5-fb98-4659-8a76-29716aa3c308', 'Apex triggers', false, 1, now(), now());
INSERT INTO "Answer" ("id", "questionId", "content", "isCorrect", "sortOrder", "createdAt", "updatedAt") VALUES ('b0021ec4-7790-48cf-b0eb-edd196617758', '2facdda5-fb98-4659-8a76-29716aa3c308', 'Data Loader', false, 2, now(), now());
INSERT INTO "Answer" ("id", "questionId", "content", "isCorrect", "sortOrder", "createdAt", "updatedAt") VALUES ('93e91e1f-c5cb-474e-a0ea-67b49102edfc', '2facdda5-fb98-4659-8a76-29716aa3c308', 'Developer Console', false, 3, now(), now());
INSERT INTO "Question" ("id", "examId", "topicId", "content", "codeSnippet", "type", "difficulty", "explanation", "referenceUrl", "isPremium", "isActive", "createdAt", "updatedAt") VALUES ('0c9f9329-4b46-4611-914b-44929387233f', '003f2098-cb83-416f-a53e-ff07cacd3c9c', 'd3e530b9-c6c8-4aa8-aba2-614d52131a85', 'An admin wants to add a custom tab to a Lightning page without code. Which tool should be used? Choose 1 answer.', NULL, 'SINGLE_CHOICE', 2, 'Lightning App Builder lets admins compose pages declaratively.', 'https://developer.salesforce.com/docs/platform/lwc/guide/get-started-introduction', false, true, now(), now());
INSERT INTO "Answer" ("id", "questionId", "content", "isCorrect", "sortOrder", "createdAt", "updatedAt") VALUES ('ad34433e-698a-4acc-ab40-d623c028a5b5', '0c9f9329-4b46-4611-914b-44929387233f', 'Lightning App Builder', true, 0, now(), now());
INSERT INTO "Answer" ("id", "questionId", "content", "isCorrect", "sortOrder", "createdAt", "updatedAt") VALUES ('0bffb378-334c-4dec-978e-87d1b2bd7e59', '0c9f9329-4b46-4611-914b-44929387233f', 'Apex triggers', false, 1, now(), now());
INSERT INTO "Answer" ("id", "questionId", "content", "isCorrect", "sortOrder", "createdAt", "updatedAt") VALUES ('176ca8f6-b790-4349-997e-1e4368b3351a', '0c9f9329-4b46-4611-914b-44929387233f', 'Data Loader', false, 2, now(), now());
INSERT INTO "Answer" ("id", "questionId", "content", "isCorrect", "sortOrder", "createdAt", "updatedAt") VALUES ('db546084-e293-4d93-9017-3e792817b780', '0c9f9329-4b46-4611-914b-44929387233f', 'Developer Console', false, 3, now(), now());
INSERT INTO "Question" ("id", "examId", "topicId", "content", "codeSnippet", "type", "difficulty", "explanation", "referenceUrl", "isPremium", "isActive", "createdAt", "updatedAt") VALUES ('30a775b3-19c1-4368-b2a4-329a4ede91e2', '003f2098-cb83-416f-a53e-ff07cacd3c9c', 'd3e530b9-c6c8-4aa8-aba2-614d52131a85', 'An admin wants to configure a Home page layout without code. Which tool should be used? Choose 1 answer.', NULL, 'SINGLE_CHOICE', 2, 'Lightning App Builder lets admins compose pages declaratively.', 'https://developer.salesforce.com/docs/platform/lwc/guide/get-started-introduction', false, true, now(), now());
INSERT INTO "Answer" ("id", "questionId", "content", "isCorrect", "sortOrder", "createdAt", "updatedAt") VALUES ('f734c809-377e-4524-babd-6d587966edbc', '30a775b3-19c1-4368-b2a4-329a4ede91e2', 'Lightning App Builder', true, 0, now(), now());
INSERT INTO "Answer" ("id", "questionId", "content", "isCorrect", "sortOrder", "createdAt", "updatedAt") VALUES ('f370372e-6699-4e49-a88c-b4a547d32765', '30a775b3-19c1-4368-b2a4-329a4ede91e2', 'Apex triggers', false, 1, now(), now());
INSERT INTO "Answer" ("id", "questionId", "content", "isCorrect", "sortOrder", "createdAt", "updatedAt") VALUES ('61512b6d-4784-48a4-8180-4f50c10cc9df', '30a775b3-19c1-4368-b2a4-329a4ede91e2', 'Data Loader', false, 2, now(), now());
INSERT INTO "Answer" ("id", "questionId", "content", "isCorrect", "sortOrder", "createdAt", "updatedAt") VALUES ('59c11ed6-672d-467b-97e8-95c8f53f5f57', '30a775b3-19c1-4368-b2a4-329a4ede91e2', 'Developer Console', false, 3, now(), now());
INSERT INTO "Question" ("id", "examId", "topicId", "content", "codeSnippet", "type", "difficulty", "explanation", "referenceUrl", "isPremium", "isActive", "createdAt", "updatedAt") VALUES ('ee1f1923-9a8c-418a-967a-6af850d5f192', '003f2098-cb83-416f-a53e-ff07cacd3c9c', 'd3e530b9-c6c8-4aa8-aba2-614d52131a85', 'An admin wants to place a component on an App page without code. Which tool should be used? Choose 1 answer.', NULL, 'SINGLE_CHOICE', 2, 'Lightning App Builder lets admins compose pages declaratively.', 'https://developer.salesforce.com/docs/platform/lwc/guide/get-started-introduction', false, true, now(), now());
INSERT INTO "Answer" ("id", "questionId", "content", "isCorrect", "sortOrder", "createdAt", "updatedAt") VALUES ('06531b28-d4c0-409b-9622-e38782727886', 'ee1f1923-9a8c-418a-967a-6af850d5f192', 'Lightning App Builder', true, 0, now(), now());
INSERT INTO "Answer" ("id", "questionId", "content", "isCorrect", "sortOrder", "createdAt", "updatedAt") VALUES ('eebc3149-4b0d-4689-a52a-252454c1df43', 'ee1f1923-9a8c-418a-967a-6af850d5f192', 'Apex triggers', false, 1, now(), now());
INSERT INTO "Answer" ("id", "questionId", "content", "isCorrect", "sortOrder", "createdAt", "updatedAt") VALUES ('c2a3ed32-c0f8-4e4b-a652-939d1e7f46a7', 'ee1f1923-9a8c-418a-967a-6af850d5f192', 'Data Loader', false, 2, now(), now());
INSERT INTO "Answer" ("id", "questionId", "content", "isCorrect", "sortOrder", "createdAt", "updatedAt") VALUES ('577e1be4-a2bc-4010-aa7f-b78d9ca10eab', 'ee1f1923-9a8c-418a-967a-6af850d5f192', 'Developer Console', false, 3, now(), now());
INSERT INTO "Question" ("id", "examId", "topicId", "content", "codeSnippet", "type", "difficulty", "explanation", "referenceUrl", "isPremium", "isActive", "createdAt", "updatedAt") VALUES ('93882753-c98f-47b9-8fa3-83d4223a73f6', '003f2098-cb83-416f-a53e-ff07cacd3c9c', 'd3e530b9-c6c8-4aa8-aba2-614d52131a85', 'An LWC calls an Apex method to fetch a read-only list of Accounts. Which annotation should be used for optimal performance? Choose 1 answer.', NULL, 'SINGLE_CHOICE', 3, 'Use @AuraEnabled(cacheable=true) for read-only methods called via @wire in LWC.', 'https://developer.salesforce.com/docs/platform/lwc/guide/get-started-introduction', false, true, now(), now());
INSERT INTO "Answer" ("id", "questionId", "content", "isCorrect", "sortOrder", "createdAt", "updatedAt") VALUES ('446b4135-7748-4e52-850b-799943c1d908', '93882753-c98f-47b9-8fa3-83d4223a73f6', '@AuraEnabled(cacheable=true)', true, 0, now(), now());
INSERT INTO "Answer" ("id", "questionId", "content", "isCorrect", "sortOrder", "createdAt", "updatedAt") VALUES ('b7a8eb84-8a86-4669-b9cb-ae628adc5d1c', '93882753-c98f-47b9-8fa3-83d4223a73f6', '@AuraEnabled', false, 1, now(), now());
INSERT INTO "Answer" ("id", "questionId", "content", "isCorrect", "sortOrder", "createdAt", "updatedAt") VALUES ('0a34bf05-cf2b-4e28-8e0b-8d63d73126b4', '93882753-c98f-47b9-8fa3-83d4223a73f6', '@InvocableMethod', false, 2, now(), now());
INSERT INTO "Answer" ("id", "questionId", "content", "isCorrect", "sortOrder", "createdAt", "updatedAt") VALUES ('0f958edb-1d9b-4b04-8378-95ffd696e5f6', '93882753-c98f-47b9-8fa3-83d4223a73f6', '@TestVisible', false, 3, now(), now());
INSERT INTO "Question" ("id", "examId", "topicId", "content", "codeSnippet", "type", "difficulty", "explanation", "referenceUrl", "isPremium", "isActive", "createdAt", "updatedAt") VALUES ('a58a7704-4543-4cc8-9927-c051a5bfbb97', '003f2098-cb83-416f-a53e-ff07cacd3c9c', 'd3e530b9-c6c8-4aa8-aba2-614d52131a85', 'An LWC calls an Apex method to fetch a read-only list of Contacts. Which annotation should be used for optimal performance? Choose 1 answer.', NULL, 'SINGLE_CHOICE', 3, 'Use @AuraEnabled(cacheable=true) for read-only methods called via @wire in LWC.', 'https://developer.salesforce.com/docs/platform/lwc/guide/get-started-introduction', false, true, now(), now());
INSERT INTO "Answer" ("id", "questionId", "content", "isCorrect", "sortOrder", "createdAt", "updatedAt") VALUES ('d89de880-80d3-4098-8786-642fc8d9cd4a', 'a58a7704-4543-4cc8-9927-c051a5bfbb97', '@AuraEnabled(cacheable=true)', true, 0, now(), now());
INSERT INTO "Answer" ("id", "questionId", "content", "isCorrect", "sortOrder", "createdAt", "updatedAt") VALUES ('edf58555-0648-458d-9ca9-76594a1e169c', 'a58a7704-4543-4cc8-9927-c051a5bfbb97', '@AuraEnabled', false, 1, now(), now());
INSERT INTO "Answer" ("id", "questionId", "content", "isCorrect", "sortOrder", "createdAt", "updatedAt") VALUES ('25fa9fbe-4a6f-43db-a24a-89bf19cab4d1', 'a58a7704-4543-4cc8-9927-c051a5bfbb97', '@InvocableMethod', false, 2, now(), now());
INSERT INTO "Answer" ("id", "questionId", "content", "isCorrect", "sortOrder", "createdAt", "updatedAt") VALUES ('e57c4862-25ad-44f1-90fa-5065d70aa3b3', 'a58a7704-4543-4cc8-9927-c051a5bfbb97', '@TestVisible', false, 3, now(), now());
INSERT INTO "Question" ("id", "examId", "topicId", "content", "codeSnippet", "type", "difficulty", "explanation", "referenceUrl", "isPremium", "isActive", "createdAt", "updatedAt") VALUES ('0bba7256-4ca4-4186-b5dc-8b84e7c240c0', '003f2098-cb83-416f-a53e-ff07cacd3c9c', 'd3e530b9-c6c8-4aa8-aba2-614d52131a85', 'An LWC calls an Apex method to fetch a read-only summary data. Which annotation should be used for optimal performance? Choose 1 answer.', NULL, 'SINGLE_CHOICE', 3, 'Use @AuraEnabled(cacheable=true) for read-only methods called via @wire in LWC.', 'https://developer.salesforce.com/docs/platform/lwc/guide/get-started-introduction', false, true, now(), now());
INSERT INTO "Answer" ("id", "questionId", "content", "isCorrect", "sortOrder", "createdAt", "updatedAt") VALUES ('541abbf4-a5f2-4230-b1c3-b3092fc6a633', '0bba7256-4ca4-4186-b5dc-8b84e7c240c0', '@AuraEnabled(cacheable=true)', true, 0, now(), now());
INSERT INTO "Answer" ("id", "questionId", "content", "isCorrect", "sortOrder", "createdAt", "updatedAt") VALUES ('c484ac5e-763b-40eb-bd54-9e8beb99be15', '0bba7256-4ca4-4186-b5dc-8b84e7c240c0', '@AuraEnabled', false, 1, now(), now());
INSERT INTO "Answer" ("id", "questionId", "content", "isCorrect", "sortOrder", "createdAt", "updatedAt") VALUES ('01a980cd-9c67-48bd-aa7a-973e23fc8a18', '0bba7256-4ca4-4186-b5dc-8b84e7c240c0', '@InvocableMethod', false, 2, now(), now());
INSERT INTO "Answer" ("id", "questionId", "content", "isCorrect", "sortOrder", "createdAt", "updatedAt") VALUES ('6028edd6-aee9-41fb-b547-04d6d14f8eeb', '0bba7256-4ca4-4186-b5dc-8b84e7c240c0', '@TestVisible', false, 3, now(), now());
INSERT INTO "Question" ("id", "examId", "topicId", "content", "codeSnippet", "type", "difficulty", "explanation", "referenceUrl", "isPremium", "isActive", "createdAt", "updatedAt") VALUES ('3d1cee25-a295-4ba6-88e3-35a84e32538a', '003f2098-cb83-416f-a53e-ff07cacd3c9c', 'd3e530b9-c6c8-4aa8-aba2-614d52131a85', 'An LWC calls an Apex method to fetch a read-only search results. Which annotation should be used for optimal performance? Choose 1 answer.', NULL, 'SINGLE_CHOICE', 3, 'Use @AuraEnabled(cacheable=true) for read-only methods called via @wire in LWC.', 'https://developer.salesforce.com/docs/platform/lwc/guide/get-started-introduction', false, true, now(), now());
INSERT INTO "Answer" ("id", "questionId", "content", "isCorrect", "sortOrder", "createdAt", "updatedAt") VALUES ('d7855d4f-dbb7-4cc5-b0f2-1fd5ede940a9', '3d1cee25-a295-4ba6-88e3-35a84e32538a', '@AuraEnabled(cacheable=true)', true, 0, now(), now());
INSERT INTO "Answer" ("id", "questionId", "content", "isCorrect", "sortOrder", "createdAt", "updatedAt") VALUES ('95c9c709-3244-4441-a04a-f8fe7bcab358', '3d1cee25-a295-4ba6-88e3-35a84e32538a', '@AuraEnabled', false, 1, now(), now());
INSERT INTO "Answer" ("id", "questionId", "content", "isCorrect", "sortOrder", "createdAt", "updatedAt") VALUES ('b36cc40d-3551-4df9-b6e5-8619f16445e5', '3d1cee25-a295-4ba6-88e3-35a84e32538a', '@InvocableMethod', false, 2, now(), now());
INSERT INTO "Answer" ("id", "questionId", "content", "isCorrect", "sortOrder", "createdAt", "updatedAt") VALUES ('989d5de2-bc58-49c4-bdad-298157bde18b', '3d1cee25-a295-4ba6-88e3-35a84e32538a', '@TestVisible', false, 3, now(), now());
INSERT INTO "Question" ("id", "examId", "topicId", "content", "codeSnippet", "type", "difficulty", "explanation", "referenceUrl", "isPremium", "isActive", "createdAt", "updatedAt") VALUES ('85d9ea19-571f-407d-92be-c26ebe42a07b', '003f2098-cb83-416f-a53e-ff07cacd3c9c', 'd3e530b9-c6c8-4aa8-aba2-614d52131a85', 'An LWC calls an Apex method to fetch a read-only dashboard data. Which annotation should be used for optimal performance? Choose 1 answer.', NULL, 'SINGLE_CHOICE', 3, 'Use @AuraEnabled(cacheable=true) for read-only methods called via @wire in LWC.', 'https://developer.salesforce.com/docs/platform/lwc/guide/get-started-introduction', false, true, now(), now());
INSERT INTO "Answer" ("id", "questionId", "content", "isCorrect", "sortOrder", "createdAt", "updatedAt") VALUES ('d3f5ced3-3954-4c23-ab50-9914ac133600', '85d9ea19-571f-407d-92be-c26ebe42a07b', '@AuraEnabled(cacheable=true)', true, 0, now(), now());
INSERT INTO "Answer" ("id", "questionId", "content", "isCorrect", "sortOrder", "createdAt", "updatedAt") VALUES ('8b9f99c0-2cdf-48ac-9b0b-d7958b6c15b9', '85d9ea19-571f-407d-92be-c26ebe42a07b', '@AuraEnabled', false, 1, now(), now());
INSERT INTO "Answer" ("id", "questionId", "content", "isCorrect", "sortOrder", "createdAt", "updatedAt") VALUES ('08f6adf0-6e2f-4fea-8505-b9509bfa1e82', '85d9ea19-571f-407d-92be-c26ebe42a07b', '@InvocableMethod', false, 2, now(), now());
INSERT INTO "Answer" ("id", "questionId", "content", "isCorrect", "sortOrder", "createdAt", "updatedAt") VALUES ('71c8c892-a84e-4b81-8365-cd5f27e20dd6', '85d9ea19-571f-407d-92be-c26ebe42a07b', '@TestVisible', false, 3, now(), now());
INSERT INTO "Question" ("id", "examId", "topicId", "content", "codeSnippet", "type", "difficulty", "explanation", "referenceUrl", "isPremium", "isActive", "createdAt", "updatedAt") VALUES ('ce030613-486d-41f1-9c38-cf0fa58fd908', '003f2098-cb83-416f-a53e-ff07cacd3c9c', 'd3e530b9-c6c8-4aa8-aba2-614d52131a85', 'An LWC should call Apex in response to a button click rather than automatically. Which approach should be used? Choose 1 answer.', NULL, 'SINGLE_CHOICE', 3, 'Imperative Apex calls run on-demand, such as in response to user actions.', 'https://developer.salesforce.com/docs/platform/lwc/guide/get-started-introduction', false, true, now(), now());
INSERT INTO "Answer" ("id", "questionId", "content", "isCorrect", "sortOrder", "createdAt", "updatedAt") VALUES ('defb24b7-c59b-4db1-916f-c146a6764c8c', 'ce030613-486d-41f1-9c38-cf0fa58fd908', 'Imperative Apex call from JavaScript', true, 0, now(), now());
INSERT INTO "Answer" ("id", "questionId", "content", "isCorrect", "sortOrder", "createdAt", "updatedAt") VALUES ('446572b3-7643-4ab3-931a-2576a6f10756', 'ce030613-486d-41f1-9c38-cf0fa58fd908', '@wire with cacheable=true', false, 1, now(), now());
INSERT INTO "Answer" ("id", "questionId", "content", "isCorrect", "sortOrder", "createdAt", "updatedAt") VALUES ('1e6a72fb-b5e4-44c0-a8b1-8a9e959cd07f', 'ce030613-486d-41f1-9c38-cf0fa58fd908', 'Apex trigger', false, 2, now(), now());
INSERT INTO "Answer" ("id", "questionId", "content", "isCorrect", "sortOrder", "createdAt", "updatedAt") VALUES ('a058217c-13ca-4b89-a64f-604662c48be6', 'ce030613-486d-41f1-9c38-cf0fa58fd908', 'Workflow rule', false, 3, now(), now());
INSERT INTO "Question" ("id", "examId", "topicId", "content", "codeSnippet", "type", "difficulty", "explanation", "referenceUrl", "isPremium", "isActive", "createdAt", "updatedAt") VALUES ('ce2827f6-5b86-42ff-99f4-ec5792b90af4', '003f2098-cb83-416f-a53e-ff07cacd3c9c', 'd3e530b9-c6c8-4aa8-aba2-614d52131a85', 'An LWC should call Apex in response to a menu selection rather than automatically. Which approach should be used? Choose 1 answer.', NULL, 'SINGLE_CHOICE', 3, 'Imperative Apex calls run on-demand, such as in response to user actions.', 'https://developer.salesforce.com/docs/platform/lwc/guide/get-started-introduction', false, true, now(), now());
INSERT INTO "Answer" ("id", "questionId", "content", "isCorrect", "sortOrder", "createdAt", "updatedAt") VALUES ('00c48180-aeaf-4364-8196-861f88a2f0e3', 'ce2827f6-5b86-42ff-99f4-ec5792b90af4', 'Imperative Apex call from JavaScript', true, 0, now(), now());
INSERT INTO "Answer" ("id", "questionId", "content", "isCorrect", "sortOrder", "createdAt", "updatedAt") VALUES ('7060d0b7-909c-4138-a7db-280d4b4ac50c', 'ce2827f6-5b86-42ff-99f4-ec5792b90af4', '@wire with cacheable=true', false, 1, now(), now());
INSERT INTO "Answer" ("id", "questionId", "content", "isCorrect", "sortOrder", "createdAt", "updatedAt") VALUES ('0f399fcf-20fd-4479-a634-fb1dbe8ca340', 'ce2827f6-5b86-42ff-99f4-ec5792b90af4', 'Apex trigger', false, 2, now(), now());
INSERT INTO "Answer" ("id", "questionId", "content", "isCorrect", "sortOrder", "createdAt", "updatedAt") VALUES ('8e1ebbde-71a2-4ee4-a8d5-028bccfd39fa', 'ce2827f6-5b86-42ff-99f4-ec5792b90af4', 'Workflow rule', false, 3, now(), now());
INSERT INTO "Question" ("id", "examId", "topicId", "content", "codeSnippet", "type", "difficulty", "explanation", "referenceUrl", "isPremium", "isActive", "createdAt", "updatedAt") VALUES ('161044a8-581d-4876-aff1-71cffd2db368', '003f2098-cb83-416f-a53e-ff07cacd3c9c', 'd3e530b9-c6c8-4aa8-aba2-614d52131a85', 'An LWC should call Apex in response to a custom modal save action rather than automatically. Which approach should be used? Choose 1 answer.', NULL, 'SINGLE_CHOICE', 3, 'Imperative Apex calls run on-demand, such as in response to user actions.', 'https://developer.salesforce.com/docs/platform/lwc/guide/get-started-introduction', false, true, now(), now());
INSERT INTO "Answer" ("id", "questionId", "content", "isCorrect", "sortOrder", "createdAt", "updatedAt") VALUES ('de0eaffe-9033-4ff9-ba86-d89989428c16', '161044a8-581d-4876-aff1-71cffd2db368', 'Imperative Apex call from JavaScript', true, 0, now(), now());
INSERT INTO "Answer" ("id", "questionId", "content", "isCorrect", "sortOrder", "createdAt", "updatedAt") VALUES ('53edd279-9399-4856-96ca-0d07c10a7702', '161044a8-581d-4876-aff1-71cffd2db368', '@wire with cacheable=true', false, 1, now(), now());
INSERT INTO "Answer" ("id", "questionId", "content", "isCorrect", "sortOrder", "createdAt", "updatedAt") VALUES ('02eb46e4-7686-425a-b0e0-08a0eb3b0836', '161044a8-581d-4876-aff1-71cffd2db368', 'Apex trigger', false, 2, now(), now());
INSERT INTO "Answer" ("id", "questionId", "content", "isCorrect", "sortOrder", "createdAt", "updatedAt") VALUES ('08797861-1041-4830-a221-e9001c63de84', '161044a8-581d-4876-aff1-71cffd2db368', 'Workflow rule', false, 3, now(), now());
INSERT INTO "Question" ("id", "examId", "topicId", "content", "codeSnippet", "type", "difficulty", "explanation", "referenceUrl", "isPremium", "isActive", "createdAt", "updatedAt") VALUES ('f4f8356a-9c63-42fa-8cf4-b029eaa06204', '003f2098-cb83-416f-a53e-ff07cacd3c9c', 'd3e530b9-c6c8-4aa8-aba2-614d52131a85', 'An LWC should call Apex in response to a user-triggered refresh rather than automatically. Which approach should be used? Choose 1 answer.', NULL, 'SINGLE_CHOICE', 3, 'Imperative Apex calls run on-demand, such as in response to user actions.', 'https://developer.salesforce.com/docs/platform/lwc/guide/get-started-introduction', false, true, now(), now());
INSERT INTO "Answer" ("id", "questionId", "content", "isCorrect", "sortOrder", "createdAt", "updatedAt") VALUES ('a4c2aaf6-1e76-46ce-9635-b8aa3b2b7100', 'f4f8356a-9c63-42fa-8cf4-b029eaa06204', 'Imperative Apex call from JavaScript', true, 0, now(), now());
INSERT INTO "Answer" ("id", "questionId", "content", "isCorrect", "sortOrder", "createdAt", "updatedAt") VALUES ('a13b4534-a1f5-4517-b54d-1f00b1883b4b', 'f4f8356a-9c63-42fa-8cf4-b029eaa06204', '@wire with cacheable=true', false, 1, now(), now());
INSERT INTO "Answer" ("id", "questionId", "content", "isCorrect", "sortOrder", "createdAt", "updatedAt") VALUES ('28870b68-dfdd-4fe0-8fa3-a2441ef98bee', 'f4f8356a-9c63-42fa-8cf4-b029eaa06204', 'Apex trigger', false, 2, now(), now());
INSERT INTO "Answer" ("id", "questionId", "content", "isCorrect", "sortOrder", "createdAt", "updatedAt") VALUES ('6353c7c0-9e71-4685-ba24-a3fb5f2555c7', 'f4f8356a-9c63-42fa-8cf4-b029eaa06204', 'Workflow rule', false, 3, now(), now());
INSERT INTO "Question" ("id", "examId", "topicId", "content", "codeSnippet", "type", "difficulty", "explanation", "referenceUrl", "isPremium", "isActive", "createdAt", "updatedAt") VALUES ('d31ab538-8972-4fd6-9267-69361f2d87e6', '003f2098-cb83-416f-a53e-ff07cacd3c9c', 'd3e530b9-c6c8-4aa8-aba2-614d52131a85', 'An LWC should call Apex in response to a form submit event rather than automatically. Which approach should be used? Choose 1 answer.', NULL, 'SINGLE_CHOICE', 3, 'Imperative Apex calls run on-demand, such as in response to user actions.', 'https://developer.salesforce.com/docs/platform/lwc/guide/get-started-introduction', false, true, now(), now());
INSERT INTO "Answer" ("id", "questionId", "content", "isCorrect", "sortOrder", "createdAt", "updatedAt") VALUES ('36d9a524-a9f8-4df3-b68e-d343852a8fa6', 'd31ab538-8972-4fd6-9267-69361f2d87e6', 'Imperative Apex call from JavaScript', true, 0, now(), now());
INSERT INTO "Answer" ("id", "questionId", "content", "isCorrect", "sortOrder", "createdAt", "updatedAt") VALUES ('5998a45c-5e4c-4bbd-85ca-b09f5c5a00a6', 'd31ab538-8972-4fd6-9267-69361f2d87e6', '@wire with cacheable=true', false, 1, now(), now());
INSERT INTO "Answer" ("id", "questionId", "content", "isCorrect", "sortOrder", "createdAt", "updatedAt") VALUES ('93c02ee5-a3d2-4746-8053-36e750f979dd', 'd31ab538-8972-4fd6-9267-69361f2d87e6', 'Apex trigger', false, 2, now(), now());
INSERT INTO "Answer" ("id", "questionId", "content", "isCorrect", "sortOrder", "createdAt", "updatedAt") VALUES ('784fcc90-224f-4015-992f-30930040cfd1', 'd31ab538-8972-4fd6-9267-69361f2d87e6', 'Workflow rule', false, 3, now(), now());
COMMIT;
